ID,DateFounded,Headquarters,Type,Industry,F1,F2,F3,F4,F5,F6,F7,F8,F9,F10,F11,F12,F13,F14,F15,F16,F17,F18,F19,F20,F21,F22,F23,F24,F25,F26,F27,F28,F29,F30,AnnualRevenue
Company1,12/07/2004,Los Angeles,Non-Tech,Services,4,3.0,4.0,4.0,2,2,5,4,5,5,3,5,5.0,3,2,0,1,3,5,5,2,2,5,0,1,0.0,0.0,2.0,2.0,0,
Company2,01/17/2012,San Francisco,Tech,Services,2,7.5,4.0,4.0,2,2,5,5,5,5,2,5,7.5,0,2,4,0,0,1,4,1,3,25,0,2,0.0,0.0,4.0,2.0,0,
Company3,09/09/2005,Chicago,Non-Tech,Services,4,5.0,4.0,5.0,1,5,5,4,4,4,3,3,4.0,3,0,0,5,5,4,5,1,3,4,5,0,5.0,0.0,3.0,3.0,3,
Company4,02/19/2004,Chicago,Non-Tech,Finance,2,5.0,4.0,4.0,2,3,5,5,5,5,1,5,5.0,0,0,0,0,0,1,1,1,2,3,0,0,0.0,0.0,4.0,3.0,0,
Company5,02/09/2000,Tucson,Non-Tech,Other,3,4.0,4.0,4.0,1,2,5,5,4,5,2,5,5.0,0,0,0,0,0,2,1,1,2,1,0,0,0.0,0.0,1.0,3.0,0,
Company6,01/23/2009,Seattle,Non-Tech,Finance,2,4.0,4.0,4.0,1,1,5,4,5,5,3,5,5.0,0,0,0,0,0,2,1,1,1,1,0,0,0.0,0.0,1.0,3.0,0,
Company7,11/14/2012,Boston,Non-Tech,Services,4,4.0,4.0,4.0,2,2,5,4,5,5,3,5,5.0,3,2,4,2,4,4,5,1,3,3,2,2,2.0,3.0,3.0,2.0,5,
Company8,10/04/2000,San Jose,Tech,Services,9,4.0,5.0,3.0,1,4,10,3,5,8,5,5,3.0,3,4,15,1,15,2,15,3,1,5,3,0,0.0,0.0,2.0,2.5,5,
Company9,07/14/2007,Houston,Non-Tech,Finance,1,4.0,5.0,4.0,2,3,1,5,5,5,1,5,5.0,0,0,0,0,0,2,1,1,1,1,2,0,0.0,0.0,1.0,3.0,0,
Company10,01/22/2013,San Francisco,Tech,Finance,12,5.0,3.0,4.0,1,2,2,4,10,10,4,4,7.5,0,0,0,0,0,10,5,2,2,4,0,10,12.5,10.0,12.5,10.0,15,
Company11,07/30/2010,San Francisco,Tech,Services,5,5.0,4.0,4.0,1,4,5,4,4,4,2,3,4.0,4,2,3,0,0,1,2,5,3,4,0,0,0.0,5.0,3.0,3.0,0,
Company12,01/22/2013,New York,Tech,Finance,4,7.5,4.0,6.0,2,2,5,3,10,5,6,10,5.0,9,0,12,0,0,5,5,5,5,5,0,10,0.0,10.0,12.5,10.0,15,
Company13,09/28/2008,Chicago,Non-Tech,Services,5,4.0,4.0,4.0,2,4,5,5,4,4,2,5,5.0,0,5,0,0,0,5,1,3,1,1,2,0,0.0,0.0,5.0,0.0,0,
Company14,08/02/2011,Bellevue,Non-Tech,Services,3,3.0,5.0,4.0,2,3,5,4,5,5,1,5,5.0,2,1,3,1,4,5,2,1,1,5,2,1,0.0,0.0,3.0,1.0,0,
Company15,09/09/2012,Boston,Non-Tech,Services,3,4.0,5.0,4.0,2,2,5,4,5,5,4,5,5.0,5,4,5,5,4,5,5,4,2,5,1,1,1.0,0.0,2.0,3.0,5,47585000.0
Company16,10/21/2011,New York,Tech,Finance,2,3.0,4.0,3.0,1,4,5,5,5,5,2,5,5.0,0,0,0,0,0,3,2,1,1,1,0,0,0.0,0.0,3.0,3.0,0,
Company17,08/24/1996,San Jose,Tech,Services,2,5.0,4.0,4.0,2,2,5,4,5,5,5,2,5.0,3,0,4,1,0,4,5,1,1,1,0,0,5.0,0.0,1.0,1.0,0,
Company18,08/08/2013,Minneapolis,Non-Tech,Services,9,6.0,4.5,7.5,4,4,10,10,10,5,4,10,7.5,0,0,0,0,0,10,3,3,1,5,0,0,0.0,0.0,2.0,7.5,0,
Company19,11/16/2011,Indianapolis,Non-Tech,Services,6,4.5,6.0,7.5,6,4,10,10,10,10,2,10,7.5,0,0,0,0,0,25,3,3,1,10,0,0,0.0,0.0,5.0,2.5,0,54442000.0
Company20,05/01/1998,San Francisco,Tech,Services,4,5.0,4.0,5.0,2,2,5,4,4,5,5,3,5.0,4,3,4,5,4,2,5,5,5,3,0,5,5.0,0.0,4.0,2.0,0,
Company21,10/06/2006,Miami,Non-Tech,Finance,2,5.0,4.0,4.0,2,1,2,4,4,5,3,5,5.0,0,0,0,0,0,3,3,1,1,1,0,0,0.0,0.0,3.0,3.0,0,
Company22,08/07/2013,New York,Tech,Finance,6,4.5,6.0,6.0,2,2,5,6,8,8,10,6,6.0,0,0,0,0,0,10,12,6,2,10,0,0,0.0,0.0,5.0,7.5,0,
Company23,11/22/2007,Los Angeles,Non-Tech,Finance,6,6.0,6.0,6.0,2,6,10,10,10,10,2,5,7.5,0,0,0,0,1,5,6,1,1,5,1,0,0.0,0.0,5.0,7.5,0,
Company24,12/23/2005,Boulder,Non-Tech,Services,5,5.0,4.0,4.0,2,3,5,5,4,5,2,5,5.0,0,4,0,4,4,5,5,2,4,3,3,3,1.0,4.0,5.0,3.0,0,
Company25,11/22/2007,San Francisco,Tech,Finance,6,4.5,6.0,6.0,2,6,5,10,10,10,10,10,7.5,0,0,0,0,0,5,6,6,1,5,8,0,0.0,0.0,5.0,7.5,0,
Company26,05/03/2009,Detroit,Non-Tech,Finance,2,5.0,4.0,3.0,1,2,5,5,4,5,3,5,5.0,0,0,0,0,0,5,4,5,3,4,0,0,0.0,0.0,2.0,2.0,0,
Company27,03/28/2009,San Jose,Tech,Services,2,3.0,4.0,3.0,2,1,4,3,4,5,3,5,5.0,3,2,3,1,3,2,4,2,2,1,5,5,5.0,3.0,2.0,3.0,3,
Company28,03/15/2011,Boulder,Non-Tech,Services,2,3.0,4.0,4.0,1,2,5,4,4,4,1,3,4.0,0,2,4,2,4,5,5,2,2,3,5,3,2.0,1.0,2.0,3.0,3,
Company29,05/03/2013,Los Angeles,Non-Tech,Services,4,5.0,5.0,4.0,2,2,3,3,4,4,1,5,4.0,3,4,3,0,1,2,1,2,3,1,0,0,3.0,4.0,2.0,3.0,4,
Company30,05/01/2013,San Diego,Non-Tech,Finance,12,4.0,4.0,3.0,1,1,5,5,10,5,6,5,7.5,0,0,0,0,0,10,15,2,4,10,0,0,0.0,0.0,1.0,2.0,0,
Company31,10/04/2013,San Francisco,Tech,Finance,12,7.5,4.5,6.0,4,4,10,8,4,10,10,8,7.5,0,0,0,0,0,20,15,15,1,15,0,0,0.0,0.0,5.0,7.5,0,
Company32,09/01/2010,San Francisco,Tech,Finance,12,7.5,3.0,5.0,2,1,1,4,4,8,3,3,5.0,0,0,15,0,12,1,1,12,1,1,6,0,0.0,0.0,2.0,3.0,0,
Company33,09/03/2010,San Francisco,Tech,Finance,3,4.0,4.0,4.0,2,2,5,5,5,5,1,4,5.0,0,0,0,0,0,1,5,1,4,3,0,0,0.0,0.0,5.0,2.0,0,
Company34,04/10/1997,San Francisco,Tech,Services,12,7.5,6.0,7.5,2,8,10,8,8,8,10,6,6.0,15,8,12,6,9,25,15,9,5,15,6,10,10.0,5.0,12.5,2.5,25,42866000.0
Company35,10/06/2007,Los Angeles,Non-Tech,Finance,3,4.0,5.0,3.0,2,2,10,8,5,5,3,5,5.0,0,0,0,0,0,2,12,1,1,1,0,0,0.0,0.0,2.0,3.0,0,
Company36,09/26/2003,"Washington, D.C.",Non-Tech,Finance,3,4.0,5.0,3.0,1,3,5,5,5,5,2,5,5.0,0,0,0,0,0,3,3,2,2,1,0,0,0.0,0.0,3.0,3.0,0,
Company37,10/15/2012,San Francisco,Tech,Services,3,5.0,4.0,4.0,2,1,5,5,5,5,2,5,5.0,3,0,0,0,3,3,4,2,1,4,3,4,2.0,0.0,5.0,1.0,5,
Company38,08/20/2004,San Francisco,Tech,Services,4,5.0,5.0,3.0,1,5,5,5,5,5,2,5,5.0,1,2,4,1,3,2,5,4,2,2,3,2,2.0,0.0,2.0,2.0,5,
Company39,02/27/2013,Miami,Non-Tech,Finance,4,5.0,4.0,4.0,2,4,3,4,5,4,3,5,4.0,0,0,3,0,0,3,3,1,1,2,0,0,0.0,0.0,1.0,3.0,0,
Company40,11/29/2008,Atlanta,Non-Tech,Finance,2,3.0,6.0,4.0,1,3,5,4,5,4,3,5,4.0,9,2,0,0,0,3,4,1,3,3,0,0,0.0,2.0,2.0,3.0,5,
Company41,11/25/2011,Philadelphia,Non-Tech,Finance,3,4.0,3.0,4.0,2,2,5,5,5,5,1,5,5.0,0,0,0,0,0,3,1,1,1,1,0,0,0.0,0.0,1.0,3.0,0,
Company42,05/06/2013,Atlanta,Non-Tech,Services,9,6.0,4.0,4.0,1,3,5,5,5,5,3,10,5.0,0,0,0,0,0,3,15,1,2,1,0,0,0.0,0.0,2.0,3.0,0,
Company43,04/14/2009,Los Angeles,Non-Tech,Finance,5,5.0,4.0,5.0,2,4,5,5,4,4,5,8,4.0,0,4,12,0,0,5,5,3,1,3,0,0,0.0,12.5,2.0,7.5,0,
Company44,08/18/2005,New York,Tech,Other,1,3.0,0.0,5.0,5,5,1,5,5,5,2,5,5.0,0,0,0,0,0,1,2,2,1,2,0,0,0.0,0.0,2.0,3.0,0,38100000.0
Company45,11/14/2012,San Francisco,Tech,Finance,4,5.0,4.0,6.0,4,2,10,4,10,10,3,10,5.0,3,4,5,0,4,4,15,1,5,1,3,0,2.0,3.0,7.5,3.0,5,
Company46,11/17/1995,Philadelphia,Non-Tech,Finance,4,5.0,5.0,4.0,1,5,5,4,4,4,2,4,4.0,0,0,0,0,0,3,5,3,2,2,0,0,0.0,0.0,4.0,2.0,0,
Company47,09/10/1998,New York,Tech,Other,5,5.0,4.0,4.0,2,2,5,4,4,4,4,3,4.0,0,0,0,0,5,4,5,1,3,1,0,0,0.0,0.0,3.0,1.0,0,
Company48,10/05/2010,Miami,Non-Tech,Services,4,5.0,4.0,4.0,6,3,5,5,5,5,2,5,5.0,0,0,0,0,0,4,4,1,4,2,0,0,0.0,0.0,3.0,3.0,0,
Company49,09/01/2010,Dallas,Non-Tech,Finance,1,3.0,3.0,5.0,2,1,1,4,4,5,3,3,5.0,0,0,0,0,0,1,1,1,1,1,0,2,0.0,0.0,2.0,3.0,0,
Company50,02/21/2013,Portland,Non-Tech,Services,4,5.0,4.0,5.0,2,2,1,5,4,5,1,5,5.0,0,0,0,0,0,2,5,1,1,1,0,0,0.0,0.0,5.0,3.0,0,
Company51,03/31/2011,New York,Tech,Finance,4,5.0,4.0,4.0,1,2,5,4,5,4,1,4,4.0,0,0,0,0,0,5,5,1,2,1,0,0,0.0,0.0,4.0,2.0,0,
Company52,07/14/2000,Boston,Non-Tech,Finance,1,5.0,4.0,4.0,2,1,1,5,4,5,2,5,4.0,0,0,1,0,1,1,1,1,1,4,1,0,1.0,0.0,5.0,1.0,0,
Company53,10/26/2009,Omaha,Non-Tech,Services,3,4.0,4.0,4.0,2,3,5,5,5,5,2,5,5.0,0,4,4,0,4,3,5,2,1,1,2,0,2.0,1.0,3.0,3.0,0,
Company54,03/27/2013,Boulder,Non-Tech,Finance,2,4.5,4.0,4.0,2,1,1,5,4,4,10,4,4.0,0,0,0,0,12,1,1,1,3,20,0,10,0.0,0.0,1.0,2.0,0,
Company55,12/30/2011,San Francisco,Tech,Finance,4,5.0,4.0,5.0,1,5,5,3,4,4,3,4,4.0,0,0,5,0,0,5,5,5,3,5,0,0,0.0,0.0,4.0,2.0,0,
Company56,11/26/2010,San Francisco,Tech,Finance,3,5.0,3.0,4.0,2,3,5,4,4,5,3,4,5.0,0,0,0,0,0,2,1,2,3,1,0,0,0.0,0.0,4.0,3.0,0,
Company57,11/27/2008,San Francisco,Tech,Finance,12,6.0,6.0,4.0,1,10,10,8,10,10,4,10,7.5,0,0,12,9,12,3,15,2,1,1,10,10,0.0,10.0,5.0,7.5,15,
Company58,06/17/2010,San Jose,Tech,Services,4,5.0,2.0,4.0,1,5,5,4,4,5,3,5,5.0,4,4,0,0,0,4,3,2,1,1,0,2,0.0,0.0,2.0,3.0,0,
Company59,03/16/2007,Philadelphia,Non-Tech,Finance,4,4.0,2.0,4.0,3,4,5,4,4,5,5,4,5.0,0,10,0,0,0,25,2,2,3,3,0,0,0.0,0.0,5.0,3.0,0,
Company60,08/05/2011,San Francisco,Tech,Finance,4,5.0,4.0,5.0,4,2,5,4,4,5,5,4,5.0,0,0,0,0,0,5,5,5,3,5,0,0,0.0,0.0,5.0,0.0,0,
Company61,04/18/2008,Boulder,Non-Tech,Finance,3,4.0,4.0,6.0,2,2,5,5,5,5,1,10,5.0,0,0,4,0,0,2,2,1,2,1,0,0,0.0,0.0,3.0,3.0,0,
Company62,08/02/2011,Bellevue,Non-Tech,Services,2,4.0,4.0,4.0,2,3,5,4,4,5,5,4,5.0,0,5,0,0,0,5,5,3,3,4,0,0,0.0,0.0,2.0,3.0,0,
Company63,10/12/2013,New York,Tech,Services,12,2.0,4.0,4.0,4,1,1,5,4,4,1,10,7.5,0,0,4,2,0,20,9,6,4,1,0,0,0.0,5.0,5.0,7.5,5,
Company64,07/12/2013,San Francisco,Tech,Finance,2,3.0,4.0,5.0,2,1,5,3,5,4,5,3,4.0,0,0,0,0,0,3,5,2,3,2,0,0,0.0,0.0,4.0,2.0,0,
Company65,11/05/2011,Boston,Non-Tech,Services,1,4.5,6.0,6.0,1,4,1,8,8,8,10,6,6.0,0,10,15,0,12,25,1,6,3,20,8,0,10.0,0.0,7.5,5.0,0,
Company66,12/03/2013,New York,Tech,Services,2,5.0,4.0,5.0,2,3,5,4,4,4,2,4,5.0,0,0,5,2,0,5,4,2,1,3,2,0,0.0,1.0,3.0,1.0,3,
Company67,11/13/2013,Minneapolis,Non-Tech,Finance,4,5.0,2.0,4.0,2,1,5,4,4,4,3,4,4.0,0,0,0,0,0,5,2,2,1,2,0,0,0.0,0.0,2.0,3.0,0,
Company68,10/26/2009,San Francisco,Tech,Services,4,7.5,6.0,6.0,4,3,5,5,5,8,8,8,6.0,0,0,0,0,0,15,5,6,4,10,2,0,0.0,0.0,7.5,5.0,5,
Company69,01/01/2000,San Francisco,Tech,Services,3,5.0,4.0,4.0,2,3,5,5,4,5,2,4,5.0,1,2,3,1,4,2,3,1,3,1,2,1,2.0,3.0,3.0,3.0,5,
Company70,11/25/2011,Buffalo,Non-Tech,Finance,3,4.0,3.0,4.0,2,2,5,4,4,5,5,4,5.0,0,0,0,0,0,3,5,1,1,4,0,0,0.0,0.0,1.0,3.0,0,
Company71,07/16/2012,Atlanta,Non-Tech,Finance,2,5.0,4.0,5.0,1,3,5,5,4,5,3,5,5.0,0,0,3,0,4,3,5,2,2,3,0,4,0.0,0.0,3.0,1.0,0,
Company72,03/29/2013,Louisville,Non-Tech,Finance,3,5.0,4.0,4.0,2,4,5,5,5,5,1,5,5.0,0,0,0,0,0,3,1,1,2,2,0,0,0.0,0.0,4.0,3.0,0,
Company73,05/01/2013,New York,Tech,Finance,2,4.0,4.0,3.0,1,1,5,5,5,5,1,5,5.0,0,0,0,0,0,1,5,1,2,1,0,0,0.0,0.0,1.0,3.0,0,
Company74,07/23/2011,San Francisco,Tech,Finance,9,6.0,4.0,3.0,4,4,10,10,10,10,4,5,7.5,0,0,5,0,0,10,1,1,1,1,0,0,0.0,1.0,3.0,2.0,5,
Company75,04/03/2010,San Francisco,Tech,Finance,3,2.0,4.0,4.0,2,2,5,5,4,5,4,4,5.0,0,0,0,0,0,1,4,1,1,1,0,0,0.0,0.0,1.0,3.0,0,
Company76,11/05/2009,San Francisco,Tech,Services,3,5.0,4.0,5.0,2,3,5,5,5,5,4,4,5.0,3,4,4,0,0,5,4,2,1,3,5,0,0.0,0.0,4.0,3.0,5,
Company77,06/04/1996,New York,Tech,Services,2,4.0,5.0,4.0,2,2,5,5,5,5,3,5,5.0,0,1,0,0,0,5,1,4,1,5,0,1,1.0,3.0,4.0,1.0,0,
Company78,03/30/2002,Cleveland,Non-Tech,Services,4,4.0,4.0,5.0,3,2,5,4,4,4,3,5,4.0,0,0,0,0,0,5,4,1,4,2,0,0,0.0,0.0,1.0,2.0,0,
Company79,06/01/2010,Dallas,Non-Tech,Services,9,7.5,6.0,4.0,4,4,10,2,6,8,4,2,6.0,9,4,4,15,15,25,5,3,1,5,10,10,5.0,3.0,7.5,2.5,25,
Company80,10/11/2010,Atlanta,Non-Tech,Services,3,4.0,4.0,4.0,2,2,5,4,5,5,4,5,5.0,3,4,4,2,4,3,5,1,5,4,3,3,3.0,3.0,5.0,3.0,5,
Company81,07/20/2007,San Francisco,Tech,Finance,3,5.0,4.0,5.0,2,3,5,5,5,5,2,5,5.0,0,0,4,0,0,3,4,1,3,1,1,2,0.0,3.0,2.0,3.0,1,
Company82,12/03/2012,Durham,Non-Tech,Services,3,5.0,4.0,4.0,2,1,5,5,5,5,2,5,5.0,3,4,4,3,4,5,5,2,2,3,5,4,0.0,4.0,3.0,3.0,5,
Company83,06/28/2012,Dallas,Non-Tech,Finance,2,4.0,4.0,4.0,2,2,5,4,5,5,4,5,4.0,0,0,0,0,0,3,3,1,1,1,0,0,0.0,0.0,2.0,3.0,0,
Company84,08/13/2009,San Francisco,Tech,Finance,4,5.0,4.0,4.0,1,5,5,4,4,4,4,3,4.0,0,0,0,0,0,5,5,5,5,1,0,0,0.0,0.0,3.0,3.0,0,
Company85,03/30/2002,San Jose,Tech,Finance,4,5.0,4.0,4.0,1,4,5,5,5,5,2,5,5.0,0,0,0,0,0,3,3,1,4,2,0,0,0.0,0.0,3.0,3.0,0,
Company86,06/07/2013,San Francisco,Tech,Services,4,5.0,6.0,4.0,2,2,5,4,4,4,4,4,3.0,0,0,0,3,0,5,5,3,4,4,0,0,0.0,0.0,5.0,1.0,0,
Company87,07/10/2013,Los Angeles,Non-Tech,Finance,1,3.0,4.0,5.0,2,2,5,5,5,5,1,5,5.0,0,0,0,0,0,1,1,1,1,1,0,0,0.0,0.0,1.0,3.0,0,
Company88,06/06/2003,San Francisco,Tech,Services,3,5.0,5.0,4.0,2,5,5,4,5,4,4,5,4.0,0,0,0,0,0,5,5,3,1,2,0,0,0.0,0.0,5.0,1.0,0,
Company89,09/13/2006,San Francisco,Tech,Finance,2,3.0,4.0,4.0,2,2,5,4,5,5,2,4,5.0,0,0,0,0,0,3,1,1,1,1,0,0,0.0,0.0,1.0,3.0,0,
Company90,04/12/2012,Detroit,Non-Tech,Finance,9,6.0,6.0,6.0,4,2,1,10,4,10,1,4,5.0,0,0,0,0,0,5,1,1,4,1,0,0,0.0,0.0,1.0,3.0,0,
Company91,02/15/2010,Austin,Non-Tech,Services,6,6.0,3.0,7.5,6,10,4,10,10,10,3,4,7.5,3,0,0,3,0,25,6,9,1,2,0,0,0.0,0.0,2.0,3.0,0,
Company92,02/27/2013,Chicago,Non-Tech,Finance,2,2.0,4.0,3.0,1,3,1,5,5,4,3,5,5.0,0,2,4,0,0,2,1,1,1,1,0,4,0.0,0.0,1.0,2.0,0,
Company93,07/15/2013,Boulder,Non-Tech,Finance,2,2.0,4.0,4.0,2,3,2,4,8,5,10,4,6.0,0,0,0,0,0,10,12,6,2,10,0,0,0.0,0.0,2.0,7.5,0,
Company94,02/07/2009,Palo Alto,Non-Tech,Finance,2,5.0,4.0,5.0,2,4,5,5,4,4,1,3,5.0,0,0,0,0,0,5,5,2,5,1,0,0,0.0,0.0,5.0,0.0,0,
Company95,08/07/2013,San Jose,Tech,Finance,2,4.0,6.0,4.0,2,2,5,5,5,8,2,5,4.0,0,0,4,0,0,10,1,2,1,1,0,2,0.0,0.0,5.0,3.0,0,
Company96,12/20/1997,San Francisco,Tech,Services,4,5.0,4.0,4.0,2,2,5,4,5,5,3,5,5.0,4,4,5,5,5,5,5,2,4,4,5,5,5.0,1.0,3.0,2.0,4,
Company97,02/06/2007,San Francisco,Tech,Finance,2,5.0,4.0,4.0,1,1,3,4,5,4,3,3,4.0,0,0,0,0,0,3,2,1,2,5,0,0,0.0,0.0,1.0,3.0,0,
Company98,03/19/2012,San Francisco,Tech,Finance,12,7.5,6.0,7.5,4,6,10,2,8,8,10,2,6.0,9,8,15,15,0,25,15,15,2,15,0,0,0.0,2.5,10.0,2.5,0,
Company99,06/01/2012,Dallas,Non-Tech,Finance,2,5.0,4.0,4.0,1,2,5,5,5,5,2,5,5.0,1,2,4,1,3,3,3,1,1,1,2,4,4.0,0.0,2.0,3.0,5,
Company100,03/16/2006,New York,Tech,Services,3,4.0,5.0,3.0,2,4,5,4,4,5,5,5,5.0,1,0,2,0,4,2,5,4,3,3,0,0,0.0,0.0,3.0,3.0,0,
Company101,08/19/2006,Tucson,Non-Tech,Finance,3,4.0,4.0,4.0,2,2,5,4,4,5,4,4,5.0,0,0,0,0,0,5,5,4,3,2,1,0,0.0,0.0,4.0,1.0,0,
Company102,06/24/2011,Boulder,Non-Tech,Services,3,3.0,4.0,4.0,1,2,5,5,5,4,2,5,5.0,2,4,4,2,4,5,5,2,2,3,5,2,2.0,4.0,4.0,3.0,5,
Company103,08/06/2009,Denver,Non-Tech,Finance,5,5.0,4.0,4.0,2,1,2,4,4,5,3,8,5.0,0,0,0,0,0,5,3,1,1,2,0,0,0.0,0.0,4.0,3.0,0,
Company104,04/22/2010,San Francisco,Tech,Finance,2,3.0,4.0,3.0,1,1,3,5,5,5,1,5,5.0,0,0,0,0,0,1,5,1,2,1,0,0,0.0,0.0,1.0,3.0,0,
Company105,06/18/2007,San Francisco,Tech,Finance,4,5.0,4.0,4.0,2,4,5,5,5,5,2,4,5.0,2,0,2,0,5,3,3,3,4,1,1,4,1.0,0.0,2.0,1.0,0,
Company106,04/04/2012,Seattle,Non-Tech,Finance,4,5.0,4.0,5.0,2,2,5,4,4,5,4,4,5.0,0,0,0,0,0,5,4,3,1,3,0,0,0.0,0.0,5.0,0.0,0,
Company107,11/19/2009,Chicago,Non-Tech,Services,3,1.5,4.5,4.5,4,2,2,10,4,10,1,5,7.5,3,0,0,0,0,4,3,3,1,5,0,0,5.0,0.0,2.5,7.5,0,
Company108,08/13/2011,San Francisco,Tech,Services,4,5.0,3.0,4.0,2,2,1,4,4,5,4,4,5.0,3,0,5,3,4,3,1,3,5,1,0,0,0.0,0.0,4.0,3.0,0,
Company109,08/20/2011,Chicago,Non-Tech,Finance,3,6.0,4.0,7.5,1,3,5,5,10,5,1,5,5.0,0,0,0,0,0,1,3,3,3,5,0,0,0.0,0.0,2.0,3.0,0,
Company110,11/17/2009,San Francisco,Tech,Finance,5,5.0,3.0,4.0,2,4,5,4,4,5,3,3,5.0,4,2,0,4,3,4,5,1,1,1,3,0,0.0,5.0,2.0,3.0,4,
Company111,10/10/2013,Louisville,Non-Tech,Finance,3,4.0,5.0,3.0,2,3,5,5,5,5,2,5,5.0,0,0,0,0,0,2,3,2,2,2,0,0,0.0,0.0,3.0,2.0,0,
Company112,06/25/2008,Bellevue,Non-Tech,Finance,2,3.0,3.0,5.0,4,2,4,4,4,4,4,4,4.0,0,0,0,0,0,4,3,2,1,1,0,0,0.0,0.0,2.0,3.0,0,57876000.0
Company113,10/17/2008,San Francisco,Tech,Finance,2,7.5,4.0,4.0,2,2,10,4,5,5,5,5,5.0,0,0,0,0,0,10,1,1,1,1,0,0,0.0,0.0,2.0,3.0,0,
Company114,12/28/2011,New York,Tech,Services,4,5.0,4.0,3.0,1,2,1,3,4,5,1,4,5.0,0,0,0,0,0,5,4,5,5,1,0,0,0.0,0.0,1.0,0.0,0,
Company115,04/22/2010,Chicago,Non-Tech,Finance,2,6.0,5.0,4.0,2,3,10,5,5,5,4,5,7.5,0,0,0,0,0,4,3,3,5,2,0,0,0.0,0.0,10.0,3.0,0,
Company116,03/30/2002,Columbus,Non-Tech,Finance,4,3.0,6.0,4.0,1,6,5,5,5,5,2,5,5.0,0,4,0,0,3,5,6,1,1,5,0,4,0.0,5.0,3.0,3.0,5,
Company117,05/29/2013,San Francisco,Tech,Finance,5,5.0,4.0,4.0,3,2,5,5,5,4,2,5,4.0,0,0,0,0,0,3,1,1,2,1,0,0,0.0,0.0,3.0,3.0,0,
Company118,02/29/2012,Oklahoma City,Non-Tech,Finance,3,4.0,4.0,3.0,2,1,5,4,5,5,4,5,5.0,0,0,0,0,0,3,4,1,1,1,0,0,0.0,0.0,1.0,3.0,0,
Company119,01/26/2009,San Francisco,Tech,Finance,3,5.0,4.0,4.0,1,4,5,4,5,4,4,5,4.0,0,0,0,0,0,4,5,2,4,5,0,0,0.0,0.0,5.0,1.0,0,66948000.0
Company120,05/06/2013,Sacramento,Non-Tech,Finance,5,5.0,4.0,5.0,2,4,5,4,4,4,5,4,4.0,0,0,0,0,0,3,5,3,5,3,0,0,0.0,0.0,5.0,0.0,0,
Company121,12/28/2010,Mountain View,Non-Tech,Services,3,5.0,5.0,3.0,1,5,5,5,5,5,2,4,5.0,1,0,0,0,4,2,5,1,2,1,0,2,5.0,0.0,1.0,2.0,4,
Company122,11/27/2008,San Francisco,Tech,Finance,2,3.0,4.0,4.0,1,5,5,4,5,5,3,5,5.0,0,0,0,0,0,3,5,1,5,1,0,0,0.0,0.0,4.0,2.0,0,
Company123,08/24/1996,San Jose,Tech,Services,4,5.0,4.0,4.0,2,2,5,4,5,5,4,5,5.0,0,0,0,0,0,5,5,4,3,5,0,5,0.0,0.0,3.0,2.0,0,
Company124,02/09/2010,Houston,Non-Tech,Finance,4,5.0,4.0,4.0,1,3,5,5,5,5,10,5,5.0,2,2,4,2,4,5,1,1,3,5,3,3,3.0,4.0,7.5,2.0,5,
Company125,10/10/2011,Boston,Non-Tech,Finance,3,3.0,5.0,4.0,2,2,5,4,5,5,1,5,5.0,0,0,0,0,0,2,4,2,3,1,0,0,0.0,0.0,2.0,2.0,0,
Company126,04/04/2008,San Diego,Non-Tech,Services,12,3.0,4.0,6.0,2,4,5,8,4,10,6,5,7.5,15,8,3,15,4,20,15,2,3,4,3,6,7.5,7.5,5.0,7.5,20,
Company127,02/07/2007,Boston,Non-Tech,Finance,2,5.0,4.0,4.0,1,4,5,5,4,5,1,5,5.0,0,0,0,0,0,2,4,2,2,3,0,0,0.0,0.0,3.0,3.0,0,
Company128,12/07/2004,San Francisco,Tech,Other,4,5.0,3.0,4.0,2,3,5,4,5,5,2,5,5.0,0,0,0,0,5,2,5,2,2,5,0,0,0.0,0.0,2.0,2.0,0,
Company129,09/06/1996,San Francisco,Tech,Services,4,5.0,4.0,4.0,2,4,5,4,5,5,4,4,4.0,3,5,5,4,4,3,5,1,5,2,3,4,3.0,1.0,3.0,3.0,2,
Company130,01/27/2005,New York,Tech,Finance,4,4.5,6.0,7.5,1,4,5,8,5,5,8,5,5.0,0,0,0,0,0,3,15,12,4,15,0,0,0.0,0.0,2.0,7.5,0,
Company131,08/19/2006,Los Angeles,Non-Tech,Finance,3,4.0,4.0,4.0,2,2,5,4,4,5,4,4,5.0,0,0,0,0,0,5,5,4,3,2,0,0,0.0,0.0,4.0,1.0,0,
Company132,12/07/2004,San Francisco,Tech,Services,4,5.0,4.0,4.0,2,2,5,4,5,5,3,5,5.0,0,0,4,0,5,4,3,2,2,4,0,0,0.0,5.0,3.0,3.0,5,
Company133,11/25/2008,San Francisco,Tech,Finance,3,4.0,2.0,4.0,2,3,5,5,5,4,2,5,5.0,0,0,0,4,4,2,2,1,1,2,5,5,0.0,0.0,3.0,2.0,0,
Company134,06/26/2010,Long Beach,Non-Tech,Finance,1,1.0,4.0,4.0,2,1,1,4,4,4,4,4,4.0,0,0,0,0,0,3,3,2,1,1,0,0,0.0,0.0,3.0,3.0,0,
Company135,12/31/1997,Austin,Non-Tech,Services,3,2.0,3.0,5.0,2,1,5,5,4,5,3,4,4.0,0,0,5,0,0,3,4,1,1,2,0,0,0.0,0.0,2.0,2.0,0,
Company136,11/22/2009,Portland,Non-Tech,Finance,4,4.0,4.0,4.0,2,2,5,5,5,5,2,5,5.0,0,0,0,0,0,4,2,1,2,1,0,0,0.0,0.0,2.0,3.0,0,
Company137,07/17/2009,St. Louis,Non-Tech,Services,4,5.0,3.0,5.0,2,2,5,5,5,5,1,5,5.0,0,2,4,3,4,5,5,4,3,4,1,1,1.0,0.0,2.0,3.0,5,
Company138,01/14/2011,"Washington, D.C.",Non-Tech,Services,12,7.5,6.0,4.0,4,4,10,5,10,5,4,10,7.5,0,8,12,12,12,3,15,3,4,25,6,8,0.0,0.0,10.0,3.0,20,
Company139,10/14/2013,"Washington, D.C.",Non-Tech,Services,2,4.0,4.0,5.0,2,2,5,4,4,4,5,2,4.0,0,0,0,0,4,3,5,5,1,1,0,0,4.0,4.0,3.0,3.0,5,
Company140,04/08/2010,San Francisco,Tech,Finance,3,5.0,4.0,5.0,1,3,5,4,5,4,2,5,5.0,0,0,0,0,0,2,3,1,1,1,0,0,0.0,0.0,1.0,3.0,0,
Company141,08/23/2013,Kansas City,Non-Tech,Services,12,7.5,4.5,6.0,4,4,10,10,10,10,4,10,7.5,0,0,6,3,0,1,3,3,4,5,6,0,7.5,12.5,7.5,7.5,0,
Company142,06/20/2011,Tucson,Non-Tech,Finance,4,3.0,5.0,5.0,2,3,5,5,5,5,2,5,5.0,3,0,5,3,4,5,5,2,5,4,1,3,3.0,1.0,2.0,3.0,5,
Company143,06/13/2009,Miami,Non-Tech,Services,4,5.0,5.0,4.0,1,5,5,3,4,4,5,3,4.0,4,5,5,5,5,5,5,5,4,5,5,5,5.0,3.0,4.0,1.0,5,
Company144,05/04/2012,San Francisco,Tech,Services,3,3.0,4.0,3.0,2,2,5,4,8,5,3,5,5.0,3,2,3,1,0,5,5,1,2,5,1,1,1.0,1.0,2.0,2.0,5,
Company145,08/08/2013,San Francisco,Tech,Finance,9,6.0,4.5,7.5,4,4,10,10,10,10,4,10,7.5,0,0,0,0,0,10,3,3,1,5,0,0,0.0,0.0,5.0,7.5,0,
Company146,01/20/2012,San Diego,Non-Tech,Finance,15,7.5,5.0,3.0,4,8,10,6,8,5,10,6,5.0,0,8,0,0,0,2,15,15,1,1,10,10,0.0,2.5,1.0,3.0,0,
Company147,03/02/1998,Philadelphia,Non-Tech,Finance,3,5.0,4.0,5.0,1,3,5,5,5,10,2,5,7.5,0,0,0,0,0,2,1,3,1,5,0,0,0.0,0.0,1.0,3.0,0,
Company148,02/15/2010,New York,Tech,Finance,3,4.0,4.0,4.0,1,3,5,5,5,5,1,5,5.0,0,0,0,0,0,5,4,1,3,3,0,2,0.0,0.0,2.0,3.0,0,
Company149,09/21/2012,San Francisco,Tech,Services,3,5.0,4.0,4.0,1,3,5,5,4,5,3,5,5.0,1,0,0,0,0,5,5,1,1,1,2,0,0.0,3.0,2.0,3.0,3,
Company150,08/11/2010,Atlanta,Non-Tech,Finance,2,3.0,4.0,5.0,2,2,5,4,4,4,3,4,5.0,0,0,5,0,0,2,1,2,3,1,3,0,0.0,0.0,2.0,3.0,0,
Company151,12/23/2011,San Francisco,Tech,Finance,4,4.0,3.0,4.0,1,5,5,5,5,5,2,4,5.0,0,0,0,0,0,1,4,1,1,1,0,0,0.0,0.0,3.0,3.0,5,
Company152,06/09/2007,Dallas,Non-Tech,Finance,9,7.5,4.0,4.0,4,2,10,2,5,8,10,5,6.0,9,4,15,3,15,25,4,1,1,3,10,5,12.5,0.0,2.0,2.5,0,
Company153,11/21/1999,Boulder,Non-Tech,Finance,3,3.0,4.0,3.0,1,4,5,3,4,5,2,5,5.0,0,0,0,0,0,1,2,1,1,1,0,0,0.0,3.0,3.0,2.0,0,
Company154,10/25/2013,New York,Tech,Finance,3,7.5,6.0,6.0,4,6,10,8,8,8,10,6,6.0,0,0,0,0,0,25,15,15,3,5,0,0,0.0,0.0,12.5,2.5,0,
Company155,10/24/2006,San Jose,Tech,Services,4,7.5,4.0,3.0,4,3,5,4,5,5,1,5,5.0,0,4,4,2,0,5,5,1,3,5,0,4,3.0,1.0,3.0,3.0,0,
Company156,05/05/2007,Tucson,Non-Tech,Finance,2,3.0,6.0,6.0,4,2,10,4,10,5,3,10,5.0,0,0,0,0,0,2,2,3,2,5,0,0,0.0,0.0,2.0,3.0,0,
Company157,02/19/2010,Chicago,Non-Tech,Finance,6,6.0,6.0,7.5,6,2,10,10,10,10,4,5,5.0,0,0,0,0,0,25,6,1,1,5,0,0,0.0,0.0,2.5,3.0,0,
Company158,03/30/2002,Charlotte,Non-Tech,Finance,4,4.0,4.0,7.5,1,3,5,8,5,5,6,5,5.0,0,0,0,0,0,3,3,1,4,2,0,0,0.0,0.0,2.5,7.5,0,
Company159,12/18/1998,San Francisco,Tech,Finance,3,4.0,3.0,7.5,4,4,2,10,10,10,3,5,3.0,2,3,0,0,5,5,5,3,1,4,0,4,0.0,2.0,5.0,1.0,4,
Company160,11/05/2011,Miami,Non-Tech,Finance,2,3.0,5.0,4.0,2,2,5,5,5,5,2,5,5.0,0,0,0,0,0,5,5,1,1,2,3,0,0.0,0.0,2.0,3.0,0,
Company161,06/30/2001,El Paso,Non-Tech,Finance,1,2.0,4.0,4.0,1,3,5,5,5,5,2,5,5.0,0,0,2,0,0,3,3,2,1,1,2,0,0.0,5.0,2.0,3.0,0,
Company162,11/01/2006,San Francisco,Tech,Services,6,6.0,6.0,7.5,6,8,10,10,8,10,4,6,7.5,3,6,6,3,12,5,6,4,2,5,2,2,2.5,2.5,2.5,1.0,5,
Company163,04/12/2012,San Diego,Non-Tech,Services,4,4.0,4.0,4.0,1,2,5,5,5,5,2,5,5.0,0,3,5,3,4,2,5,5,3,5,3,3,0.0,4.0,3.0,2.0,4,
Company164,09/19/2009,Cleveland,Non-Tech,Finance,3,5.0,4.0,4.0,3,3,5,4,4,5,3,4,5.0,0,0,0,0,0,3,4,2,2,3,0,4,0.0,5.0,3.0,2.0,0,
Company165,03/16/2006,New York,Tech,Services,3,5.0,4.0,3.0,1,4,1,3,5,5,3,5,5.0,0,2,2,1,4,2,4,1,3,4,0,5,3.0,1.0,2.0,3.0,3,
Company166,12/28/2010,San Francisco,Tech,Finance,4,5.0,5.0,3.0,1,5,5,8,4,5,6,5,5.0,1,2,0,2,4,4,5,1,4,1,5,2,5.0,0.0,5.0,2.0,0,
Company167,03/17/2007,Columbus,Non-Tech,Services,2,3.0,4.0,3.0,3,2,5,5,5,5,2,5,5.0,1,2,2,1,3,5,1,1,1,2,3,3,3.0,1.0,2.0,1.0,5,
Company168,12/11/2012,Columbus,Non-Tech,Services,2,2.0,4.0,4.0,2,1,5,4,5,5,3,5,5.0,3,4,4,3,4,4,4,1,1,2,2,4,2.0,5.0,2.0,3.0,5,
Company169,03/14/1998,San Francisco,Tech,Services,4,5.0,5.0,4.0,1,5,5,5,4,4,2,4,4.0,3,4,2,1,4,2,3,2,2,1,3,3,4.0,5.0,3.0,3.0,3,37842000.0
Company170,03/17/2007,San Francisco,Tech,Finance,4,3.0,4.0,4.0,2,2,5,5,4,5,1,5,5.0,1,2,2,1,4,5,1,1,1,1,3,3,3.0,1.0,2.0,1.0,2,
Company171,03/19/2012,Boston,Non-Tech,Services,2,7.5,6.0,7.5,4,1,10,2,6,8,3,5,5.0,9,8,15,15,15,25,15,15,1,5,10,0,12.5,2.5,7.5,3.0,5,
Company172,09/04/2009,Omaha,Non-Tech,Services,9,5.0,4.0,5.0,2,2,5,2,4,5,10,3,5.0,3,3,3,2,4,5,5,5,5,5,1,1,1.0,1.0,5.0,0.0,5,
Company173,08/22/2004,San Francisco,Tech,Finance,4,5.0,4.0,4.0,2,2,5,4,4,5,5,4,5.0,0,0,0,0,0,3,5,1,4,1,0,0,0.0,0.0,3.0,3.0,0,
Company174,11/14/2012,San Francisco,Tech,Services,5,5.0,4.0,4.0,2,2,5,4,4,4,4,3,4.0,0,0,0,0,4,4,5,1,3,1,0,2,0.0,0.0,2.0,1.0,0,
Company175,06/24/2012,San Francisco,Tech,Finance,4,4.0,3.0,7.5,1,2,5,3,10,10,4,10,5.0,0,0,0,0,0,5,3,4,1,5,0,0,0.0,2.0,3.0,1.0,0,
Company176,11/17/2009,San Francisco,Tech,Finance,2,3.0,4.0,4.0,2,2,5,3,4,5,5,3,4.0,0,0,2,0,0,4,4,1,1,1,0,0,0.0,0.0,4.0,2.0,0,
Company177,12/28/2010,New York,Tech,Services,4,5.0,5.0,4.0,1,5,5,5,5,5,2,5,5.0,0,2,4,2,4,5,5,1,4,1,5,2,0.0,3.0,4.0,2.0,4,
Company178,05/29/2013,Mountain View,Non-Tech,Finance,3,5.0,4.0,4.0,2,2,5,5,5,4,2,5,4.0,0,0,0,3,0,3,1,1,2,1,0,0,0.0,0.0,2.0,3.0,4,
Company179,01/16/2009,San Francisco,Tech,Finance,3,5.0,4.0,3.0,1,3,5,4,4,4,2,5,5.0,3,2,4,1,4,4,5,5,3,3,5,3,5.0,4.0,4.0,2.0,4,
Company180,12/28/2011,San Francisco,Tech,Services,5,5.0,4.0,5.0,1,4,5,4,4,4,5,3,4.0,2,0,4,2,4,1,2,1,1,1,2,2,2.0,1.0,1.0,3.0,0,
Company181,02/26/1998,San Francisco,Tech,Finance,3,4.0,4.0,3.0,1,3,5,4,5,4,2,5,4.0,1,0,0,0,0,10,4,1,3,5,0,1,0.0,0.0,2.0,2.0,0,
Company182,11/05/2009,San Jose,Tech,Finance,6,4.0,6.0,4.0,6,3,5,5,10,5,10,10,5.0,0,0,0,0,0,25,5,6,1,1,0,0,2.5,0.0,5.0,3.0,0,
Company183,11/26/2009,San Francisco,Tech,Services,4,5.0,5.0,4.0,2,4,5,4,5,4,5,5,5.0,0,0,5,0,2,5,5,3,2,1,5,4,3.0,2.0,3.0,1.0,2,
Company184,09/13/1999,San Francisco,Tech,Finance,1,2.0,5.0,2.0,1,2,1,10,5,5,1,5,5.0,0,0,0,0,0,1,2,2,2,1,0,0,0.0,0.0,2.0,3.0,0,
Company185,10/15/2011,San Francisco,Tech,Services,4,5.0,4.0,5.0,2,4,5,5,5,5,2,5,5.0,0,0,0,0,0,2,4,1,3,2,0,0,0.0,0.0,3.0,3.0,0,
Company186,10/18/2012,San Francisco,Tech,Services,4,5.0,4.0,4.0,2,3,5,4,5,5,3,4,3.0,2,0,0,2,5,5,5,3,5,4,0,0,1.0,5.0,5.0,1.0,4,
Company187,05/29/2013,Denver,Non-Tech,Finance,5,5.0,4.0,4.0,2,2,5,4,5,4,2,5,5.0,0,0,0,0,0,3,1,1,2,1,0,0,0.0,0.0,3.0,3.0,0,
Company188,04/22/2010,Detroit,Non-Tech,Services,4,3.0,4.0,3.0,1,2,5,5,5,5,2,5,5.0,0,3,0,0,4,3,5,3,4,2,0,3,0.0,2.0,2.0,3.0,3,
Company189,07/14/2007,"Washington, D.C.",Non-Tech,Finance,1,2.0,4.0,4.0,2,3,1,5,5,5,1,5,5.0,0,0,0,0,0,3,1,1,1,1,0,0,0.0,0.0,1.0,3.0,0,
Company190,08/20/2011,Mountain View,Non-Tech,Finance,3,4.0,4.0,4.0,2,3,5,5,5,5,1,5,5.0,0,0,0,0,0,1,3,1,3,3,0,0,0.0,0.0,2.0,3.0,0,
Company191,05/03/2013,Boston,Non-Tech,Finance,4,5.0,4.0,4.0,2,4,5,5,5,4,5,5,4.0,0,5,0,0,0,3,1,4,3,1,5,0,0.0,0.0,3.0,3.0,3,
Company192,07/12/2013,Boulder,Non-Tech,Services,3,2.0,4.0,4.0,1,3,5,3,4,5,5,4,5.0,4,0,0,0,5,5,5,4,1,5,5,0,0.0,0.0,4.0,1.0,0,
Company193,08/20/2004,San Francisco,Tech,Services,4,5.0,5.0,4.0,2,5,5,5,5,5,2,5,5.0,1,2,4,1,3,4,5,4,1,3,0,2,2.0,2.0,4.0,2.0,5,
Company194,08/06/2009,Cleveland,Non-Tech,Services,9,7.5,4.0,4.0,4,6,5,10,10,10,4,10,7.5,0,0,0,0,0,10,5,6,3,1,0,0,0.0,0.0,7.5,5.0,0,
Company195,11/25/2011,San Francisco,Tech,Services,4,4.0,3.0,4.0,2,2,5,5,5,5,5,5,5.0,0,0,0,0,0,3,1,4,1,4,0,0,0.0,1.0,4.0,3.0,0,
Company196,02/16/2012,New York,Tech,Services,3,4.5,6.0,3.0,4,4,5,4,10,5,2,10,7.5,0,2,2,1,0,10,3,2,2,5,0,0,3.0,0.0,3.0,3.0,0,
Company197,10/18/2012,San Francisco,Tech,Finance,4,5.0,4.0,5.0,1,3,5,5,5,5,1,5,5.0,0,0,0,0,0,3,5,2,5,3,0,0,0.0,0.0,5.0,1.0,0,
Company198,11/21/2009,Los Angeles,Non-Tech,Finance,3,4.0,3.0,4.0,2,2,5,5,5,5,1,5,5.0,1,4,4,2,4,3,1,1,2,1,2,0,0.0,0.0,2.0,3.0,0,
Company199,12/12/2011,Miami,Non-Tech,Finance,6,3.0,6.0,7.5,6,2,10,8,10,10,8,10,7.5,0,0,0,0,1,25,15,1,2,15,0,0,0.0,0.0,5.0,3.0,3,
Company200,10/23/1999,San Francisco,Tech,Services,12,7.5,6.0,6.0,4,4,10,10,10,10,4,10,7.5,12,8,12,15,15,10,15,3,4,15,10,10,12.5,0.0,10.0,3.0,15,
Company201,12/17/2010,Portland,Non-Tech,Services,4,5.0,4.0,5.0,2,2,5,4,5,4,3,5,4.0,0,0,0,0,0,5,5,2,2,3,0,0,0.0,0.0,3.0,3.0,0,
Company202,01/14/2011,San Jose,Tech,Finance,12,7.5,5.0,3.0,1,4,10,10,8,5,10,10,5.0,0,0,0,0,12,25,15,2,4,1,0,0,7.5,0.0,10.0,3.0,10,
Company203,11/17/2009,Indianapolis,Non-Tech,Finance,5,5.0,4.0,3.0,2,1,5,3,4,4,2,3,5.0,0,0,0,0,0,1,1,1,1,1,0,0,0.0,0.0,1.0,2.0,0,
Company204,10/04/2012,New York,Tech,Finance,3,4.0,5.0,3.0,2,4,5,5,5,5,1,5,5.0,0,0,0,0,0,1,2,1,1,1,0,0,0.0,0.0,3.0,3.0,0,
Company205,09/21/2012,Santa Ana,Non-Tech,Services,3,3.0,4.0,4.0,2,2,5,5,4,5,2,4,5.0,0,0,0,0,4,2,3,1,1,2,2,0,0.0,3.0,2.0,3.0,0,
Company206,10/06/2007,Boston,Non-Tech,Finance,3,4.0,5.0,3.0,2,2,5,4,5,5,3,5,5.0,0,0,0,0,0,2,1,1,1,1,0,0,0.0,0.0,2.0,3.0,0,
Company207,05/01/2013,Milwaukee,Non-Tech,Finance,3,5.0,3.0,5.0,1,3,5,5,5,5,2,4,5.0,0,0,5,3,0,1,5,2,3,4,3,0,0.0,0.0,1.0,3.0,5,
Company208,10/18/2012,San Francisco,Tech,Finance,2,5.0,4.0,5.0,2,2,5,5,5,5,2,5,5.0,0,0,0,0,4,5,3,1,3,1,1,1,1.0,1.0,2.0,3.0,0,
Company209,11/17/1995,San Francisco,Tech,Finance,4,5.0,5.0,4.0,2,10,5,4,10,10,1,4,4.0,0,0,0,0,0,3,15,3,1,2,0,0,0.0,0.0,12.5,3.0,0,
Company210,06/27/2007,San Francisco,Tech,Finance,3,7.5,4.0,6.0,2,4,5,8,8,5,8,8,6.0,0,0,0,0,0,15,15,3,3,5,0,0,0.0,0.0,4.0,7.5,0,
Company211,08/14/2009,Boulder,Non-Tech,Finance,2,3.0,4.0,3.0,1,1,5,5,5,5,3,5,5.0,0,0,0,0,0,3,5,1,4,1,0,0,0.0,0.0,1.0,3.0,0,
Company212,07/28/2000,Cincinnati,Non-Tech,Other,5,5.0,4.0,5.0,2,2,5,4,5,4,5,3,4.0,5,4,3,2,5,5,5,3,5,3,3,3,3.0,3.0,5.0,0.0,3,
Company213,08/08/2013,Tucson,Non-Tech,Finance,3,3.0,4.0,5.0,4,3,10,4,10,10,2,5,5.0,0,0,4,0,4,1,4,1,1,5,0,3,0.0,4.0,2.0,7.5,4,
Company214,10/12/2013,San Diego,Non-Tech,Services,3,4.0,6.0,4.0,4,3,10,5,5,5,5,5,5.0,0,0,0,0,0,20,9,2,2,1,0,0,0.0,0.0,3.0,3.0,0,
Company215,10/12/2013,New York,Tech,Services,12,5.0,6.0,6.0,4,4,10,10,10,10,1,10,5.0,0,0,0,0,0,20,5,2,4,10,0,0,0.0,0.0,5.0,7.5,0,
Company216,06/03/2009,Pittsburgh,Non-Tech,Finance,2,4.0,4.0,4.0,2,2,5,3,4,4,5,4,4.0,0,0,0,0,0,2,2,1,1,1,0,0,0.0,0.0,2.0,3.0,0,29991000.0
Company217,09/07/2010,"Washington, D.C.",Non-Tech,Finance,4,5.0,4.0,5.0,1,3,5,4,5,5,1,5,5.0,0,0,0,0,0,3,5,2,5,3,0,0,0.0,0.0,5.0,1.0,0,
Company218,10/25/2013,Boston,Non-Tech,Finance,12,7.5,6.0,6.0,4,6,5,8,8,8,10,6,6.0,0,0,0,0,0,25,15,15,3,5,0,0,0.0,0.0,12.5,2.5,0,
Company219,11/17/1995,San Francisco,Tech,Finance,4,5.0,4.0,4.0,1,2,5,3,4,5,5,4,4.0,0,0,0,3,3,3,5,3,5,2,0,4,0.0,3.0,4.0,1.0,5,
Company220,03/06/2009,San Francisco,Tech,Finance,12,7.5,4.0,6.0,4,4,10,8,5,10,6,8,5.0,0,0,0,0,0,20,15,12,5,15,0,0,0.0,0.0,7.5,5.0,0,
Company221,04/22/2008,San Francisco,Tech,Finance,2,3.0,4.0,7.5,4,2,3,1,4,5,4,4,5.0,0,0,0,0,0,5,3,1,1,1,0,0,0.0,0.0,2.5,2.0,0,
Company222,05/16/2008,San Francisco,Tech,Finance,4,5.0,4.0,5.0,1,3,5,5,5,5,1,5,5.0,0,0,0,0,0,3,4,2,5,2,0,0,0.0,0.0,5.0,3.0,0,
Company223,05/05/2007,Seattle,Non-Tech,Finance,2,7.5,4.0,4.0,1,4,5,4,4,5,3,3,5.0,0,0,0,0,0,2,2,1,4,1,0,0,0.0,0.0,2.0,3.0,0,
Company224,04/18/2006,San Francisco,Tech,Services,1,2.0,4.0,4.0,1,5,5,5,5,5,1,5,5.0,2,1,2,1,1,1,3,1,2,1,2,1,4.0,5.0,3.0,3.0,5,
Company225,04/01/2000,Santa Ana,Non-Tech,Finance,4,5.0,4.0,4.0,2,2,5,4,4,4,4,4,4.0,0,0,0,0,0,3,5,2,3,2,0,0,0.0,0.0,3.0,3.0,0,
Company226,09/19/2009,San Francisco,Tech,Finance,3,2.0,4.0,4.0,1,1,2,4,4,4,2,4,4.0,0,0,0,0,0,1,5,1,2,1,0,0,0.0,5.0,2.0,2.0,0,
Company227,07/04/2009,Detroit,Non-Tech,Finance,2,2.0,4.0,3.0,1,1,1,5,5,5,4,5,5.0,0,4,0,0,3,2,2,1,4,1,5,0,5.0,2.0,5.0,3.0,3,
Company228,04/17/2009,Los Angeles,Non-Tech,Services,4,5.0,4.0,4.0,2,2,5,4,4,5,5,4,5.0,2,0,4,0,0,5,5,2,2,4,2,2,2.0,0.0,2.0,3.0,0,
Company229,04/18/2006,San Francisco,Tech,Finance,1,5.0,4.0,5.0,1,5,5,5,4,5,4,5,4.0,2,0,0,0,0,1,3,1,2,2,0,1,4.0,5.0,3.0,3.0,0,
Company230,10/06/2010,Boulder,Non-Tech,Finance,4,5.0,4.0,5.0,2,4,5,5,5,5,2,5,5.0,2,0,4,0,4,3,1,2,3,1,0,2,5.0,0.0,2.0,3.0,0,
Company231,04/09/2011,Philadelphia,Non-Tech,Finance,12,7.5,4.5,6.0,4,4,10,6,8,8,10,5,6.0,0,0,0,0,0,15,12,9,1,5,0,0,0.0,0.0,5.0,7.5,0,
Company232,12/03/2013,Los Angeles,Non-Tech,Services,4,3.0,4.0,5.0,2,2,5,5,5,5,2,5,5.0,3,4,0,0,4,1,4,1,1,1,0,0,0.0,0.0,1.0,3.0,0,
Company233,09/14/2009,Boulder,Non-Tech,Finance,12,7.5,6.0,6.0,4,1,10,10,10,5,4,5,7.5,12,0,4,15,15,10,15,1,4,1,10,0,12.5,0.0,10.0,7.5,15,
Company234,12/03/2013,San Francisco,Tech,Services,5,5.0,4.0,4.0,2,2,5,4,4,5,3,4,4.0,4,0,5,5,4,4,5,1,3,2,0,4,4.0,5.0,3.0,3.0,5,
Company235,11/16/2012,Milwaukee,Non-Tech,Services,3,4.0,5.0,4.0,2,2,5,5,5,5,4,5,3.0,0,0,0,0,0,2,5,1,3,1,0,2,0.0,0.0,2.0,3.0,0,
Company236,06/27/2007,Boulder,Non-Tech,Services,12,4.0,4.5,6.0,2,4,10,6,8,8,10,6,6.0,0,0,0,0,0,15,15,4,1,20,0,0,0.0,2.5,5.0,7.5,20,
Company237,03/18/2011,Pittsburgh,Non-Tech,Finance,9,2.0,4.0,4.0,1,2,1,5,4,4,1,4,5.0,0,0,0,0,0,25,1,1,1,4,0,0,0.0,0.0,1.0,2.0,0,
Company238,06/26/2010,San Francisco,Tech,Finance,2,2.0,4.0,3.0,1,2,5,5,5,4,2,5,5.0,0,0,0,0,0,2,5,1,2,1,0,0,0.0,0.0,1.0,2.0,0,
Company239,04/18/2006,New York,Tech,Services,1,2.0,4.0,4.0,2,3,5,5,10,5,2,5,5.0,0,0,2,0,0,5,3,1,2,4,2,1,0.0,5.0,2.0,2.0,0,
Company240,11/29/2008,Austin,Non-Tech,Finance,2,3.0,4.0,5.0,1,2,5,4,4,4,3,5,4.0,0,0,0,0,0,1,4,1,3,2,0,0,0.0,0.0,2.0,3.0,0,
Company241,04/09/2000,San Francisco,Tech,Finance,5,5.0,4.0,4.0,2,2,5,5,4,4,5,4,4.0,0,0,0,0,0,5,5,4,5,2,0,0,0.0,0.0,2.0,1.0,0,
Company242,02/09/2000,San Francisco,Tech,Other,3,4.0,4.0,4.0,1,2,5,5,5,5,2,3,5.0,0,0,0,2,0,4,1,1,4,1,0,0,0.0,0.0,1.0,1.0,3,
Company243,05/02/2013,Oklahoma City,Non-Tech,Finance,2,2.0,4.0,3.0,2,2,1,5,5,5,3,5,4.0,0,0,1,0,1,2,4,1,2,1,0,1,0.0,0.0,1.0,3.0,0,
Company244,06/01/2010,Phoenix,Non-Tech,Services,5,5.0,4.0,4.0,2,2,5,5,4,4,3,4,4.0,3,2,4,1,4,5,5,3,5,2,5,3,5.0,4.0,5.0,2.0,4,
Company245,03/03/2012,Denver,Non-Tech,Finance,12,7.5,6.0,6.0,4,6,10,8,10,8,8,8,6.0,0,0,0,0,0,15,6,6,3,5,0,0,0.0,0.0,7.5,5.0,0,
Company246,06/15/2010,Philadelphia,Non-Tech,Finance,12,4.5,6.0,6.0,1,4,10,6,8,8,10,6,6.0,15,10,0,15,12,25,15,2,2,25,6,6,0.0,2.5,5.0,5.0,20,
Company247,12/02/2008,Charlotte,Non-Tech,Finance,3,4.0,5.0,3.0,1,3,5,5,5,5,2,5,5.0,0,0,0,0,0,2,2,2,1,1,0,0,0.0,0.0,3.0,3.0,0,
Company248,04/19/2013,Indianapolis,Non-Tech,Finance,2,2.0,4.0,5.0,3,3,4,4,4,5,3,4,5.0,0,0,0,0,0,1,1,1,1,1,0,0,0.0,0.0,1.0,3.0,0,
Company249,06/05/2012,San Francisco,Tech,Finance,2,5.0,5.0,4.0,2,2,5,5,5,5,1,5,5.0,0,0,0,0,0,2,4,1,1,1,0,0,0.0,0.0,1.0,3.0,0,
Company250,04/04/2012,San Jose,Tech,Finance,5,5.0,4.0,5.0,2,4,5,4,4,4,2,3,4.0,0,0,0,0,0,5,5,3,5,1,5,0,0.0,0.0,5.0,0.0,0,
Company251,10/14/2013,Philadelphia,Non-Tech,Finance,3,4.0,3.0,3.0,2,3,5,4,5,5,2,5,5.0,0,0,0,0,0,4,1,3,2,4,0,0,0.0,0.0,2.0,3.0,0,
Company252,10/10/2013,San Antonio,Non-Tech,Finance,2,3.0,4.0,4.0,2,3,5,5,5,5,2,5,5.0,0,0,3,0,0,1,3,1,3,1,0,0,5.0,0.0,3.0,3.0,3,
Company253,01/20/2012,San Francisco,Tech,Services,15,7.5,4.0,7.5,4,3,5,6,5,8,10,6,6.0,15,8,3,1,4,25,2,15,5,20,10,10,10.0,1.0,3.0,3.0,20,
Company254,07/10/2004,San Diego,Non-Tech,Services,2,3.0,4.0,4.0,2,2,5,3,4,4,5,3,4.0,2,0,0,0,0,2,5,2,4,2,5,0,0.0,0.0,2.0,2.0,0,
Company255,05/24/2007,San Francisco,Tech,Finance,4,4.5,4.0,5.0,6,4,10,10,10,4,5,10,7.5,0,0,0,2,4,20,3,3,1,5,0,0,2.0,0.0,5.0,3.0,0,
Company256,07/10/2013,Philadelphia,Non-Tech,Finance,5,5.0,3.0,4.0,2,2,5,5,5,5,4,4,5.0,0,0,4,0,0,3,5,1,3,2,0,0,0.0,4.0,3.0,2.0,0,
Company257,01/05/2000,Oakland,Non-Tech,Finance,2,3.0,4.0,4.0,2,1,5,4,5,4,4,3,4.0,0,0,0,0,0,3,5,1,3,1,0,0,0.0,0.0,4.0,3.0,0,
Company258,08/05/2011,San Francisco,Tech,Finance,2,5.0,4.0,5.0,2,2,5,4,4,4,5,4,5.0,0,0,0,0,0,5,5,5,5,5,0,0,0.0,0.0,5.0,0.0,0,
Company259,05/06/2013,San Francisco,Tech,Services,2,3.0,4.0,4.0,1,3,5,5,5,4,1,5,5.0,0,0,0,0,0,1,1,1,2,1,0,0,0.0,0.0,2.0,3.0,0,
Company260,12/16/2009,San Francisco,Tech,Services,3,5.0,4.0,4.0,2,2,5,3,4,4,5,5,5.0,0,4,3,2,3,4,5,3,5,5,5,0,0.0,2.0,2.0,1.0,0,
Company261,08/01/2010,San Francisco,Tech,Finance,4,5.0,4.0,4.0,2,5,5,5,4,5,2,5,5.0,0,0,0,0,4,1,5,2,1,1,2,1,0.0,3.0,3.0,3.0,5,
Company262,01/03/2013,San Francisco,Tech,Finance,4,7.5,4.0,4.0,1,4,10,8,8,8,6,5,5.0,0,0,0,0,0,2,3,1,4,10,0,0,0.0,0.0,5.0,3.0,0,
Company263,11/12/2010,Philadelphia,Non-Tech,Services,3,5.0,4.0,4.0,1,3,5,4,4,5,4,4,5.0,3,4,4,4,4,3,4,2,3,2,5,3,2.0,5.0,3.0,3.0,5,
Company264,09/06/1997,San Francisco,Tech,Services,6,6.0,6.0,6.0,2,10,10,10,10,10,2,10,7.5,6,4,12,3,12,5,6,3,1,5,4,4,5.0,12.5,2.5,7.5,15,
Company265,01/18/2013,Philadelphia,Non-Tech,Finance,4,5.0,4.0,4.0,2,3,5,4,4,4,5,3,5.0,0,0,0,0,0,1,5,2,5,1,0,0,0.0,0.0,2.0,3.0,0,
Company266,11/26/2010,New York,Tech,Services,5,7.5,4.0,4.0,2,4,5,4,4,4,3,4,4.0,0,0,0,0,12,4,5,2,3,5,2,0,0.0,0.0,4.0,2.0,0,
Company267,04/01/2000,Los Angeles,Non-Tech,Finance,4,5.0,4.0,4.0,2,2,5,4,4,4,4,4,4.0,0,0,0,0,0,3,5,2,3,2,0,0,0.0,0.0,3.0,3.0,0,
Company268,07/10/2013,San Diego,Non-Tech,Finance,12,6.0,3.0,5.0,2,4,5,4,4,10,3,4,5.0,0,0,0,15,0,1,1,1,4,2,10,6,0.0,0.0,5.0,2.0,20,
Company269,08/14/2009,Milwaukee,Non-Tech,Finance,4,7.5,4.0,6.0,1,2,3,5,10,10,2,5,5.0,0,0,0,0,0,3,12,1,2,1,0,0,0.0,0.0,2.0,3.0,0,
Company270,07/10/2004,Boulder,Non-Tech,Services,2,3.0,4.0,4.0,3,2,4,4,4,4,3,4,5.0,2,0,0,0,0,1,1,1,2,3,0,0,2.0,0.0,1.0,3.0,0,
Company271,09/06/1996,Atlanta,Non-Tech,Services,4,2.0,4.0,4.0,1,2,1,4,4,5,4,4,5.0,3,4,0,3,0,3,1,1,5,5,0,3,3.0,1.0,4.0,3.0,0,
Company272,01/16/2009,Boulder,Non-Tech,Services,4,3.0,4.0,4.0,1,5,5,5,5,5,5,3,4.0,3,2,4,2,4,4,5,5,2,5,3,3,2.0,5.0,2.0,2.0,3,
Company273,08/27/1999,San Francisco,Tech,Finance,3,5.0,4.0,4.0,2,4,5,2,4,5,5,3,5.0,0,0,0,0,0,2,4,3,1,1,0,0,0.0,0.0,2.0,7.5,0,
Company274,07/07/2010,San Francisco,Tech,Services,2,4.0,4.0,4.0,1,3,5,4,5,5,3,5,5.0,3,4,0,3,4,3,5,1,3,3,3,4,3.0,0.0,5.0,3.0,0,
Company275,11/14/2012,San Francisco,Tech,Finance,4,5.0,4.0,4.0,2,3,5,5,4,4,3,5,4.0,3,0,0,2,0,5,1,1,3,1,0,2,2.0,0.0,1.0,2.0,5,
Company276,01/31/2012,Richmond,Non-Tech,Services,9,5.0,4.0,4.0,6,2,10,4,5,10,10,4,7.5,9,10,15,0,12,5,15,15,3,5,0,4,0.0,2.5,5.0,7.5,25,
Company277,02/09/2010,"Washington, D.C.",Non-Tech,Services,3,5.0,4.0,3.0,1,3,5,5,5,5,2,5,5.0,2,2,4,2,4,4,3,1,3,5,3,3,3.0,4.0,2.0,2.0,5,
Company278,10/21/2011,Long Beach,Non-Tech,Finance,4,5.0,4.0,4.0,1,3,5,5,5,5,5,5,4.0,0,0,0,0,0,3,5,1,4,1,0,0,0.0,0.0,2.0,3.0,0,
Company279,07/10/2004,San Francisco,Tech,Services,4,3.0,4.0,3.0,1,2,5,8,4,10,10,10,4.0,1,2,12,2,12,5,5,6,1,10,2,3,2.0,2.0,2.0,7.5,5,
Company280,03/05/2012,New York,Tech,Finance,6,2.0,6.0,7.5,6,1,10,10,4,10,4,4,7.5,0,0,1,0,0,5,6,9,1,5,0,3,0.0,0.0,2.5,7.5,2,
Company281,03/18/2007,Philadelphia,Non-Tech,Services,3,3.0,4.0,4.0,2,2,5,4,5,5,2,5,5.0,3,5,5,2,4,5,3,2,3,4,3,4,3.0,5.0,2.0,2.0,5,
Company282,08/05/2013,Oklahoma City,Non-Tech,Finance,2,2.0,4.0,4.0,3,1,4,5,5,5,2,5,5.0,0,0,0,0,0,2,1,1,1,1,0,0,0.0,0.0,1.0,3.0,0,16197000.0
Company283,04/04/2012,Boulder,Non-Tech,Finance,2,5.0,4.0,3.0,1,4,5,4,4,4,5,5,5.0,0,0,0,0,0,5,5,3,5,3,0,0,0.0,0.0,5.0,2.0,0,
Company284,03/24/2008,Dallas,Non-Tech,Finance,2,3.0,4.0,3.0,1,2,5,4,4,5,3,4,5.0,0,0,0,0,0,2,1,1,1,1,0,0,0.0,0.0,1.0,3.0,0,
Company285,06/01/2010,San Diego,Non-Tech,Services,4,4.0,4.0,4.0,2,2,5,4,5,5,3,5,5.0,3,4,4,3,3,5,5,3,3,5,5,5,5.0,3.0,3.0,3.0,3,
Company286,11/25/2008,San Francisco,Tech,Services,4,5.0,2.0,4.0,1,2,5,4,4,4,4,5,5.0,0,4,4,1,5,4,5,1,1,1,5,0,4.0,5.0,1.0,3.0,5,
Company287,11/08/2013,Cleveland,Non-Tech,Finance,3,3.0,3.0,4.0,3,1,5,4,4,4,3,4,4.0,0,0,0,0,0,1,1,1,1,3,0,0,0.0,0.0,1.0,3.0,0,
Company288,11/25/2008,Los Angeles,Non-Tech,Services,6,4.5,6.0,6.0,2,4,10,8,8,8,10,6,6.0,15,10,15,9,12,25,15,6,3,20,8,10,4.0,5.0,7.5,2.0,20,
Company289,03/24/2008,Dallas,Non-Tech,Finance,1,2.0,3.0,3.0,2,2,1,4,4,5,4,4,5.0,0,0,0,0,0,1,1,1,1,1,0,0,0.0,0.0,1.0,3.0,0,
Company290,05/03/2013,Oklahoma City,Non-Tech,Finance,4,5.0,4.0,4.0,2,2,5,5,5,4,1,5,5.0,0,0,0,0,0,3,1,2,3,1,0,0,0.0,0.0,3.0,3.0,0,
Company291,02/11/1998,New York,Tech,Services,3,5.0,4.0,4.0,1,4,5,4,5,5,3,5,4.0,5,5,2,4,3,3,4,1,3,2,3,5,5.0,2.0,3.0,2.0,5,
Company292,08/25/2007,San Francisco,Tech,Finance,4,3.0,4.0,5.0,1,2,5,5,4,5,1,4,5.0,0,0,0,0,0,3,5,2,1,2,0,0,0.0,0.0,4.0,3.0,0,
Company293,08/25/2006,Milwaukee,Non-Tech,Finance,2,3.0,4.0,4.0,1,1,5,4,5,5,3,5,5.0,0,5,0,0,0,3,4,1,2,1,0,4,0.0,0.0,2.0,1.0,3,
Company294,06/01/2010,San Francisco,Tech,Services,4,4.0,4.0,4.0,2,2,5,8,5,5,4,4,5.0,0,4,4,3,3,20,5,3,3,5,5,5,0.0,0.0,5.0,3.0,3,
Company295,08/23/2013,Denver,Non-Tech,Finance,12,7.5,6.0,4.5,1,4,10,8,10,10,6,4,7.5,3,0,0,0,0,25,5,15,4,25,0,0,0.0,0.0,3.0,1.0,0,
Company296,06/01/2012,Denver,Non-Tech,Services,2,3.0,4.0,4.0,1,4,5,5,5,5,1,5,5.0,1,2,4,1,3,1,3,1,1,1,2,4,4.0,5.0,2.0,3.0,5,
Company297,11/17/1995,Dallas,Non-Tech,Finance,4,4.0,3.0,4.0,2,3,5,4,4,4,3,5,4.0,0,0,0,0,0,3,5,1,2,2,5,0,0.0,0.0,4.0,3.0,0,
Company298,11/29/2008,San Francisco,Tech,Finance,12,3.0,6.0,4.0,2,2,5,8,4,4,6,4,6.0,0,0,0,0,0,3,4,2,2,4,0,0,0.0,0.0,10.0,3.0,0,
Company299,01/16/2009,San Jose,Tech,Services,4,5.0,2.0,5.0,1,2,5,5,5,5,3,5,5.0,3,3,0,0,0,4,5,5,1,5,0,0,3.0,0.0,3.0,2.0,4,
Company300,09/26/2003,San Francisco,Tech,Finance,6,5.0,5.0,3.0,1,3,5,10,5,5,2,10,7.5,0,0,0,0,0,2,3,3,2,1,0,3,0.0,0.0,3.0,3.0,0,
Company301,05/07/2010,Milwaukee,Non-Tech,Services,2,4.0,5.0,3.0,1,2,1,5,4,4,5,5,3.0,3,4,0,1,5,2,5,3,1,2,3,0,3.0,0.0,4.0,2.0,0,
Company302,09/20/2013,New York,Tech,Finance,3,5.0,3.0,4.0,2,3,5,5,5,5,2,5,5.0,0,0,0,0,0,1,1,1,1,1,0,0,0.0,0.0,2.0,3.0,0,
Company303,02/26/1998,San Francisco,Tech,Services,1,1.0,5.0,4.0,1,6,1,4,4,5,3,5,5.0,5,4,4,2,4,2,3,2,1,15,2,2,3.0,5.0,2.0,3.0,2,
Company304,06/18/2007,San Francisco,Tech,Finance,3,3.0,4.0,4.0,1,3,5,5,5,5,6,5,5.0,0,0,0,0,0,3,3,2,1,2,0,0,0.0,0.0,2.0,3.0,0,
Company305,04/28/2012,Austin,Non-Tech,Services,2,2.0,4.5,4.0,2,4,10,4,5,8,3,8,5.0,0,0,12,0,0,25,4,3,1,1,0,4,0.0,0.0,7.5,3.0,0,
Company306,06/09/2007,San Antonio,Non-Tech,Finance,3,3.0,4.0,3.0,2,3,5,5,5,5,2,5,7.5,0,0,0,0,0,4,4,1,1,3,0,0,0.0,0.0,2.5,3.0,0,
Company307,11/08/2013,Oklahoma City,Non-Tech,Finance,2,5.0,3.0,4.0,1,2,5,4,4,4,4,4,3.0,0,0,0,0,0,3,4,1,2,1,0,0,0.0,0.0,2.0,3.0,0,
Company308,10/23/2004,Detroit,Non-Tech,Finance,2,4.0,4.0,4.0,1,1,5,5,5,5,2,5,5.0,3,0,0,0,3,1,2,1,1,1,0,0,5.0,0.0,2.5,3.0,0,
Company309,12/08/2012,Boise,Non-Tech,Finance,2,3.0,4.0,4.0,2,2,5,5,5,5,1,5,5.0,0,0,0,0,0,3,5,1,4,2,0,0,5.0,0.0,3.0,2.0,5,
Company310,10/04/2012,San Francisco,Tech,Finance,3,4.0,2.0,5.0,2,1,5,5,5,5,2,5,5.0,0,0,0,0,0,1,2,1,1,2,0,0,0.0,0.0,2.0,3.0,0,
Company311,12/23/2005,San Francisco,Tech,Services,5,5.0,4.0,4.0,1,3,5,5,4,4,4,4,4.0,3,4,4,4,4,5,5,2,4,3,3,3,1.0,4.0,5.0,2.0,5,
Company312,08/01/2010,Atlanta,Non-Tech,Finance,4,5.0,4.0,4.0,1,5,5,4,5,5,3,5,5.0,0,0,0,0,0,1,5,2,4,1,0,0,0.0,0.0,5.0,3.0,0,
Company313,05/07/2010,Chicago,Non-Tech,Services,2,4.0,5.0,3.0,2,2,3,3,4,4,5,2,3.0,3,0,0,1,5,2,5,3,1,1,3,2,3.0,4.0,2.0,3.0,5,
Company314,06/01/2012,Los Angeles,Non-Tech,Services,3,3.0,4.0,4.0,1,4,5,5,8,5,1,5,5.0,1,0,4,1,0,1,3,1,2,1,2,4,4.0,5.0,2.0,3.0,0,
Company315,06/01/2009,San Francisco,Tech,Services,4,5.0,5.0,4.0,1,5,5,3,4,5,5,3,5.0,3,4,5,5,4,5,5,5,5,5,5,3,5.0,1.0,5.0,1.0,5,45542000.0
Company316,11/13/2009,Houston,Non-Tech,Finance,3,4.0,2.0,5.0,3,1,5,5,5,5,2,5,5.0,0,0,0,0,0,4,1,1,1,3,0,0,0.0,0.0,2.0,1.0,0,
Company317,04/13/2007,San Jose,Tech,Services,6,2.0,6.0,6.0,2,6,2,10,10,10,4,10,7.5,0,0,0,0,0,2,3,6,2,1,0,0,0.0,0.0,2.0,3.0,0,
Company318,09/20/2013,Denver,Non-Tech,Finance,12,7.5,6.0,4.0,4,1,3,10,5,5,1,5,7.5,0,0,0,0,0,20,3,1,3,1,0,0,0.0,0.0,2.5,3.0,0,
Company319,12/20/1997,Chicago,Non-Tech,Services,3,5.0,4.0,4.0,2,2,5,4,5,5,5,2,5.0,2,4,5,3,4,3,5,5,2,1,3,5,4.0,0.0,3.0,2.0,5,
Company320,10/23/2004,San Jose,Tech,Finance,2,4.5,4.0,4.0,1,1,5,10,5,5,2,5,5.0,0,0,0,0,0,3,1,3,1,2,0,0,0.0,0.0,1.0,3.0,0,
Company321,10/06/2006,San Diego,Non-Tech,Finance,4,5.0,4.0,4.0,1,2,5,4,5,5,4,4,5.0,0,0,0,0,0,3,5,2,4,2,0,0,0.0,0.0,3.0,2.0,0,
Company322,11/13/2009,Newark,Non-Tech,Finance,3,4.0,4.0,4.0,1,1,5,5,5,5,3,5,5.0,0,0,0,0,0,4,5,1,1,3,0,0,0.0,0.0,2.0,3.0,0,
Company323,06/30/2001,Tucson,Non-Tech,Finance,2,4.0,4.0,4.0,2,3,5,5,5,4,2,5,4.0,0,0,0,0,0,3,1,2,1,1,0,0,0.0,0.0,2.0,3.0,0,
Company324,12/16/2009,San Francisco,Tech,Services,2,4.0,4.0,4.0,2,2,5,6,4,5,5,5,4.0,0,8,0,9,9,25,5,15,1,5,0,0,10.0,2.0,12.5,3.0,20,
Company325,04/18/2008,San Francisco,Tech,Finance,4,4.0,4.0,4.0,2,2,5,4,5,5,1,5,5.0,0,0,4,0,0,2,2,1,2,1,0,0,0.0,5.0,3.0,3.0,5,
Company326,07/28/2000,Newark,Non-Tech,Finance,5,5.0,4.0,5.0,3,4,5,4,4,4,1,4,4.0,0,0,0,2,5,2,5,3,5,3,3,3,3.0,3.0,3.0,0.0,3,
Company327,08/26/2000,Detroit,Non-Tech,Other,4,2.0,4.0,4.0,1,5,5,4,4,5,3,4,5.0,0,0,0,0,0,5,5,1,1,1,0,0,0.0,0.0,5.0,3.0,0,
Company328,08/19/2006,Detroit,Non-Tech,Finance,3,4.0,4.0,3.0,2,3,5,5,4,5,4,4,5.0,0,0,0,0,0,5,2,1,1,1,0,0,0.0,0.0,3.0,3.0,0,
Company329,07/07/2010,Boston,Non-Tech,Finance,3,3.0,4.0,4.0,1,2,5,3,5,5,2,5,5.0,0,4,0,0,0,3,5,1,2,3,3,0,0.0,0.0,4.0,3.0,1,
Company330,04/28/2012,San Francisco,Tech,Finance,15,3.0,2.0,4.0,1,2,5,4,8,4,6,5,6.0,0,4,12,0,3,1,2,1,1,10,0,0,7.5,0.0,1.0,7.5,0,
Company331,08/20/2004,Oklahoma City,Non-Tech,Services,4,5.0,5.0,3.0,1,1,5,5,5,5,2,5,5.0,4,2,4,1,3,4,5,4,5,2,5,2,4.0,2.0,4.0,2.0,5,
Company332,04/26/2013,San Francisco,Tech,Services,3,4.0,3.0,4.0,2,2,10,4,4,8,10,4,5.0,3,0,0,0,0,3,15,1,1,4,10,0,0.0,2.5,3.0,3.0,0,
Company333,04/04/2008,San Diego,Non-Tech,Services,4,5.0,4.0,6.0,1,3,10,8,5,5,2,10,5.0,2,8,4,2,9,2,15,6,4,3,2,6,2.0,1.0,5.0,1.0,3,
Company334,09/01/2001,Boulder,Non-Tech,Finance,2,3.0,4.0,4.0,1,5,5,5,5,5,2,4,5.0,1,0,0,0,0,1,3,1,1,1,0,0,0.0,0.0,2.0,2.0,0,
Company335,03/19/2009,San Francisco,Tech,Finance,4,5.0,4.0,4.0,2,2,5,4,4,4,3,4,4.0,0,0,0,0,0,4,4,1,2,2,0,4,0.0,0.0,2.0,3.0,0,
Company336,12/23/2012,San Francisco,Tech,Services,2,2.0,3.0,5.0,2,1,10,4,4,10,3,4,4.0,12,0,0,0,0,25,4,1,1,2,0,0,0.0,0.0,2.0,3.0,10,
Company337,02/27/2013,Palo Alto,Non-Tech,Finance,2,5.0,4.0,4.0,2,2,2,4,4,4,5,5,5.0,0,0,0,0,0,3,3,3,5,2,0,0,0.0,0.0,5.0,0.0,0,
Company338,09/28/2010,San Jose,Tech,Finance,2,5.0,3.0,4.0,2,2,1,5,4,5,2,5,5.0,0,0,0,0,0,2,3,1,1,1,0,0,0.0,0.0,1.0,3.0,0,
Company339,02/09/2010,New York,Tech,Services,4,5.0,4.0,5.0,3,2,5,5,5,5,5,3,5.0,2,2,3,2,4,5,5,5,5,5,3,1,3.0,4.0,5.0,2.0,5,
Company340,05/15/2012,San Francisco,Tech,Finance,4,2.0,4.0,4.0,2,2,5,4,5,5,3,5,5.0,3,4,4,2,1,4,4,1,3,2,1,2,2.0,5.0,2.0,3.0,1,
Company341,11/13/2009,San Francisco,Tech,Finance,3,5.0,3.0,5.0,1,4,5,5,5,5,3,3,5.0,0,0,0,0,0,4,1,1,1,1,0,0,0.0,0.0,2.0,3.0,0,
Company342,03/18/2007,San Francisco,Tech,Services,3,3.0,4.0,4.0,1,2,5,4,5,4,4,5,4.0,3,0,5,3,0,3,5,1,2,4,0,4,0.0,0.0,2.0,3.0,5,
Company343,04/18/2008,Philadelphia,Non-Tech,Finance,3,4.0,4.0,4.0,2,2,10,5,5,5,1,5,5.0,0,0,0,15,0,25,15,1,2,25,0,0,0.0,2.5,3.0,3.0,0,
Company344,10/28/2012,Boston,Non-Tech,Finance,12,5.0,6.0,6.0,2,10,10,8,10,10,3,10,7.5,9,8,2,9,4,10,15,3,3,10,5,10,12.5,4.0,12.5,10.0,0,
Company345,04/14/2009,San Francisco,Tech,Services,6,5.0,6.0,4.0,4,2,10,8,4,10,2,8,7.5,0,4,12,3,0,3,12,3,2,10,6,6,2.0,0.0,4.0,7.5,15,
Company346,03/28/2009,Milwaukee,Non-Tech,Services,3,3.0,4.0,4.0,2,1,5,5,4,5,5,4,5.0,0,0,0,2,0,2,4,1,2,1,0,5,0.0,0.0,2.0,3.0,3,
Company347,07/14/2007,Atlanta,Non-Tech,Finance,1,4.0,4.0,4.0,1,2,1,10,10,10,2,5,5.0,0,0,0,0,0,3,1,1,1,1,0,0,0.0,0.0,1.0,3.0,0,
Company348,03/24/2008,Dallas,Non-Tech,Services,4,5.0,4.0,4.0,1,2,5,5,5,5,2,4,5.0,0,2,0,0,0,4,5,1,4,2,0,0,0.0,0.0,1.0,3.0,5,
Company349,06/29/1997,Philadelphia,Non-Tech,Services,3,5.0,4.0,4.0,2,3,5,5,5,5,2,3,5.0,3,4,4,3,4,5,5,2,2,3,5,4,3.0,4.0,4.0,3.0,5,
Company350,04/28/2012,Seattle,Non-Tech,Services,12,7.5,4.5,6.0,4,4,10,8,8,8,6,8,6.0,3,4,12,3,0,20,15,3,3,10,2,4,7.5,12.5,7.5,7.5,15,
Company351,06/24/2011,Baltimore,Non-Tech,Services,3,6.0,6.0,6.0,2,10,10,10,10,10,2,5,7.5,6,4,12,0,12,5,6,3,1,5,4,4,0.0,0.0,2.5,3.0,15,
Company352,09/01/2001,Los Angeles,Non-Tech,Finance,3,4.0,4.0,4.0,2,5,5,8,5,5,1,5,6.0,3,2,2,2,5,2,3,1,1,1,3,5,2.0,5.0,5.0,3.0,1,
Company353,06/26/2010,San Francisco,Tech,Finance,1,5.0,4.0,4.0,2,5,1,5,4,4,2,4,4.0,0,0,0,0,0,2,5,1,1,1,5,0,5.0,4.0,1.0,3.0,0,
Company354,07/15/2013,San Francisco,Tech,Services,2,5.0,4.0,4.0,1,2,5,4,4,5,4,4,5.0,0,0,0,0,0,2,5,1,3,1,0,0,0.0,0.0,2.0,3.0,0,
Company355,01/16/1999,Chicago,Non-Tech,Services,4,5.0,2.0,4.0,2,1,5,4,4,4,3,4,4.0,0,0,0,0,0,5,4,3,2,4,0,0,0.0,3.0,1.0,3.0,0,
Company356,09/09/2013,Milwaukee,Non-Tech,Finance,3,3.0,4.0,4.0,2,3,5,5,5,5,1,5,5.0,0,0,0,0,0,4,1,2,4,1,0,0,0.0,0.0,3.0,3.0,4,
Company357,10/12/2013,San Francisco,Tech,Services,3,7.5,6.0,4.0,4,4,5,4,5,5,4,4,5.0,0,0,0,0,0,20,9,1,4,10,0,0,0.0,0.0,5.0,3.0,0,
Company358,05/30/2006,Philadelphia,Non-Tech,Finance,4,5.0,4.0,4.0,2,5,5,4,4,4,4,4,4.0,0,0,0,0,0,3,5,3,5,2,0,0,0.0,0.0,5.0,1.0,0,
Company359,09/21/2012,San Jose,Tech,Services,4,5.0,4.0,4.0,2,3,5,5,4,5,2,4,5.0,1,2,3,1,0,2,3,1,1,3,2,0,2.0,3.0,2.0,3.0,5,
Company360,09/01/2001,San Jose,Tech,Finance,2,4.0,4.0,4.0,2,5,5,5,5,5,1,5,5.0,1,0,2,1,5,2,3,1,1,1,2,5,2.0,5.0,2.0,3.0,1,
Company361,09/28/2010,Philadelphia,Non-Tech,Finance,2,5.0,3.0,4.0,2,2,5,5,4,5,2,4,5.0,0,0,0,0,0,5,3,1,1,1,0,0,0.0,0.0,1.0,3.0,0,
Company362,06/01/2012,Boulder,Non-Tech,Finance,2,2.0,4.0,4.0,2,2,10,4,5,5,3,5,5.0,0,0,0,0,0,4,3,1,1,2,0,0,0.0,0.0,2.0,3.0,20,
Company363,02/06/2007,San Francisco,Tech,Finance,2,3.0,4.0,4.0,1,1,3,4,5,4,3,5,4.0,2,0,0,0,0,3,2,1,2,1,0,0,0.0,0.0,1.0,3.0,0,
Company364,11/12/2010,San Francisco,Tech,Services,4,5.0,4.0,4.0,1,3,5,4,4,5,2,5,5.0,3,4,4,3,5,5,4,1,2,2,2,3,0.0,5.0,2.0,3.0,5,
Company365,04/22/2010,San Francisco,Tech,Finance,4,5.0,5.0,3.0,1,5,5,5,5,5,2,5,5.0,3,0,0,0,0,4,5,5,3,2,0,0,0.0,0.0,4.0,3.0,0,
Company366,10/28/2012,San Francisco,Tech,Finance,4,5.0,4.0,4.0,2,4,5,4,4,4,5,3,4.0,0,0,2,0,0,4,5,3,5,3,5,5,5.0,0.0,4.0,0.0,1,
Company367,09/13/2006,New York,Tech,Finance,12,7.5,4.0,4.0,1,2,3,5,10,5,6,5,5.0,0,0,0,0,0,1,4,1,1,3,0,0,0.0,0.0,2.0,3.0,0,
Company368,09/08/2010,San Francisco,Tech,Finance,4,5.0,4.0,5.0,2,2,5,3,4,5,5,4,5.0,0,0,0,0,0,5,5,5,5,5,0,0,0.0,0.0,5.0,2.0,5,
Company369,05/15/2012,San Francisco,Tech,Finance,4,5.0,4.0,7.5,4,4,5,8,8,4,6,4,5.0,1,1,4,0,1,15,4,3,1,1,1,2,1.0,3.0,5.0,3.0,1,
Company370,04/26/2013,Seattle,Non-Tech,Finance,3,3.0,5.0,3.0,1,3,5,5,5,5,2,5,5.0,0,0,0,0,0,2,5,2,2,1,0,0,0.0,0.0,3.0,3.0,0,
Company371,07/04/2011,Boulder,Non-Tech,Finance,3,4.0,4.0,4.0,2,3,5,5,4,5,2,5,5.0,0,0,0,0,0,1,1,1,2,2,0,2,0.0,0.0,2.0,3.0,0,
Company372,08/28/2009,Kansas City,Non-Tech,Services,2,5.0,4.0,3.0,1,5,5,5,5,5,2,5,5.0,0,5,0,0,0,1,5,1,2,2,0,0,5.0,1.0,3.0,3.0,5,
Company373,09/09/2010,Los Angeles,Non-Tech,Finance,4,4.0,4.0,4.0,2,2,5,5,5,5,2,5,5.0,0,0,0,0,0,5,5,1,1,1,0,0,0.0,0.0,3.0,3.0,0,
Company374,11/08/2013,Cleveland,Non-Tech,Services,3,5.0,3.0,4.0,3,2,10,4,4,10,3,10,4.0,0,0,0,3,12,5,3,1,1,3,0,0,0.0,0.0,5.0,3.0,10,
Company375,11/29/2007,San Francisco,Tech,Services,2,2.0,4.0,4.0,2,2,5,4,5,5,2,5,5.0,0,0,0,1,0,4,5,3,2,2,0,1,0.0,0.0,2.0,3.0,0,
Company376,11/21/1999,Boulder,Non-Tech,Finance,1,4.0,5.0,4.0,2,1,5,5,5,5,1,5,5.0,3,0,0,0,0,1,1,1,1,1,0,0,0.0,0.0,1.0,3.0,0,
Company377,03/24/2009,San Francisco,Tech,Finance,2,3.0,4.0,4.0,2,2,5,4,5,5,4,5,5.0,2,3,4,3,4,4,4,2,1,1,1,3,1.0,4.0,2.0,3.0,4,
Company378,03/24/2009,New York,Tech,Finance,2,3.0,4.0,4.0,2,2,5,4,5,5,4,5,5.0,2,3,4,3,4,4,4,2,1,4,1,3,1.0,4.0,2.0,3.0,4,
Company379,06/07/2013,New York,Tech,Services,4,5.0,4.0,4.0,2,2,5,4,4,4,4,4,3.0,0,0,0,0,0,5,5,3,4,4,0,0,0.0,0.0,5.0,1.0,0,
Company380,04/17/2009,Philadelphia,Non-Tech,Finance,4,5.0,4.0,5.0,2,3,5,4,4,5,5,4,5.0,0,0,0,0,0,5,4,5,5,5,0,0,0.0,0.0,5.0,2.0,0,
Company381,03/06/2013,San Francisco,Tech,Finance,2,5.0,4.0,4.0,2,2,5,5,5,5,1,3,5.0,0,0,0,0,0,3,2,1,1,1,0,0,0.0,0.0,4.0,3.0,0,
Company382,10/30/2013,San Francisco,Tech,Finance,3,4.0,4.0,4.0,1,2,5,5,5,5,2,5,5.0,0,0,0,0,0,5,1,1,3,5,0,0,0.0,0.0,3.0,3.0,0,
Company383,01/22/2011,Houston,Non-Tech,Finance,9,4.5,4.0,4.0,2,2,6,5,10,5,3,5,7.5,0,0,0,0,0,25,5,3,1,4,0,0,0.0,0.0,2.5,3.0,0,
Company384,04/13/2007,San Jose,Tech,Finance,6,4.5,4.0,7.5,6,6,5,5,5,5,1,10,7.5,6,4,0,3,12,25,3,6,2,1,0,0,0.0,2.5,3.0,7.5,0,
Company385,03/19/2009,San Francisco,Tech,Finance,4,5.0,4.0,4.0,4,2,5,6,8,8,4,6,5.0,0,0,0,0,0,5,4,9,3,1,0,0,0.0,0.0,2.0,7.5,0,
Company386,11/13/2013,Philadelphia,Non-Tech,Finance,4,5.0,2.0,4.0,2,1,5,4,4,4,3,4,4.0,0,0,0,0,0,3,2,2,1,2,0,0,0.0,0.0,1.0,3.0,0,
Company387,08/15/2005,New York,Tech,Services,9,5.0,5.0,7.5,1,4,10,5,5,8,3,6,5.0,1,2,12,1,4,2,1,3,3,5,2,4,3.0,1.0,10.0,3.0,20,
Company388,12/29/2012,San Francisco,Tech,Services,4,5.0,4.0,4.0,1,2,5,3,4,5,5,4,5.0,5,4,4,3,3,3,5,4,5,5,4,4,1.0,3.0,4.0,1.0,5,
Company389,03/19/2012,"Washington, D.C.",Non-Tech,Services,2,7.5,4.0,7.5,4,2,10,4,6,8,10,2,5.0,2,3,4,0,4,4,15,2,1,2,2,2,2.0,2.5,1.0,3.0,5,
Company390,12/18/1998,New York,Tech,Services,4,5.0,4.0,4.0,2,3,5,4,4,5,3,4,3.0,2,3,2,2,5,5,5,3,5,4,1,4,1.0,2.0,5.0,1.0,4,
Company391,03/05/1996,San Francisco,Tech,Services,5,5.0,4.0,4.0,1,2,5,5,4,5,1,3,5.0,0,2,4,0,4,4,5,1,5,1,1,4,1.0,0.0,5.0,1.0,5,
Company392,01/27/2005,San Jose,Tech,Finance,4,5.0,4.0,4.0,4,6,5,4,10,5,1,10,5.0,0,0,0,0,0,3,3,2,4,4,0,0,0.0,0.0,2.0,7.5,0,
Company393,08/06/2009,San Francisco,Tech,Finance,6,5.0,4.0,4.0,2,2,5,4,4,10,4,4,7.5,0,0,0,0,0,5,6,1,3,1,0,0,0.0,0.0,4.0,7.5,0,
Company394,09/20/2013,San Francisco,Tech,Finance,3,7.5,4.0,4.0,2,2,10,4,5,5,2,5,5.0,2,2,4,1,4,10,5,1,1,1,1,4,1.0,0.0,3.0,1.0,0,
Company395,07/10/2004,Kansas City,Non-Tech,Services,2,3.0,4.0,4.0,1,5,5,4,4,4,5,5,4.0,2,2,4,2,4,5,5,2,2,3,5,3,2.0,0.0,2.0,2.0,3,
Company396,01/05/2000,New York,Tech,Finance,5,4.0,4.0,4.0,2,2,5,4,4,4,4,3,4.0,0,0,0,0,0,3,5,3,3,2,0,0,0.0,0.0,4.0,3.0,0,
Company397,08/22/2004,Palo Alto,Non-Tech,Services,4,5.0,4.0,4.0,1,3,5,4,4,5,3,4,4.0,3,0,3,0,0,3,5,1,2,1,0,4,0.0,0.0,3.0,3.0,3,
Company398,08/13/2009,San Francisco,Tech,Finance,2,3.0,5.0,4.0,2,1,5,3,4,4,5,5,4.0,0,0,0,0,0,3,5,5,4,2,0,0,0.0,0.0,3.0,3.0,0,
Company399,11/22/2009,Boulder,Non-Tech,Finance,4,4.0,4.0,4.0,2,2,5,5,5,5,2,5,5.0,0,1,4,0,0,4,4,1,2,1,0,0,1.0,0.0,2.0,3.0,0,
Company400,01/31/2012,New York,Tech,Services,4,7.5,6.0,5.0,1,4,10,4,4,4,5,4,4.0,9,10,3,1,4,5,5,15,5,3,5,5,5.0,3.0,5.0,2.0,25,
Company401,12/02/2008,San Jose,Tech,Finance,3,2.0,4.0,5.0,3,3,1,5,5,5,2,4,4.0,0,0,0,0,0,1,2,1,1,1,0,0,0.0,0.0,1.0,3.0,0,
Company402,07/26/2011,Seattle,Non-Tech,Finance,3,3.0,4.0,4.0,2,2,5,4,5,5,3,5,5.0,0,0,0,0,0,3,5,1,3,2,0,0,0.0,0.0,2.0,3.0,0,33514000.0
Company403,12/08/2012,Atlanta,Non-Tech,Services,2,3.0,4.0,4.0,2,2,5,5,5,5,1,5,5.0,2,4,0,4,1,5,4,2,4,10,2,1,1.0,0.0,3.0,3.0,0,
Company404,06/30/2001,Dallas,Non-Tech,Finance,3,6.0,6.0,4.0,2,3,10,5,10,5,2,10,4.0,0,0,0,0,0,3,1,3,1,1,0,0,0.0,0.0,2.0,3.0,0,
Company405,09/23/2008,Detroit,Non-Tech,Finance,2,6.0,6.0,6.0,4,2,10,8,10,10,6,8,7.5,1,0,2,0,0,5,3,3,1,2,0,0,0.0,0.0,5.0,5.0,0,
Company406,08/11/2010,Phoenix,Non-Tech,Finance,3,4.0,2.0,5.0,2,2,5,4,5,5,3,4,5.0,0,0,0,0,0,2,1,1,2,1,0,0,0.0,0.0,2.0,3.0,0,
Company407,02/07/2007,San Francisco,Tech,Finance,15,5.0,4.0,4.0,1,2,10,5,8,8,1,5,5.0,0,0,12,0,0,1,4,2,5,3,0,0,10.0,0.0,2.0,2.5,0,
Company408,06/06/2003,San Francisco,Tech,Finance,5,2.0,4.0,4.0,2,2,5,5,4,4,4,4,5.0,0,1,0,1,0,1,1,3,4,1,0,1,1.0,0.0,5.0,2.0,0,
Company409,11/14/2012,Los Angeles,Non-Tech,Services,4,7.5,4.0,6.0,2,2,5,10,5,5,4,5,5.0,12,8,4,15,4,4,5,1,2,1,10,2,2.0,4.0,10.0,2.0,1,
Company410,09/09/2010,San Francisco,Tech,Finance,4,4.0,4.0,4.0,2,2,5,5,5,5,2,5,5.0,0,0,0,0,4,4,2,5,1,1,0,0,0.0,0.0,1.0,2.0,0,
Company411,05/03/2009,Seattle,Non-Tech,Finance,12,7.5,6.0,6.0,2,2,10,8,8,10,5,8,7.5,0,4,0,0,0,25,12,9,4,25,0,0,10.0,0.0,5.0,7.5,0,
Company412,01/23/2009,Los Angeles,Non-Tech,Services,1,2.0,4.0,4.0,2,1,1,4,4,4,2,4,4.0,1,1,1,1,1,1,1,1,1,1,1,1,1.0,5.0,1.0,2.0,2,
Company413,05/01/2013,Boston,Non-Tech,Finance,3,3.0,4.0,4.0,2,1,4,4,5,5,1,5,5.0,1,4,0,1,0,4,1,1,2,2,0,4,2.0,5.0,2.0,3.0,5,
Company414,02/07/2009,Palo Alto,Non-Tech,Services,3,3.0,4.0,3.0,1,3,5,5,5,4,5,5,5.0,3,0,0,5,4,5,5,2,1,4,0,0,3.0,0.0,5.0,3.0,0,
Company415,11/08/2013,Cleveland,Non-Tech,Services,3,6.0,4.0,4.0,1,3,5,4,4,4,3,6,4.0,0,0,3,1,4,5,2,1,4,5,2,0,0.0,1.0,2.0,3.0,5,
Company416,08/25/2006,Oklahoma City,Non-Tech,Finance,2,3.0,4.0,4.0,1,1,3,4,5,5,3,4,4.0,0,0,0,0,0,3,5,1,3,1,0,0,0.0,0.0,1.0,3.0,0,
Company417,02/01/2012,Los Angeles,Non-Tech,Services,15,4.0,4.5,6.0,4,4,10,10,10,10,4,10,7.5,6,2,6,3,12,20,3,3,2,5,6,6,7.5,12.5,1.0,7.5,10,
Company418,11/29/2008,New York,Tech,Finance,2,3.0,4.0,4.0,2,2,5,4,4,4,3,4,4.0,0,0,0,0,0,3,5,2,3,3,0,0,0.0,0.0,2.0,3.0,0,
Company419,08/20/2004,Charlotte,Non-Tech,Services,4,4.0,4.0,4.0,2,2,5,4,5,5,2,5,5.0,3,5,4,4,5,5,5,4,3,2,4,4,4.0,4.0,4.0,2.0,4,
Company420,10/04/2000,Nashville,Non-Tech,Finance,3,5.0,5.0,5.0,1,2,5,5,5,5,1,5,5.0,0,0,0,0,0,2,1,2,1,1,0,0,0.0,0.0,3.0,3.0,0,
Company421,04/04/2012,San Francisco,Tech,Finance,6,4.5,4.0,5.0,2,2,5,6,4,8,5,6,5.0,0,0,0,0,0,5,5,6,5,3,0,0,0.0,0.0,5.0,0.0,0,
Company422,08/05/2011,Seattle,Non-Tech,Finance,4,5.0,4.0,4.0,2,2,5,5,4,5,2,4,5.0,0,0,0,0,0,5,5,1,5,5,0,0,0.0,0.0,5.0,0.0,0,
Company423,04/14/2009,Pittsburgh,Non-Tech,Services,4,5.0,4.0,6.0,4,2,5,8,8,10,4,5,5.0,0,0,12,0,0,5,3,3,2,1,0,0,10.0,12.5,5.0,7.5,0,
Company424,09/09/2010,"Washington, D.C.",Non-Tech,Finance,3,4.0,4.0,4.0,2,2,5,5,5,5,2,5,5.0,0,0,0,0,0,3,2,1,1,1,0,0,0.0,0.0,1.0,3.0,0,
Company425,06/27/2007,Los Angeles,Non-Tech,Finance,5,5.0,3.0,5.0,2,2,5,4,4,5,4,4,5.0,0,0,0,0,0,5,1,1,2,1,0,0,0.0,0.0,3.0,3.0,0,
Company426,02/29/2012,Austin,Non-Tech,Finance,2,2.0,4.0,4.0,2,2,5,4,4,5,3,4,5.0,0,0,0,0,0,3,3,1,3,2,0,0,0.0,0.0,1.0,3.0,0,
Company427,01/22/2013,San Jose,Tech,Finance,12,7.5,6.0,6.0,2,10,10,8,5,10,6,10,7.5,9,8,12,9,12,10,15,3,5,10,10,10,12.5,10.0,12.5,10.0,15,
Company428,08/03/2012,Bellevue,Non-Tech,Finance,1,2.0,2.0,5.0,2,2,1,4,4,5,4,4,5.0,0,0,0,0,0,1,1,1,1,1,2,5,0.0,0.0,1.0,3.0,0,
Company429,02/01/2012,San Francisco,Tech,Services,2,7.5,4.5,5.0,4,1,10,10,10,10,4,10,7.5,2,0,0,3,0,1,3,3,2,1,4,6,7.5,0.0,5.0,3.0,0,
Company430,09/07/2010,Denver,Non-Tech,Finance,4,5.0,4.0,5.0,1,3,10,5,8,5,1,5,5.0,0,0,0,0,0,3,3,2,3,3,0,0,0.0,0.0,5.0,1.0,0,
Company431,05/01/1998,Phoenix,Non-Tech,Finance,3,5.0,3.0,4.0,2,4,5,4,5,5,4,3,4.0,0,5,0,0,0,3,5,4,1,3,0,0,0.0,0.0,2.0,2.0,0,
Company432,08/18/2012,San Francisco,Tech,Services,2,3.0,4.0,4.0,2,2,5,4,5,5,4,5,5.0,2,3,0,0,4,2,4,2,1,4,1,3,1.0,4.0,2.0,3.0,4,
Company433,11/29/2008,Atlanta,Non-Tech,Finance,3,3.0,4.0,4.0,2,3,5,4,5,4,3,5,4.0,0,2,0,0,0,3,5,1,4,3,0,4,0.0,0.0,2.0,3.0,0,
Company434,07/10/2013,San Francisco,Tech,Finance,5,5.0,3.0,5.0,2,4,5,4,4,4,5,5,4.0,0,0,0,0,0,5,5,1,5,2,0,0,0.0,0.0,5.0,3.0,0,
Company435,09/26/2006,San Francisco,Tech,Services,12,6.0,6.0,6.0,2,8,10,10,10,10,4,10,7.5,3,4,12,0,12,15,15,3,5,20,4,2,7.5,2.5,7.5,5.0,25,
Company436,05/06/2013,Seattle,Non-Tech,Services,2,5.0,4.0,4.0,2,2,5,4,5,5,3,5,5.0,3,0,0,2,0,2,1,2,1,3,0,0,2.0,0.0,3.0,2.0,5,
Company437,07/10/2004,San Francisco,Tech,Services,2,3.0,4.0,5.0,1,2,5,4,4,5,5,3,5.0,4,2,4,2,3,5,5,1,2,2,5,3,2.0,1.0,2.0,2.0,3,
Company438,12/24/2010,Detroit,Non-Tech,Services,4,4.0,4.0,3.0,2,2,5,4,4,5,2,5,5.0,4,4,3,5,4,4,4,2,3,2,3,2,2.0,5.0,2.0,2.0,5,
Company439,04/01/2000,San Francisco,Tech,Finance,4,5.0,4.0,4.0,2,2,5,4,4,4,4,4,4.0,0,0,0,0,0,5,5,2,2,2,0,0,0.0,0.0,3.0,3.0,0,
Company440,06/06/2007,Los Angeles,Non-Tech,Services,3,4.0,4.0,4.0,1,2,5,4,5,5,2,5,5.0,0,0,0,0,0,3,4,1,3,4,4,0,4.0,0.0,1.0,3.0,0,
Company441,09/20/2013,Boise,Non-Tech,Finance,2,5.0,3.0,4.0,2,3,5,4,5,5,2,5,5.0,0,0,0,0,0,3,1,1,1,3,0,3,0.0,0.0,2.0,3.0,0,
Company442,03/09/1998,New York,Tech,Finance,4,5.0,4.0,4.0,1,3,5,5,4,4,4,4,5.0,0,3,0,0,0,5,5,2,3,2,0,0,0.0,0.0,4.0,2.0,0,
Company443,01/31/2012,San Francisco,Tech,Finance,9,7.5,2.0,7.5,6,4,10,2,8,10,10,4,7.5,9,0,0,6,12,25,15,3,1,1,0,4,3.0,2.5,5.0,7.5,0,
Company444,10/17/2008,Los Angeles,Non-Tech,Finance,2,3.0,4.0,4.0,2,2,5,4,5,5,5,5,5.0,0,0,0,0,0,2,1,1,3,1,0,0,0.0,4.0,2.0,3.0,0,
Company445,12/07/2004,San Francisco,Tech,Services,4,5.0,3.0,5.0,2,2,5,4,5,5,1,5,5.0,0,1,2,1,1,2,2,1,2,1,1,0,0.0,1.0,2.0,3.0,0,
Company446,09/23/2008,Detroit,Non-Tech,Finance,6,6.0,6.0,6.0,1,4,10,8,8,10,6,5,5.0,0,0,0,0,0,10,3,3,1,5,0,0,0.0,0.0,5.0,7.5,0,
Company447,01/18/2011,San Francisco,Tech,Finance,3,5.0,4.0,4.0,2,5,5,4,5,4,3,5,4.0,0,0,0,0,0,1,4,1,1,1,0,0,0.0,0.0,2.0,2.0,0,54617000.0
Company448,07/14/2000,San Francisco,Tech,Services,1,2.0,4.0,4.0,2,1,1,5,4,4,2,4,4.0,1,1,1,1,1,1,1,1,1,1,1,1,1.0,5.0,7.5,2.0,2,
Company449,07/16/2012,San Francisco,Tech,Services,1,5.0,4.0,4.0,1,5,5,4,5,5,3,5,5.0,0,0,2,0,0,2,5,2,2,3,4,4,0.0,5.0,3.0,1.0,5,
Company450,09/04/2009,Dallas,Non-Tech,Services,4,5.0,4.0,5.0,3,2,5,2,4,5,5,3,5.0,3,3,3,2,4,5,5,5,5,5,1,1,1.0,1.0,5.0,0.0,5,
Company451,11/26/2009,San Francisco,Tech,Finance,4,5.0,5.0,4.0,1,4,1,5,5,4,3,5,4.0,3,5,0,0,0,1,5,1,2,2,5,4,0.0,0.0,3.0,2.0,0,
Company452,05/01/2013,Seattle,Non-Tech,Finance,2,3.0,4.0,3.0,1,1,3,5,5,5,1,5,5.0,0,0,0,0,0,1,1,1,2,1,0,0,0.0,0.0,1.0,3.0,0,
Company453,08/07/2013,San Diego,Non-Tech,Finance,6,5.0,4.0,6.0,2,2,2,6,4,8,5,6,6.0,4,0,0,0,0,10,15,6,2,5,3,0,7.5,0.0,5.0,7.5,0,
Company454,12/08/2012,Boulder,Non-Tech,Services,2,3.0,4.0,4.0,2,2,5,4,5,5,1,5,5.0,3,4,0,4,4,5,1,2,1,1,2,1,3.0,0.0,2.0,3.0,5,
Company455,09/26/2009,Boulder,Non-Tech,Finance,1,5.0,4.0,4.0,2,1,1,5,4,5,3,4,4.0,0,5,0,4,0,1,1,1,1,1,0,4,0.0,2.0,1.0,3.0,0,
Company456,08/24/1996,Los Angeles,Non-Tech,Services,2,5.0,4.0,4.0,2,2,5,3,4,5,4,2,5.0,3,4,4,1,4,4,5,5,3,5,5,5,5.0,2.0,5.0,1.0,5,
Company457,03/06/2009,San Francisco,Tech,Finance,4,4.0,4.0,3.0,1,2,5,5,5,5,4,5,5.0,0,0,0,0,0,5,5,4,3,1,0,0,0.0,0.0,3.0,3.0,0,
Company458,02/16/2010,Oakland,Non-Tech,Finance,2,3.0,4.0,6.0,2,2,5,6,8,5,1,5,6.0,0,0,0,0,0,10,2,6,1,1,0,0,0.0,0.0,5.0,3.0,0,
Company459,01/15/2013,San Francisco,Tech,Finance,4,5.0,5.0,5.0,2,2,5,4,4,5,1,4,5.0,0,0,0,1,0,5,2,1,5,5,4,0,0.0,0.0,5.0,3.0,0,
Company460,04/09/2000,San Francisco,Tech,Finance,4,5.0,4.0,4.0,1,5,5,5,4,5,2,4,4.0,0,0,0,0,0,4,5,3,5,3,0,0,0.0,0.0,2.0,1.0,0,
Company461,10/26/2009,San Jose,Tech,Services,1,5.0,4.0,5.0,2,3,5,5,5,5,2,5,5.0,1,4,4,0,4,2,5,1,1,3,2,1,0.0,1.0,5.0,1.0,5,
Company462,03/16/2006,Oakland,Non-Tech,Services,3,5.0,5.0,3.0,1,2,1,4,4,5,3,5,5.0,1,2,2,1,0,2,5,2,3,3,3,2,3.0,0.0,2.0,3.0,3,
Company463,05/18/2011,Boston,Non-Tech,Finance,4,3.0,3.0,5.0,2,2,5,4,4,5,3,4,5.0,0,0,0,0,0,2,4,2,4,2,1,0,0.0,0.0,2.0,3.0,0,
Company464,11/05/2011,Boston,Non-Tech,Finance,3,3.0,5.0,4.0,2,2,5,5,5,5,2,5,5.0,0,0,0,0,0,5,1,1,2,2,0,0,0.0,0.0,2.0,3.0,0,
Company465,12/21/2012,San Francisco,Tech,Finance,4,5.0,3.0,5.0,2,1,5,4,4,5,3,4,5.0,0,0,0,0,0,2,5,1,4,2,0,0,0.0,0.0,2.0,2.0,0,
Company466,05/05/2007,Tucson,Non-Tech,Finance,1,3.0,5.0,2.0,1,2,1,4,5,5,1,4,5.0,0,0,0,0,0,2,2,2,1,1,0,0,0.0,0.0,2.0,3.0,0,
Company467,07/15/2013,Los Angeles,Non-Tech,Services,2,2.0,4.0,4.0,1,2,2,4,4,5,4,4,5.0,0,0,0,0,0,2,3,1,2,1,0,0,0.0,0.0,2.0,3.0,0,
Company468,07/09/2013,Atlanta,Non-Tech,Finance,9,4.5,3.0,7.5,6,4,6,8,5,10,3,10,7.5,3,0,3,0,4,25,6,3,2,3,0,4,0.0,3.0,2.5,7.5,0,
Company469,07/04/2008,Atlanta,Non-Tech,Finance,9,7.5,4.5,7.5,4,4,10,8,8,8,6,6,6.0,0,8,12,0,12,5,15,3,2,15,0,4,5.0,12.5,10.0,5.0,20,
Company470,08/08/2013,Atlanta,Non-Tech,Finance,1,3.0,4.0,4.0,4,2,1,5,5,5,4,5,5.0,0,3,0,3,0,3,1,1,1,1,0,0,1.0,0.0,1.0,3.0,0,
Company471,07/16/2012,San Francisco,Tech,Finance,4,4.0,3.0,4.0,1,4,5,4,4,5,3,5,5.0,3,0,3,3,4,2,5,2,1,4,4,0,4.0,0.0,3.0,3.0,5,
Company472,11/21/1999,San Jose,Tech,Finance,3,3.0,4.0,3.0,2,2,5,4,4,5,1,4,5.0,0,0,0,0,0,1,2,1,1,1,0,0,0.0,0.0,3.0,3.0,0,
Company473,10/18/2012,New York,Tech,Services,2,5.0,4.0,5.0,2,4,5,5,5,5,2,5,5.0,2,2,0,0,4,5,3,1,4,1,1,3,3.0,0.0,3.0,3.0,0,
Company474,08/11/2010,San Francisco,Tech,Finance,2,3.0,4.0,5.0,1,3,5,4,4,5,3,4,4.0,0,0,0,0,0,2,1,1,2,1,0,0,0.0,0.0,2.0,3.0,0,
Company475,10/04/2013,San Francisco,Tech,Services,12,7.5,3.0,4.0,4,2,5,8,8,10,6,8,7.5,0,0,0,0,4,25,5,15,1,15,0,0,0.0,0.0,2.5,7.5,0,
Company476,12/04/2012,Boulder,Non-Tech,Finance,2,5.0,4.0,4.0,2,4,5,5,5,5,1,5,4.0,0,0,0,0,0,3,2,1,1,1,0,0,0.0,0.0,3.0,3.0,5,
Company477,09/07/2010,San Francisco,Tech,Finance,4,5.0,4.0,5.0,3,2,5,3,4,5,5,4,5.0,0,0,0,0,0,5,5,5,5,5,0,0,0.0,0.0,5.0,0.0,0,
Company478,09/01/2001,Detroit,Non-Tech,Finance,3,5.0,4.0,3.0,2,5,1,5,5,5,2,5,5.0,1,2,2,1,3,2,2,1,2,1,5,5,5.0,5.0,2.0,3.0,3,
Company479,02/06/2007,San Francisco,Tech,Finance,2,3.0,4.0,4.0,1,1,3,4,5,4,4,5,4.0,0,0,0,0,0,3,2,1,2,1,0,0,0.0,0.0,1.0,3.0,0,
Company480,07/15/2011,San Francisco,Tech,Services,4,4.0,3.0,5.0,2,1,5,4,5,5,3,4,5.0,2,0,4,4,4,4,4,2,4,2,1,4,2.0,4.0,2.0,2.0,3,
Company481,07/12/2012,Philadelphia,Non-Tech,Finance,2,3.0,4.0,3.0,1,4,5,5,5,8,3,5,5.0,0,0,0,0,0,1,2,1,1,1,0,0,0.0,0.0,3.0,2.0,0,
Company482,05/01/2012,Las Vegas,Non-Tech,Finance,5,5.0,4.0,5.0,2,2,5,4,4,4,5,5,4.0,0,0,0,0,0,5,5,3,5,3,0,0,0.0,0.0,5.0,3.0,0,
Company483,05/01/2013,San Francisco,Tech,Finance,2,6.0,4.0,4.0,1,1,10,5,8,5,1,5,5.0,3,0,0,0,0,4,1,1,5,4,0,0,0.0,0.0,1.0,3.0,5,
Company484,04/14/2010,Detroit,Non-Tech,Finance,6,6.0,4.0,4.0,4,4,5,5,8,4,6,4,7.5,0,0,0,0,0,3,4,1,1,1,0,0,0.0,0.0,2.0,7.5,0,
Company485,08/02/2010,Philadelphia,Non-Tech,Services,3,4.0,4.0,3.0,1,3,5,4,5,5,3,5,4.0,3,2,4,2,3,4,4,1,2,5,4,4,3.0,2.0,2.0,2.0,5,
Company486,01/07/2011,New York,Tech,Finance,3,4.0,4.0,4.0,2,3,5,5,5,5,1,5,5.0,1,2,0,1,0,1,1,1,1,1,2,5,0.0,5.0,2.0,3.0,1,
Company487,12/23/2012,San Francisco,Tech,Finance,3,5.0,3.0,4.0,2,1,4,4,5,4,3,4,4.0,3,4,4,4,0,3,5,1,1,2,2,3,2.0,4.0,2.0,2.0,0,
Company488,06/06/2013,San Francisco,Tech,Finance,4,5.0,4.0,5.0,2,3,5,4,4,4,3,3,4.0,0,0,0,0,0,4,3,2,2,2,0,0,0.0,0.0,3.0,3.0,0,
Company489,01/20/2012,Boulder,Non-Tech,Finance,4,5.0,4.0,4.0,1,4,10,5,5,8,10,5,6.0,0,0,0,9,0,3,3,1,1,2,0,0,0.0,2.5,3.0,2.5,0,
Company490,06/08/2012,Nashville,Non-Tech,Finance,2,4.0,4.0,4.0,2,2,5,5,5,5,2,5,5.0,0,0,0,0,0,1,1,1,1,1,0,0,0.0,0.0,1.0,3.0,0,12705000.0
Company491,10/26/2009,San Francisco,Tech,Services,4,5.0,4.0,5.0,1,3,5,5,5,4,2,5,5.0,1,2,4,2,4,2,5,2,4,3,2,1,0.0,1.0,5.0,1.0,5,
Company492,03/02/1998,Philadelphia,Non-Tech,Services,4,5.0,3.0,3.0,3,5,5,5,5,5,2,5,5.0,1,2,4,1,3,4,5,4,2,2,0,0,2.0,2.0,1.0,2.0,5,
Company493,05/03/2009,Chicago,Non-Tech,Finance,4,5.0,4.0,4.0,2,2,5,5,4,5,2,5,4.0,0,0,0,0,0,5,4,2,4,4,0,0,0.0,0.0,2.0,3.0,0,
Company494,03/01/2011,San Francisco,Tech,Finance,4,5.0,4.0,5.0,2,4,5,4,4,4,3,3,4.0,0,0,0,0,0,5,5,3,5,3,0,0,0.0,0.0,5.0,1.0,0,40527000.0
Company495,07/17/2009,Seattle,Non-Tech,Services,4,5.0,3.0,5.0,2,2,5,5,5,5,4,5,5.0,3,2,4,3,4,3,4,1,2,1,1,1,1.0,3.0,2.0,3.0,5,
Company496,07/23/2011,San Francisco,Tech,Finance,3,4.0,5.0,3.0,4,3,5,5,5,5,1,5,5.0,0,0,0,0,0,1,2,2,1,1,0,0,0.0,0.0,3.0,7.5,0,
Company497,09/09/2013,Boulder,Non-Tech,Finance,3,4.0,4.0,4.0,2,3,5,5,5,5,1,5,5.0,0,0,0,0,5,5,3,2,2,2,0,0,0.0,0.0,1.0,3.0,0,
Company498,03/06/2009,San Francisco,Tech,Services,3,4.0,4.0,5.0,1,3,5,3,4,5,5,5,4.0,0,0,0,0,0,2,1,3,3,4,0,0,0.0,0.0,2.0,2.0,0,
Company499,05/01/2010,New York,Tech,Services,3,5.0,4.0,5.0,3,4,5,4,4,4,5,4,4.0,1,1,2,1,1,5,5,1,3,2,2,2,2.0,1.0,3.0,3.0,5,21561000.0
Company500,11/03/2012,San Francisco,Tech,Services,4,2.0,4.0,4.0,3,1,5,4,4,4,4,3,4.0,0,5,3,0,4,4,3,1,3,1,4,4,1.0,3.0,5.0,3.0,0,
Company501,03/19/2012,San Francisco,Tech,Finance,1,7.5,4.0,6.0,4,4,10,6,8,8,10,6,6.0,0,0,2,0,0,1,12,9,1,5,0,0,0.0,0.0,5.0,7.5,0,
Company502,03/16/2007,Tucson,Non-Tech,Finance,3,4.0,5.0,4.0,1,5,5,3,4,5,5,4,5.0,3,5,5,1,4,5,5,5,1,5,1,2,2.0,4.0,5.0,1.0,5,
Company503,01/22/2011,Richmond,Non-Tech,Finance,3,4.0,4.0,3.0,2,2,5,4,5,5,3,5,5.0,0,4,0,0,0,5,5,1,5,1,0,0,5.0,0.0,2.0,3.0,0,
Company504,12/03/2012,San Francisco,Tech,Services,3,2.0,3.0,5.0,2,2,5,4,4,4,4,4,5.0,3,5,4,0,4,3,5,2,1,2,0,0,0.0,0.0,5.0,3.0,5,
Company505,08/02/1995,San Francisco,Tech,Services,3,5.0,4.0,4.0,2,3,5,4,4,5,5,2,4.0,2,4,5,4,4,3,5,2,1,1,3,4,4.0,0.0,4.0,2.0,4,
Company506,11/14/2012,"Washington, D.C.",Non-Tech,Services,4,5.0,4.0,4.0,1,2,5,4,5,5,1,5,5.0,3,2,0,0,3,3,5,1,1,1,5,2,2.0,3.0,3.0,2.0,5,
Company507,06/01/2012,San Francisco,Tech,Finance,2,5.0,4.0,4.0,2,2,4,4,5,5,3,5,5.0,0,0,0,0,0,4,3,1,1,2,0,0,0.0,0.0,2.0,3.0,0,
Company508,04/09/2000,San Francisco,Tech,Finance,5,7.5,4.0,4.0,1,3,10,5,8,10,4,8,4.0,0,0,0,0,0,5,5,2,3,5,0,0,0.0,0.0,3.0,1.0,0,
Company509,02/19/2010,San Francisco,Tech,Finance,3,3.0,4.0,4.0,2,4,5,4,5,4,3,5,4.0,0,0,5,0,0,5,5,3,1,2,0,0,4.0,0.0,2.0,3.0,0,
Company510,04/22/2010,Pittsburgh,Non-Tech,Finance,3,5.0,5.0,3.0,1,5,5,5,5,5,4,10,5.0,0,0,0,0,0,4,5,3,5,2,0,0,0.0,0.0,4.0,7.5,0,
Company511,08/11/2010,San Francisco,Tech,Services,2,3.0,4.0,4.0,2,2,5,4,5,5,3,5,5.0,0,3,4,0,4,2,5,1,2,3,1,0,0.0,2.0,5.0,3.0,3,
Company512,12/07/2004,San Francisco,Tech,Other,4,5.0,6.0,4.0,2,2,5,4,5,5,3,5,5.0,12,0,15,0,0,25,5,9,2,25,0,4,0.0,0.0,2.0,2.0,0,
Company513,06/27/2007,San Francisco,Tech,Finance,3,4.0,4.0,4.0,2,2,5,3,4,8,1,4,5.0,0,0,0,3,0,5,5,4,3,4,4,0,0.0,4.0,5.0,3.0,0,
Company514,10/14/2013,"Washington, D.C.",Non-Tech,Finance,3,4.0,4.0,5.0,2,2,5,4,5,5,4,5,5.0,0,0,0,0,0,4,1,3,2,4,0,0,0.0,0.0,2.0,3.0,0,
Company515,04/28/2012,Minneapolis,Non-Tech,Services,2,5.0,4.0,4.0,2,2,5,8,5,5,5,8,5.0,0,4,12,3,0,1,15,1,1,1,0,0,0.0,0.0,7.5,3.0,15,
Company516,08/26/2000,San Francisco,Tech,Services,4,5.0,5.0,4.0,1,2,5,4,4,5,3,5,5.0,4,0,0,0,4,1,5,1,4,1,0,3,2.0,2.0,5.0,3.0,0,
Company517,12/24/2010,San Francisco,Tech,Finance,2,4.0,5.0,4.0,2,1,5,5,5,5,2,5,5.0,0,2,0,5,4,4,3,2,1,2,3,1,0.0,0.0,1.0,3.0,0,
Company518,03/02/1998,Philadelphia,Non-Tech,Finance,3,5.0,3.0,4.0,2,3,5,4,5,5,5,4,5.0,0,0,0,0,0,3,5,1,1,4,0,0,0.0,0.0,3.0,3.0,0,
Company519,09/26/2009,San Francisco,Tech,Services,1,5.0,4.0,4.0,2,1,1,5,4,5,1,5,5.0,0,2,0,0,0,1,1,1,1,4,0,0,0.0,0.0,1.0,3.0,0,
Company520,02/11/1998,San Francisco,Tech,Services,2,5.0,4.0,4.0,2,4,5,5,5,5,4,5,5.0,5,3,3,4,4,3,5,3,3,3,5,5,5.0,2.0,3.0,2.0,5,
Company521,03/07/2011,San Jose,Tech,Services,4,5.0,4.0,3.0,1,3,5,4,5,5,1,5,5.0,0,0,3,2,0,5,5,1,3,2,3,3,3.0,4.0,2.0,3.0,4,
Company522,11/05/2008,Philadelphia,Non-Tech,Services,2,5.0,5.0,4.0,1,3,5,4,5,5,1,5,5.0,1,0,0,0,0,5,3,1,3,3,0,0,3.0,0.0,2.0,2.0,0,
Company523,03/16/2006,San Francisco,Tech,Services,5,5.0,4.0,4.0,1,4,5,4,4,4,3,4,5.0,0,0,0,0,0,2,5,1,3,1,0,0,0.0,0.0,3.0,2.0,0,
Company524,01/15/2013,Boston,Non-Tech,Finance,1,2.0,5.0,6.0,2,1,10,8,8,5,8,8,7.5,0,0,0,0,0,25,15,9,1,25,0,0,0.0,0.0,10.0,7.5,0,
Company525,12/07/2008,San Francisco,Tech,Finance,2,3.0,4.0,4.0,1,2,5,5,4,5,3,4,4.0,5,1,2,0,1,4,5,1,1,1,5,0,0.0,0.0,2.0,3.0,3,
Company526,05/01/1998,San Francisco,Tech,Services,4,5.0,4.0,5.0,2,2,5,4,4,4,5,3,5.0,0,0,0,0,0,5,5,4,1,1,0,0,0.0,0.0,4.0,3.0,0,
Company527,03/06/2013,Phoenix,Non-Tech,Finance,2,3.0,4.0,4.0,2,2,5,5,5,5,1,5,5.0,0,0,0,0,0,3,2,1,1,1,0,0,0.0,0.0,2.0,3.0,0,
Company528,09/21/2012,Seattle,Non-Tech,Services,4,5.0,4.0,4.0,2,3,5,5,4,5,2,4,5.0,1,2,3,1,4,2,1,3,1,1,2,1,2.0,3.0,3.0,3.0,5,
Company529,11/01/2002,San Francisco,Tech,Finance,12,7.5,7.5,6.0,2,10,10,8,8,10,8,8,7.5,0,0,0,0,0,25,15,6,3,25,0,0,0.0,0.0,10.0,7.5,0,67824000.0
Company530,03/05/2012,New York,Tech,Finance,6,6.0,6.0,4.0,2,2,10,10,10,10,4,10,7.5,0,0,0,0,0,25,6,9,1,1,0,0,0.0,0.0,2.5,3.0,0,
Company531,02/07/2012,San Francisco,Tech,Services,12,7.5,6.0,6.0,2,10,10,10,10,10,4,10,7.5,3,10,15,3,12,10,9,3,2,5,8,8,10.0,2.5,7.5,7.5,5,32189000.0
Company532,11/02/2000,Chicago,Non-Tech,Finance,2,4.0,3.0,4.0,2,3,5,4,5,5,3,5,4.0,0,0,0,0,0,1,1,1,1,1,0,0,0.0,0.0,2.0,3.0,0,
Company533,10/23/1999,San Francisco,Tech,Other,4,5.0,5.0,5.0,1,5,5,5,5,4,2,5,4.0,3,5,2,0,4,2,5,1,2,1,0,5,5.0,4.0,4.0,3.0,5,
Company534,05/04/2012,Milwaukee,Non-Tech,Services,3,4.0,5.0,3.0,2,2,5,3,4,5,5,2,3.0,3,2,3,1,3,5,5,3,1,5,1,1,3.0,4.0,2.0,3.0,5,
Company535,10/15/2012,Miami,Non-Tech,Finance,3,2.0,4.0,4.0,3,2,5,4,5,5,4,5,3.0,0,0,0,0,0,3,5,2,1,1,0,0,0.0,0.0,2.0,3.0,0,
Company536,09/28/2010,San Francisco,Tech,Finance,2,3.0,5.0,4.0,2,2,1,5,4,5,2,4,5.0,0,0,0,0,0,2,3,1,1,1,0,0,2.0,0.0,1.0,3.0,0,
Company537,11/21/1999,San Francisco,Tech,Finance,3,4.0,5.0,4.0,2,4,5,5,5,5,1,5,5.0,0,0,0,0,0,1,4,1,1,1,0,0,0.0,0.0,3.0,3.0,0,
Company538,08/30/2013,Seattle,Non-Tech,Finance,5,5.0,4.0,5.0,1,2,5,3,4,5,4,4,5.0,0,0,0,0,0,3,3,4,1,1,0,0,0.0,0.0,1.0,3.0,0,
Company539,10/29/2007,New York,Tech,Finance,1,4.0,4.0,3.0,1,3,5,4,5,5,3,5,4.0,3,0,0,0,0,4,2,1,3,1,0,0,0.0,0.0,2.0,2.0,3,
Company540,07/23/2011,San Francisco,Tech,Services,1,1.0,4.0,4.0,5,6,1,8,5,5,8,5,5.0,0,0,0,0,0,1,4,1,4,1,0,0,0.0,0.0,7.5,3.0,0,
Company541,01/17/2012,New York,Tech,Services,12,7.5,6.0,6.0,1,2,10,10,10,10,4,10,7.5,9,0,12,3,12,20,15,1,3,25,2,0,2.5,2.5,5.0,7.5,0,
Company542,02/16/2012,San Jose,Tech,Finance,4,6.0,6.0,6.0,4,6,10,10,10,10,2,5,7.5,0,0,0,0,0,10,3,3,4,5,0,0,0.0,0.0,3.0,7.5,0,
Company543,02/23/2010,New York,Tech,Services,3,5.0,4.0,5.0,2,3,5,3,5,4,5,5,4.0,3,4,4,1,4,5,5,2,3,2,2,2,2.0,1.0,3.0,3.0,5,22674000.0
Company544,10/15/2011,Los Angeles,Non-Tech,Services,3,5.0,4.0,5.0,1,2,5,5,5,5,2,5,5.0,0,0,0,0,0,2,4,1,3,2,0,0,0.0,0.0,1.0,3.0,0,
Company545,03/09/1998,New York,Tech,Services,2,3.0,4.0,5.0,4,2,5,5,5,5,1,3,4.0,3,3,0,2,0,5,5,2,4,2,2,2,1.0,1.0,3.0,3.0,5,
Company546,04/28/2012,Portland,Non-Tech,Services,15,7.5,4.5,6.0,4,1,5,8,8,8,6,8,6.0,3,4,0,0,3,25,15,1,3,10,2,4,7.5,12.5,7.5,7.5,15,
Company547,06/16/2012,Austin,Non-Tech,Services,2,2.0,0.0,3.0,1,1,1,5,4,5,5,5,5.0,3,4,0,0,3,2,4,2,2,1,5,0,0.0,2.0,2.0,3.0,0,
Company548,04/18/2006,San Francisco,Tech,Services,1,5.0,4.0,4.0,2,5,5,5,4,5,1,5,5.0,2,1,2,4,3,1,5,1,5,1,3,4,2.0,2.0,2.0,3.0,3,
Company549,11/26/2009,Boulder,Non-Tech,Services,4,5.0,5.0,4.0,1,4,5,4,5,4,3,5,4.0,3,5,5,4,2,5,5,3,1,2,5,4,3.0,2.0,3.0,1.0,2,
Company550,10/18/2012,San Francisco,Tech,Finance,6,4.0,4.0,7.5,6,2,10,8,5,10,1,10,5.0,0,0,0,0,0,3,1,1,1,15,0,0,0.0,0.0,5.0,7.5,0,
Company551,02/19/2004,San Francisco,Tech,Finance,2,5.0,4.0,4.0,2,4,5,5,5,5,1,5,5.0,5,0,4,1,4,1,1,2,3,1,4,0,0.0,4.0,3.0,3.0,0,
Company552,11/21/2009,El Paso,Non-Tech,Finance,3,4.0,4.0,4.0,2,2,4,5,5,5,1,5,5.0,1,4,4,2,4,3,1,2,2,1,2,2,2.0,4.0,2.0,3.0,1,
Company553,05/01/2013,Durham,Non-Tech,Finance,3,4.0,4.0,3.0,2,1,3,5,5,5,3,5,5.0,0,0,0,0,0,5,1,3,3,5,0,0,0.0,0.0,2.0,3.0,0,
Company554,05/24/2007,New York,Tech,Finance,1,1.0,4.0,5.0,1,4,5,4,4,5,5,3,4.0,2,0,4,2,4,1,5,2,1,1,0,2,2.0,1.0,1.0,3.0,1,
Company555,10/14/2013,Boulder,Non-Tech,Services,3,5.0,5.0,3.0,1,5,5,4,5,5,4,5,5.0,0,2,0,1,0,4,5,3,2,4,3,2,2.0,0.0,2.0,2.0,5,
Company556,06/15/2010,San Diego,Non-Tech,Services,12,7.5,6.0,6.0,4,1,5,4,8,8,10,6,6.0,15,0,15,0,12,25,15,1,3,1,0,6,7.5,2.5,5.0,5.0,20,
Company557,01/26/2012,Mountain View,Non-Tech,Services,3,5.0,6.0,4.0,6,3,5,4,10,5,4,5,5.0,3,4,12,4,5,3,5,3,3,3,5,5,3.0,2.5,4.0,7.5,5,
Company558,06/06/2003,Chicago,Non-Tech,Services,5,6.0,4.0,4.0,1,2,10,8,8,10,10,8,7.5,6,4,12,3,12,5,12,3,2,10,6,6,10.0,0.0,5.0,7.5,15,
Company559,08/20/2011,San Francisco,Tech,Services,5,5.0,5.0,4.0,1,5,5,5,4,4,1,3,5.0,4,5,0,0,5,5,3,5,4,3,0,5,5.0,0.0,4.0,1.0,5,
Company560,01/20/2012,San Francisco,Tech,Services,15,7.5,6.0,3.0,4,8,10,5,8,8,1,6,5.0,0,8,4,1,9,25,15,1,1,1,3,0,10.0,2.5,1.0,2.5,20,
Company561,12/23/2009,San Jose,Tech,Services,4,5.0,5.0,3.0,1,2,5,4,5,5,3,5,5.0,4,4,3,5,4,3,5,3,5,5,4,4,4.0,4.0,5.0,3.0,4,78654000.0
Company562,12/16/2009,San Francisco,Tech,Services,9,5.0,4.0,4.0,1,4,5,3,4,5,5,2,6.0,2,4,3,2,15,4,5,5,4,5,5,10,3.0,5.0,3.0,1.0,3,
Company563,03/26/2005,San Jose,Tech,Finance,4,5.0,4.0,3.0,2,2,5,5,4,4,5,5,4.0,3,0,4,0,3,5,1,1,2,5,0,0,0.0,0.0,2.0,3.0,0,
Company564,01/03/2013,San Francisco,Tech,Services,5,5.0,5.0,4.0,2,1,5,4,4,4,3,4,5.0,0,0,0,0,0,4,5,1,3,1,0,0,0.0,0.0,4.0,3.0,0,
Company565,12/20/2003,Milwaukee,Non-Tech,Finance,4,5.0,4.0,3.0,2,2,5,5,5,4,1,5,4.0,0,0,0,0,0,2,1,2,2,5,3,0,0.0,0.0,3.0,3.0,0,
Company566,10/10/2011,San Francisco,Tech,Finance,2,4.0,4.0,5.0,1,3,5,5,4,5,3,5,5.0,0,0,0,0,0,1,1,2,1,1,0,0,0.0,0.0,1.0,1.0,0,
Company567,10/15/2012,Milwaukee,Non-Tech,Finance,3,5.0,4.0,4.0,1,3,5,4,5,5,3,5,5.0,1,0,0,0,0,5,5,2,1,3,0,5,3.0,3.0,2.0,3.0,3,
Company568,12/24/2010,Houston,Non-Tech,Services,4,5.0,5.0,4.0,2,2,5,5,5,5,6,5,5.0,2,0,3,0,4,4,4,2,1,10,2,1,1.0,5.0,2.0,1.0,5,
Company569,09/20/2013,Cleveland,Non-Tech,Finance,3,5.0,3.0,4.0,2,3,5,5,5,5,2,5,5.0,0,0,0,0,0,25,1,1,1,1,0,0,0.0,0.0,2.0,3.0,0,
Company570,09/07/2010,San Francisco,Tech,Finance,9,5.0,3.0,5.0,6,3,6,8,10,10,6,10,7.5,0,0,0,0,0,25,6,3,1,10,0,0,0.0,0.0,2.5,1.0,0,
Company571,06/26/2010,Memphis,Non-Tech,Services,15,7.5,4.5,4.0,4,1,10,8,4,4,6,4,6.0,3,0,0,3,3,2,3,3,3,10,2,4,7.5,0.0,7.5,3.0,15,
Company572,09/09/2005,Boulder,Non-Tech,Services,4,5.0,5.0,4.0,2,2,5,5,4,5,2,5,5.0,4,4,3,5,4,3,4,2,3,2,3,2,2.0,4.0,2.0,3.0,5,
Company573,03/30/2002,"Washington, D.C.",Non-Tech,Finance,4,5.0,4.0,4.0,1,4,5,5,5,5,2,5,5.0,0,0,0,0,0,3,3,1,4,2,0,0,0.0,0.0,3.0,3.0,0,
Company574,05/30/2006,San Jose,Tech,Finance,5,5.0,4.0,4.0,1,4,5,4,4,4,3,4,4.0,0,0,0,0,0,4,5,3,5,2,0,0,3.0,0.0,5.0,1.0,0,
Company575,05/02/2013,New York,Tech,Finance,2,2.0,4.0,4.0,1,2,5,5,5,5,2,5,5.0,0,0,0,0,0,2,4,1,2,1,0,0,0.0,0.0,2.0,3.0,0,
Company576,10/17/2008,Chicago,Non-Tech,Services,3,5.0,4.0,3.0,1,2,5,4,5,4,5,5,5.0,0,0,4,2,3,3,4,1,1,3,0,0,3.0,2.0,2.0,2.0,5,
Company577,11/13/2013,Cleveland,Non-Tech,Services,4,5.0,2.0,4.0,2,1,5,4,5,5,3,4,4.0,0,1,2,1,0,5,2,2,1,1,2,0,0.0,2.0,2.0,3.0,0,
Company578,09/20/2013,San Francisco,Tech,Finance,3,3.0,4.0,4.0,2,4,5,5,4,5,5,5,5.0,0,0,0,0,0,4,4,1,3,3,0,0,0.0,0.0,3.0,3.0,0,
Company579,01/14/2011,Palo Alto,Non-Tech,Services,12,7.5,4.0,6.0,4,4,10,10,10,10,4,10,7.5,9,8,12,12,12,25,5,3,4,25,6,8,7.5,2.5,10.0,7.5,20,
Company580,12/31/1997,Indianapolis,Non-Tech,Services,3,5.0,4.0,4.0,4,3,5,5,5,4,2,4,4.0,0,5,0,3,0,5,5,2,1,2,3,0,0.0,1.0,4.0,3.0,0,
Company581,03/24/2009,San Francisco,Tech,Services,4,5.0,4.0,4.0,2,3,5,4,4,4,3,4,4.0,3,1,3,3,3,4,1,1,2,1,1,3,4.0,2.0,3.0,3.0,3,
Company582,10/12/2013,San Jose,Tech,Services,12,7.5,6.0,6.0,4,4,10,10,10,10,4,10,7.5,0,0,0,0,0,20,9,6,4,10,0,0,0.0,0.0,5.0,3.0,0,
Company583,11/25/2011,"Washington, D.C.",Non-Tech,Services,3,4.0,4.0,4.0,1,3,5,5,4,5,1,5,5.0,0,2,0,0,4,3,2,1,1,1,1,0,0.0,0.0,1.0,3.0,0,
Company584,11/21/2009,San Francisco,Tech,Finance,4,4.0,4.0,4.0,2,2,1,5,4,5,1,4,5.0,1,4,4,0,0,3,1,1,2,1,0,2,0.0,4.0,3.0,3.0,0,
Company585,12/06/2013,Dallas,Non-Tech,Finance,2,4.0,3.0,4.0,1,2,5,5,5,5,1,5,5.0,0,0,0,0,0,2,3,1,1,2,0,0,0.0,0.0,2.0,3.0,0,
Company586,08/01/2000,Omaha,Non-Tech,Services,3,5.0,4.0,5.0,4,4,5,5,4,4,2,3,4.0,0,3,5,0,0,5,5,4,2,2,0,0,2.0,1.0,3.0,1.0,3,
Company587,06/05/2012,Atlanta,Non-Tech,Finance,4,3.0,5.0,3.0,1,3,2,5,4,5,2,5,5.0,2,2,0,2,0,2,5,1,1,1,0,0,0.0,0.0,2.0,2.0,0,
Company588,09/01/2010,San Jose,Tech,Finance,6,3.0,3.0,5.0,2,1,1,10,4,5,5,3,5.0,0,0,4,1,4,4,1,1,1,2,0,0,0.0,0.0,2.0,3.0,5,
Company589,04/09/2000,San Francisco,Tech,Finance,5,7.5,4.0,4.0,1,3,10,5,4,4,2,4,4.0,0,0,0,0,0,5,12,2,5,3,0,0,0.0,0.0,5.0,1.0,0,
Company590,06/14/2013,New York,Tech,Finance,3,4.5,6.0,4.0,1,2,2,5,8,5,1,5,5.0,0,0,0,0,0,1,1,1,2,2,2,0,0.0,0.0,3.0,2.0,0,
Company591,08/12/2008,San Francisco,Tech,Finance,2,4.0,4.0,4.0,1,4,5,5,5,5,1,5,5.0,0,0,0,0,0,1,1,1,1,1,0,0,0.0,0.0,3.0,3.0,0,69412000.0
Company592,05/01/2012,San Francisco,Tech,Finance,5,5.0,4.0,5.0,2,4,5,4,4,5,5,3,4.0,0,0,0,3,4,3,5,5,5,2,3,0,0.0,0.0,5.0,0.0,3,
Company593,04/06/1998,Los Angeles,Non-Tech,Finance,3,3.0,3.0,7.5,1,4,2,10,10,10,4,10,7.5,0,0,0,0,0,5,1,1,1,1,0,0,0.0,0.0,2.5,1.0,0,
Company594,01/20/2012,San Francisco,Tech,Services,15,7.5,6.0,7.5,4,10,10,10,8,8,10,6,6.0,15,8,12,9,9,25,15,15,5,5,10,4,10.0,2.5,12.5,7.5,20,
Company595,11/04/2011,San Francisco,Tech,Finance,4,1.0,5.0,3.0,5,2,5,5,10,5,2,5,5.0,0,0,0,0,0,1,12,1,5,1,0,0,0.0,0.0,1.0,3.0,0,
Company596,10/26/2009,San Francisco,Tech,Services,4,5.0,4.0,5.0,1,3,5,5,5,5,2,5,5.0,0,0,4,0,0,2,5,1,4,3,2,1,2.0,1.0,5.0,3.0,5,
Company597,10/04/2013,Phoenix,Non-Tech,Services,3,7.5,4.0,6.0,4,4,5,4,5,5,10,5,5.0,0,5,0,3,0,3,15,15,1,4,0,4,0.0,0.0,2.0,7.5,0,
Company598,10/30/2013,Boulder,Non-Tech,Finance,6,4.5,4.0,4.0,2,1,10,4,5,5,3,5,5.0,0,0,0,0,0,5,5,3,3,5,0,0,0.0,0.0,2.0,3.0,0,
Company599,08/13/2011,Bellevue,Non-Tech,Finance,1,2.0,3.0,4.0,2,1,1,4,5,5,4,5,5.0,1,0,0,0,0,3,4,1,1,1,0,0,0.0,0.0,2.0,3.0,4,
Company600,08/08/2013,Los Angeles,Non-Tech,Finance,9,6.0,4.0,5.0,2,4,5,4,4,4,4,3,5.0,0,0,0,0,0,5,5,3,5,3,0,0,0.0,0.0,5.0,0.0,0,
Company601,08/25/2006,San Jose,Tech,Finance,2,3.0,4.0,4.0,2,1,5,4,4,5,3,5,5.0,0,0,0,0,0,3,4,1,2,1,0,0,0.0,0.0,2.0,7.5,0,
Company602,07/18/2011,Boston,Non-Tech,Services,1,5.0,4.0,4.0,1,4,1,4,5,5,3,5,5.0,0,0,0,0,0,5,1,1,1,1,0,0,0.0,0.0,1.0,2.0,0,
Company603,03/24/2009,Philadelphia,Non-Tech,Finance,2,4.5,4.0,7.5,6,2,10,8,5,10,10,10,5.0,6,4,12,3,4,25,4,6,1,10,1,2,1.0,4.0,5.0,3.0,4,
Company604,05/03/2013,Tucson,Non-Tech,Finance,2,3.0,4.0,4.0,2,3,5,5,5,5,1,5,4.0,0,0,0,0,0,3,4,2,3,4,0,3,0.0,0.0,2.0,3.0,0,
Company605,06/13/2009,Durham,Non-Tech,Services,3,5.0,5.0,4.0,1,5,5,3,4,4,5,3,4.0,4,5,5,5,5,5,5,5,4,5,5,5,5.0,3.0,4.0,1.0,5,
Company606,03/29/2013,Indianapolis,Non-Tech,Services,4,2.0,4.0,4.0,1,2,1,5,4,4,2,4,4.0,1,0,1,0,1,1,3,1,1,1,1,1,0.0,5.0,1.0,3.0,2,
Company607,09/20/2013,Los Angeles,Non-Tech,Finance,12,7.5,6.0,6.0,4,6,5,10,10,10,10,6,7.5,0,0,0,0,0,10,15,15,1,2,0,0,0.0,0.0,5.0,7.5,0,
Company608,06/01/2010,Phoenix,Non-Tech,Services,5,5.0,4.0,4.0,2,2,5,5,4,4,2,5,4.0,3,2,0,0,4,5,5,1,5,2,0,3,5.0,4.0,5.0,2.0,0,
Company609,04/09/2011,New York,Tech,Finance,12,7.5,4.5,6.0,4,4,10,6,8,8,10,5,6.0,0,0,0,0,0,15,12,9,1,5,0,0,0.0,0.0,5.0,7.5,0,
Company610,08/14/2009,San Francisco,Tech,Finance,4,5.0,4.0,4.0,4,4,5,4,5,4,2,5,6.0,0,0,0,15,0,3,5,1,3,1,0,6,0.0,0.0,2.0,5.0,20,
Company611,03/07/2011,San Francisco,Tech,Finance,4,5.0,5.0,3.0,1,5,5,5,5,5,1,5,5.0,0,2,0,0,3,3,5,1,2,2,3,0,0.0,0.0,5.0,1.0,0,
Company612,07/28/2000,San Francisco,Tech,Other,1,5.0,4.0,4.0,2,5,5,4,4,4,2,3,4.0,5,4,3,2,0,5,5,3,5,1,1,3,3.0,0.0,5.0,2.0,3,
Company613,07/04/2009,San Francisco,Tech,Finance,3,2.0,5.0,3.0,1,1,5,3,5,4,5,3,5.0,3,4,0,0,5,2,5,1,2,1,5,5,5.0,2.0,2.0,3.0,3,
Company614,01/14/2011,Milwaukee,Non-Tech,Services,12,7.5,6.0,6.0,4,4,10,10,10,10,4,10,7.5,9,8,12,12,12,25,15,3,4,25,6,8,7.5,2.5,10.0,7.5,20,
Company615,12/23/2011,El Paso,Non-Tech,Finance,2,4.0,4.0,4.0,2,2,4,5,5,5,10,6,5.0,1,0,5,0,0,10,1,2,1,1,0,0,0.0,0.0,2.0,7.5,0,
Company616,12/21/2012,New York,Tech,Finance,4,5.0,3.0,5.0,2,1,5,4,4,5,3,4,5.0,0,0,0,0,0,2,5,1,4,2,0,0,0.0,0.0,2.0,2.0,0,
Company617,03/16/2007,San Diego,Non-Tech,Finance,4,4.0,6.0,6.0,2,4,10,5,10,5,6,4,5.0,15,0,0,0,0,4,2,6,1,3,10,6,7.5,0.0,2.0,3.0,0,
Company618,12/02/2007,Detroit,Non-Tech,Finance,2,4.0,4.0,4.0,1,2,5,10,5,10,1,5,7.5,9,0,0,0,12,2,1,1,1,25,0,0,0.0,0.0,2.0,2.0,0,
Company619,02/19/2004,New York,Tech,Finance,2,5.0,4.0,4.0,2,4,1,5,5,5,1,5,5.0,0,0,0,2,0,1,1,1,2,1,0,0,0.0,0.0,2.0,3.0,0,
Company620,05/01/2010,Los Angeles,Non-Tech,Finance,1,2.0,0.0,5.0,2,1,5,4,4,5,3,4,5.0,0,0,0,0,0,3,1,1,1,1,0,0,0.0,0.0,3.0,3.0,0,
Company621,08/15/2005,San Francisco,Tech,Finance,3,7.5,4.0,3.0,4,2,5,4,5,5,10,5,5.0,0,8,0,0,0,4,5,3,2,4,0,0,0.0,0.0,2.0,7.5,20,
Company622,02/09/2011,San Francisco,Tech,Services,3,5.0,4.0,4.0,2,2,5,1,4,4,5,2,4.0,4,4,4,3,3,5,5,5,1,1,5,5,5.0,1.0,3.0,2.0,5,68365000.0
Company623,07/15/2013,Boulder,Non-Tech,Services,2,7.5,6.0,4.0,1,2,2,4,4,5,10,8,7.5,0,0,0,0,0,2,3,1,5,25,0,0,0.0,0.0,2.0,3.0,0,
Company624,10/14/2013,"Washington, D.C.",Non-Tech,Finance,3,5.0,4.0,3.0,2,2,5,4,5,5,2,3,5.0,0,0,5,0,0,4,4,3,1,3,0,0,0.0,0.0,2.0,3.0,5,
Company625,09/14/2009,San Diego,Non-Tech,Services,12,7.5,6.0,6.0,4,4,10,10,10,10,4,10,7.5,12,8,12,15,15,10,15,3,4,15,10,10,12.5,5.0,10.0,7.5,15,
Company626,01/01/2000,San Francisco,Tech,Services,3,5.0,4.0,4.0,2,5,5,5,5,5,4,5,5.0,2,0,2,1,3,3,5,3,4,1,4,0,1.0,5.0,1.0,1.0,2,
Company627,07/15/2013,San Francisco,Tech,Services,2,1.0,4.0,4.0,1,2,1,4,4,5,4,4,5.0,0,0,4,0,0,2,3,1,2,1,2,0,0.0,1.0,2.0,3.0,0,
Company628,02/11/1998,Seattle,Non-Tech,Finance,4,5.0,3.0,4.0,1,2,1,5,5,5,2,5,5.0,0,0,5,4,0,15,3,1,3,1,0,5,0.0,0.0,1.0,2.0,0,
Company629,05/06/2013,Sacramento,Non-Tech,Services,2,2.0,4.0,3.0,1,2,1,5,5,5,2,5,5.0,0,2,0,0,0,1,4,1,3,1,0,0,0.0,0.0,1.0,3.0,0,
Company630,08/13/2009,Boulder,Non-Tech,Services,1,1.0,4.0,5.0,1,4,4,4,4,4,4,3,4.0,0,0,0,0,0,5,2,1,5,2,2,0,0.0,1.0,5.0,3.0,0,
Company631,08/18/2012,Boulder,Non-Tech,Finance,2,5.0,4.0,4.0,1,2,5,4,4,5,4,4,5.0,0,0,0,3,0,3,5,2,4,1,1,0,0.0,0.0,3.0,3.0,4,
Company632,09/07/2010,San Francisco,Tech,Finance,4,5.0,4.0,5.0,1,3,5,5,5,5,1,5,5.0,0,0,0,0,0,3,5,2,5,3,0,0,0.0,0.0,5.0,1.0,0,
Company633,10/29/2007,San Jose,Tech,Services,4,4.0,4.0,5.0,1,2,5,4,5,5,3,5,5.0,0,2,0,3,4,3,4,1,3,1,0,0,0.0,3.0,2.0,2.0,5,
Company634,02/26/2011,Philadelphia,Non-Tech,Services,3,5.0,4.0,4.0,1,3,5,5,8,5,1,5,5.0,2,0,3,1,0,3,2,1,4,1,0,1,0.0,1.0,2.0,3.0,4,
Company635,06/08/2000,Louisville,Non-Tech,Finance,3,4.0,4.0,4.0,2,2,5,4,4,5,4,5,5.0,0,0,0,0,0,5,5,3,2,2,0,0,0.0,0.0,2.0,3.0,0,
Company636,11/21/2009,New York,Tech,Finance,3,4.0,4.0,4.0,2,2,5,5,4,5,2,5,5.0,1,4,4,2,4,3,1,1,2,1,2,2,2.0,4.0,2.0,3.0,1,
Company637,06/30/2001,Boston,Non-Tech,Finance,2,4.0,4.0,4.0,2,3,1,4,5,5,3,5,4.0,0,0,0,0,0,3,1,2,5,1,0,0,0.0,0.0,2.0,2.0,0,
Company638,03/29/2013,Dallas,Non-Tech,Finance,4,5.0,4.0,5.0,1,4,5,5,5,5,2,5,5.0,0,0,0,0,0,3,3,1,4,1,0,0,0.0,0.0,3.0,3.0,0,
Company639,11/02/2000,"Washington, D.C.",Non-Tech,Finance,4,4.0,4.0,4.0,2,3,5,4,4,4,2,4,5.0,0,0,0,0,0,1,2,2,1,1,0,0,0.0,0.0,3.0,3.0,0,
Company640,08/20/2004,San Francisco,Tech,Services,3,5.0,5.0,3.0,1,2,5,5,5,4,2,5,4.0,1,0,4,1,0,3,2,1,2,1,0,2,2.0,2.0,3.0,2.0,0,
Company641,02/26/2010,San Francisco,Tech,Finance,12,7.5,4.0,7.5,4,2,5,4,8,5,4,8,5.0,0,0,0,0,0,15,3,3,2,4,0,0,0.0,0.0,2.5,7.5,0,
Company642,04/22/2008,Seattle,Non-Tech,Finance,2,4.0,4.0,4.0,1,2,3,1,4,5,5,4,5.0,0,0,0,0,0,1,1,1,1,1,0,0,0.0,0.0,2.0,2.0,0,
Company643,05/01/1998,Atlanta,Non-Tech,Finance,4,5.0,4.0,5.0,2,4,5,4,4,4,4,3,4.0,0,0,0,0,0,5,5,4,5,3,0,0,0.0,0.0,5.0,2.0,0,
Company644,06/01/2012,Minneapolis,Non-Tech,Finance,1,2.0,4.0,4.0,1,2,5,5,4,5,3,4,5.0,0,0,0,0,0,5,5,1,5,2,0,0,0.0,0.0,5.0,3.0,0,
Company645,09/15/2006,Minneapolis,Non-Tech,Finance,2,4.0,6.0,4.0,2,2,4,5,5,5,6,5,5.0,0,0,0,1,0,25,3,1,1,1,0,0,2.0,0.0,2.0,5.0,0,
Company646,05/29/2013,San Francisco,Tech,Finance,5,5.0,4.0,4.0,2,2,5,5,5,4,2,5,4.0,0,0,0,0,0,3,1,1,3,1,0,0,0.0,0.0,3.0,3.0,0,
Company647,03/05/2012,New York,Tech,Finance,12,7.5,6.0,6.0,2,10,10,8,10,8,6,8,6.0,0,0,0,0,0,20,15,3,2,15,0,0,0.0,0.0,10.0,5.0,0,
Company648,11/17/1995,Detroit,Non-Tech,Finance,4,2.0,5.0,4.0,1,5,5,4,4,4,3,4,4.0,0,0,4,0,0,2,5,1,2,2,0,0,0.0,0.0,4.0,2.0,0,
Company649,10/25/2013,San Francisco,Tech,Finance,4,7.5,6.0,6.0,4,6,10,8,8,8,10,6,6.0,0,0,3,0,0,25,15,15,3,5,0,0,0.0,0.0,12.5,2.5,0,
Company650,01/16/2009,San Francisco,Tech,Services,4,5.0,4.0,4.0,1,2,5,5,5,5,2,5,5.0,0,3,4,3,4,4,5,5,3,5,3,3,3.0,4.0,3.0,3.0,4,
Company651,12/21/2012,Omaha,Non-Tech,Finance,4,5.0,3.0,5.0,2,1,5,4,4,5,3,4,5.0,0,0,0,0,0,2,5,3,4,2,0,0,0.0,0.0,2.0,2.0,0,
Company652,06/15/2010,San Francisco,Tech,Services,4,4.0,4.0,4.0,2,4,10,4,5,8,1,5,6.0,0,4,0,15,0,4,5,2,2,1,4,0,4.0,3.0,1.0,2.0,0,
Company653,02/19/2004,San Francisco,Tech,Finance,2,5.0,4.0,4.0,2,3,5,5,4,5,2,5,5.0,0,0,0,0,0,5,1,1,2,1,0,0,0.0,0.0,4.0,3.0,5,
Company654,03/15/2011,"Washington, D.C.",Non-Tech,Finance,4,5.0,4.0,4.0,2,2,2,5,4,4,1,4,5.0,3,0,0,2,3,2,5,1,1,1,3,4,3.0,5.0,3.0,3.0,5,
Company655,11/21/1999,San Francisco,Tech,Services,3,5.0,4.0,5.0,1,3,5,4,5,5,1,5,5.0,2,2,4,0,0,2,4,1,1,5,4,2,3.0,4.0,3.0,3.0,5,
Company656,08/11/2007,Boston,Non-Tech,Services,4,4.0,5.0,4.0,2,3,5,5,5,5,2,4,5.0,1,2,0,1,4,2,1,1,1,1,2,1,4.0,3.0,3.0,3.0,5,
Company657,03/02/1998,San Francisco,Tech,Services,3,5.0,4.0,5.0,2,2,5,4,5,5,5,4,5.0,0,0,0,2,0,3,1,1,5,1,1,1,0.0,0.0,1.0,2.0,0,
Company658,05/01/2013,San Jose,Tech,Finance,3,4.0,2.0,4.0,2,1,3,5,5,5,2,5,5.0,0,0,0,0,0,4,2,1,1,2,0,0,0.0,0.0,2.0,3.0,0,
Company659,09/13/2006,San Jose,Tech,Finance,3,5.0,4.0,5.0,2,3,3,5,5,5,2,5,5.0,0,0,0,0,0,2,1,1,1,1,0,0,0.0,0.0,1.0,2.0,0,
Company660,11/22/2012,San Francisco,Tech,Services,4,6.0,4.0,4.0,1,5,5,5,5,5,2,5,5.0,3,2,4,2,4,3,5,1,5,20,5,2,3.0,3.0,2.0,2.0,4,
Company661,02/16/2012,Jacksonville,Non-Tech,Services,6,4.5,6.0,6.0,2,6,10,10,5,10,4,10,7.5,0,3,0,2,0,3,5,3,2,5,0,0,3.0,0.0,2.0,3.0,0,
Company662,01/18/2013,Chicago,Non-Tech,Services,4,1.0,5.0,4.0,2,2,5,4,5,4,3,3,4.0,0,5,0,4,0,5,5,2,3,5,0,4,3.0,0.0,2.0,3.0,0,
Company663,06/01/2009,Boulder,Non-Tech,Services,3,5.0,4.0,4.0,1,3,5,4,4,5,5,5,5.0,3,4,4,3,0,3,5,2,4,1,5,5,4.0,3.0,3.0,0.0,0,
Company664,07/31/2013,San Diego,Non-Tech,Finance,2,3.0,4.0,4.0,2,2,5,5,4,5,3,5,5.0,0,0,0,0,0,5,5,2,1,4,0,0,0.0,0.0,2.0,2.0,0,
Company665,04/22/2008,Seattle,Non-Tech,Finance,2,4.0,3.0,5.0,1,2,3,1,4,5,5,4,5.0,0,5,0,0,0,4,1,1,1,1,0,0,0.0,1.0,2.0,2.0,0,
Company666,08/02/1995,San Francisco,Tech,Finance,3,1.5,4.5,4.5,4,2,10,10,10,4,4,2,4.0,9,8,0,9,0,10,3,3,5,10,3,0,0.0,4.0,2.5,7.5,0,
Company667,06/01/2010,San Francisco,Tech,Services,4,5.0,4.0,5.0,2,3,5,4,5,5,2,5,5.0,0,4,4,2,0,1,5,2,4,3,2,1,2.0,1.0,1.0,1.0,5,
Company668,06/24/2012,San Francisco,Tech,Services,4,5.0,4.0,3.0,1,2,5,4,4,4,4,5,5.0,3,1,0,0,3,3,2,4,3,5,4,4,4.0,0.0,3.0,3.0,0,
Company669,02/09/2000,San Francisco,Tech,Other,2,5.0,4.0,4.0,1,2,5,2,4,5,5,5,5.0,0,0,0,0,0,4,1,1,1,1,0,0,0.0,0.0,1.0,3.0,0,
Company670,04/12/2012,Indianapolis,Non-Tech,Finance,2,2.0,4.0,3.0,2,2,1,5,5,4,1,4,5.0,0,0,0,0,0,2,1,1,1,1,0,0,0.0,0.0,2.0,2.0,0,
Company671,09/19/2009,Newark,Non-Tech,Services,12,5.0,4.0,4.0,4,3,10,4,4,5,4,4,7.5,3,0,0,4,4,3,5,2,3,15,0,4,4.0,5.0,3.0,3.0,4,
Company672,09/26/2003,Atlanta,Non-Tech,Finance,3,5.0,4.0,4.0,1,2,5,4,5,4,2,5,4.0,0,0,0,0,0,1,3,2,3,2,0,0,0.0,0.0,2.0,3.0,0,
Company673,07/15/2013,San Jose,Tech,Services,1,3.0,5.0,4.0,2,2,5,4,5,5,3,5,5.0,0,0,0,0,0,2,3,2,2,1,0,0,0.0,0.0,2.0,3.0,0,
Company674,11/22/2012,Boulder,Non-Tech,Services,4,3.0,4.0,4.0,1,4,5,4,4,5,3,5,4.0,3,3,5,4,4,3,5,3,4,3,5,3,3.0,2.0,3.0,1.0,2,
Company675,08/14/2009,San Francisco,Tech,Finance,4,5.0,4.0,4.0,1,2,5,5,5,10,2,5,5.0,0,0,0,3,0,2,5,1,4,1,2,0,0.0,0.0,2.0,3.0,0,
Company676,01/22/2007,Philadelphia,Non-Tech,Services,4,5.0,4.0,3.0,1,3,5,5,5,5,2,5,5.0,1,2,2,1,3,2,5,1,3,4,1,1,4.0,3.0,2.0,3.0,5,44677000.0
Company677,08/02/1995,San Francisco,Tech,Services,3,5.0,4.0,5.0,2,2,5,1,4,4,5,2,4.0,2,4,5,3,4,5,5,5,1,3,3,4,4.0,4.0,3.0,2.0,5,
Company678,08/06/2009,Boston,Non-Tech,Finance,5,2.0,5.0,4.0,2,1,5,4,4,5,4,5,4.0,0,0,0,0,0,5,5,1,2,1,0,0,0.0,0.0,2.0,3.0,0,
Company679,09/06/1996,Richmond,Non-Tech,Services,4,5.0,4.0,4.0,2,2,5,4,4,5,4,4,5.0,3,5,5,3,4,3,5,2,5,2,3,3,3.0,1.0,4.0,3.0,3,
Company680,02/07/2007,San Francisco,Tech,Finance,3,5.0,4.0,4.0,2,2,5,5,5,5,1,5,5.0,0,0,0,0,0,2,3,1,2,3,0,0,0.0,0.0,3.0,3.0,0,
Company681,05/07/2010,San Francisco,Tech,Services,2,4.0,5.0,3.0,1,2,3,3,4,4,5,2,3.0,0,4,3,1,5,2,5,3,1,1,3,2,3.0,4.0,2.0,3.0,5,
Company682,02/16/2010,Santa Ana,Non-Tech,Finance,3,4.0,4.0,4.0,2,5,5,4,5,4,5,5,5.0,1,0,0,1,5,2,3,2,1,1,2,5,2.0,5.0,3.0,3.0,1,
Company683,02/16/2012,Louisville,Non-Tech,Finance,6,4.5,6.0,6.0,2,6,5,10,10,5,3,10,7.5,0,0,0,0,0,10,1,3,1,5,0,0,0.0,0.0,5.0,7.5,0,
Company684,10/18/2012,Dallas,Non-Tech,Finance,4,5.0,4.0,5.0,1,3,5,5,5,5,1,5,5.0,0,0,0,0,0,3,5,2,1,3,0,0,0.0,0.0,5.0,1.0,0,
Company685,12/08/2012,San Francisco,Tech,Services,5,3.0,4.0,4.0,1,5,5,4,4,5,2,5,4.0,0,4,0,0,0,3,5,2,4,3,2,0,1.0,0.0,3.0,3.0,0,
Company686,10/17/2008,Milwaukee,Non-Tech,Finance,5,5.0,4.0,4.0,2,2,5,4,4,4,5,5,4.0,0,0,0,0,0,1,5,1,2,1,0,0,0.0,0.0,3.0,1.0,0,
Company687,11/22/2012,Miami,Non-Tech,Finance,2,5.0,4.0,4.0,2,2,5,3,4,5,5,4,4.0,0,0,0,0,0,3,5,4,4,5,0,0,0.0,2.0,2.0,1.0,0,
Company688,03/05/1996,San Francisco,Tech,Finance,12,7.5,6.0,4.0,1,10,5,8,10,5,5,10,4.0,0,0,0,0,0,3,15,1,1,10,0,0,0.0,0.0,2.0,3.0,0,
Company689,09/17/2009,San Jose,Tech,Services,3,5.0,5.0,4.0,1,5,5,3,5,4,5,3,5.0,4,5,5,0,5,5,5,1,4,5,0,5,0.0,0.0,4.0,1.0,0,
Company690,12/04/2012,Detroit,Non-Tech,Finance,2,6.0,6.0,3.0,1,4,5,5,10,10,6,5,5.0,0,0,0,0,0,1,5,6,4,20,0,0,0.0,0.0,3.0,5.0,0,
Company691,03/06/2013,Riverside,Non-Tech,Finance,4,5.0,4.0,4.0,1,2,5,5,5,5,1,4,5.0,0,4,4,0,0,3,2,1,5,1,0,4,0.0,0.0,2.0,1.0,0,
Company692,08/06/2009,Philadelphia,Non-Tech,Services,5,5.0,4.0,5.0,1,3,5,4,4,4,4,5,4.0,2,5,5,5,4,5,5,1,5,4,0,4,3.0,4.0,4.0,2.0,3,
Company693,11/27/2008,Louisville,Non-Tech,Finance,2,4.0,4.0,4.0,1,3,5,5,5,5,3,5,5.0,0,0,0,0,0,3,5,1,2,1,0,0,0.0,0.0,1.0,3.0,0,
Company694,05/01/2009,Milwaukee,Non-Tech,Finance,4,5.0,4.0,5.0,2,2,5,4,4,5,4,4,5.0,0,0,0,0,0,3,4,1,2,1,0,0,0.0,0.0,3.0,2.0,0,
Company695,04/14/2010,San Francisco,Tech,Finance,4,5.0,4.0,4.0,1,4,5,5,4,4,1,4,4.0,0,0,0,0,0,2,4,1,1,2,0,0,0.0,0.0,5.0,3.0,0,
Company696,09/06/1997,Oklahoma City,Non-Tech,Services,6,6.0,6.0,4.0,2,10,10,4,10,10,2,10,7.5,6,4,12,0,0,5,6,1,1,1,0,4,0.0,0.0,2.5,3.0,15,
Company697,05/01/1997,Detroit,Non-Tech,Finance,2,4.0,4.0,4.0,2,2,5,2,4,5,5,3,5.0,0,2,3,0,4,1,5,2,1,1,3,3,2.0,2.0,2.0,3.0,0,
Company698,02/16/2012,San Francisco,Tech,Services,6,5.0,5.0,4.0,2,5,5,4,10,4,3,10,5.0,0,0,5,0,0,5,3,3,3,5,0,0,5.0,3.0,2.0,1.0,0,
Company699,09/09/2010,Phoenix,Non-Tech,Finance,3,5.0,4.0,3.0,1,2,5,8,5,5,1,5,5.0,0,0,0,0,0,20,15,1,1,1,0,0,0.0,0.0,1.0,3.0,0,
Company700,06/17/2010,San Francisco,Tech,Services,1,5.0,5.0,4.0,1,4,1,4,4,5,5,4,5.0,0,4,4,2,3,3,3,4,1,1,3,4,3.0,5.0,2.0,3.0,3,
Company701,01/18/2013,Boulder,Non-Tech,Services,4,5.0,4.0,4.0,1,2,5,3,5,4,5,3,4.0,0,0,0,0,0,5,5,2,2,5,0,0,0.0,0.0,2.0,3.0,0,
Company702,08/14/2009,San Francisco,Tech,Finance,4,5.0,4.0,4.0,1,2,5,5,5,5,2,5,5.0,0,0,0,0,0,3,5,1,4,1,0,0,0.0,0.0,2.0,3.0,0,
Company703,09/09/2005,Baltimore,Non-Tech,Finance,2,3.0,4.0,4.0,2,4,10,8,4,5,5,8,5.0,2,3,4,0,4,25,4,2,3,2,2,4,2.0,1.0,1.0,3.0,5,
Company704,01/23/2009,Sacramento,Non-Tech,Finance,2,4.0,4.0,4.0,1,2,5,4,5,5,3,5,5.0,0,0,0,0,0,2,1,1,1,1,0,0,0.0,0.0,1.0,3.0,0,
Company705,07/31/2013,Albuquerque,Non-Tech,Services,12,7.5,6.0,6.0,4,2,5,10,4,10,4,10,7.5,9,4,12,3,12,20,15,3,1,25,0,0,0.0,0.0,5.0,7.5,25,
Company706,04/14/2010,San Francisco,Tech,Finance,4,5.0,4.0,4.0,2,2,5,4,4,4,1,8,3.0,0,0,0,0,0,2,5,1,1,4,0,0,0.0,0.0,5.0,3.0,0,
Company707,02/07/2009,Tucson,Non-Tech,Finance,2,3.0,5.0,3.0,1,5,5,5,5,5,1,5,5.0,0,0,4,0,0,1,3,1,1,4,0,0,0.0,0.0,2.0,3.0,0,
Company708,10/21/2011,San Francisco,Tech,Finance,4,3.0,6.0,4.0,1,3,5,5,5,5,1,10,5.0,0,0,0,0,12,3,1,1,1,1,0,4,0.0,0.0,2.0,7.5,0,
Company709,05/24/2007,San Francisco,Tech,Services,4,5.0,4.0,5.0,2,5,5,4,5,4,2,3,4.0,2,4,4,1,4,1,2,1,4,1,0,2,2.0,5.0,1.0,3.0,2,
Company710,10/04/2000,San Francisco,Tech,Services,3,5.0,4.0,3.0,1,3,5,5,5,5,1,5,5.0,0,0,0,0,0,2,1,1,1,1,0,0,0.0,0.0,3.0,3.0,0,
Company711,01/22/2011,Boulder,Non-Tech,Finance,3,4.0,4.0,4.0,2,2,5,4,5,5,3,5,5.0,0,0,0,0,0,4,5,3,5,4,0,0,0.0,0.0,2.0,3.0,0,
Company712,07/07/2010,San Jose,Tech,Services,5,4.0,6.0,4.5,2,4,5,4,4,4,6,3,4.0,2,4,4,1,0,4,5,1,3,25,3,4,0.0,3.0,7.5,1.0,0,
Company713,03/24/2008,Philadelphia,Non-Tech,Services,2,5.0,4.0,3.0,1,3,5,5,4,5,3,5,5.0,0,0,4,3,5,2,1,1,3,2,2,0,0.0,0.0,2.0,3.0,5,
Company714,10/10/2011,Detroit,Non-Tech,Finance,6,4.5,4.0,5.0,1,3,5,8,5,10,3,5,5.0,0,0,0,0,0,1,1,1,1,1,0,0,0.0,0.0,1.0,1.0,0,
Company715,08/13/2011,Kansas City,Non-Tech,Finance,1,2.0,3.0,3.0,1,1,5,5,5,5,4,4,5.0,0,0,0,0,0,1,5,1,1,1,0,0,0.0,0.0,5.0,3.0,0,
Company716,08/13/2009,Palo Alto,Non-Tech,Finance,4,5.0,4.0,4.0,2,2,5,5,4,4,4,5,5.0,0,0,0,0,0,3,5,2,5,2,0,0,0.0,0.0,5.0,2.0,0,
Company717,01/01/2000,Boulder,Non-Tech,Finance,3,5.0,6.0,4.0,2,10,5,5,5,5,2,10,5.0,2,2,2,1,12,2,1,1,1,1,4,10,1.0,5.0,1.0,3.0,15,
Company718,09/28/2010,Seattle,Non-Tech,Finance,2,3.0,4.0,4.0,2,5,5,5,4,5,2,4,4.0,0,0,0,0,0,2,3,1,1,1,0,0,5.0,0.0,1.0,3.0,0,
Company719,06/16/2012,Omaha,Non-Tech,Finance,2,2.0,0.0,5.0,2,1,1,4,4,5,3,4,5.0,0,2,0,0,0,1,1,1,1,1,0,0,2.0,0.0,1.0,3.0,1,
Company720,07/16/2012,San Jose,Tech,Services,4,5.0,4.0,4.0,1,3,5,4,5,5,3,5,5.0,3,4,3,3,4,2,5,1,3,3,4,4,3.0,3.0,3.0,3.0,5,
Company721,08/01/2010,San Francisco,Tech,Finance,3,3.0,4.0,4.0,1,2,5,4,5,5,3,5,5.0,0,0,0,0,0,1,1,2,4,2,0,0,0.0,0.0,2.0,3.0,0,
Company722,05/08/1995,Seattle,Non-Tech,Finance,4,7.5,6.0,3.0,1,5,10,5,10,10,2,8,5.0,3,0,3,5,5,2,15,4,3,1,0,0,5.0,0.0,4.0,3.0,4,
Company723,06/01/2010,San Francisco,Tech,Finance,2,5.0,4.0,4.0,2,2,5,4,4,4,3,3,4.0,0,0,0,5,0,5,5,2,4,2,5,0,0.0,0.0,2.0,2.0,0,
Company724,11/01/2007,San Francisco,Tech,Services,4,5.0,4.0,5.0,1,3,5,4,5,5,3,5,5.0,0,5,0,0,4,5,5,2,1,1,5,0,0.0,1.0,5.0,3.0,3,
Company725,11/27/2011,San Francisco,Tech,Services,12,5.0,4.5,7.5,1,1,10,8,5,5,2,5,5.0,0,0,0,0,0,15,12,3,1,1,0,0,0.0,0.0,4.0,7.5,0,
Company726,10/11/2010,Los Angeles,Non-Tech,Finance,1,4.0,4.0,3.0,2,2,5,5,5,5,4,5,5.0,3,4,4,2,5,5,1,1,1,4,3,3,4.0,0.0,5.0,1.0,5,
Company727,11/21/1999,San Francisco,Tech,Finance,12,4.0,6.0,6.0,2,8,10,10,10,10,1,5,5.0,3,0,12,3,0,1,2,3,1,1,4,0,7.5,0.0,7.5,5.0,0,
Company728,07/04/2011,Boulder,Non-Tech,Finance,2,2.0,4.0,4.0,2,2,2,4,5,5,3,5,5.0,0,0,0,0,0,3,3,12,1,2,0,0,0.0,0.0,2.0,3.0,0,
Company729,06/20/2011,Milwaukee,Non-Tech,Services,5,5.0,4.0,3.0,1,2,3,3,4,4,2,3,4.0,3,5,5,5,4,5,5,4,5,4,5,3,4.0,1.0,5.0,3.0,5,
Company730,07/07/2010,Dallas,Non-Tech,Services,3,4.0,4.0,4.0,2,2,5,4,5,5,1,5,4.0,0,0,0,0,4,3,1,3,1,1,0,0,5.0,0.0,2.0,3.0,5,
Company731,09/20/2009,San Francisco,Tech,Services,5,5.0,3.0,5.0,2,2,5,5,5,4,2,5,4.0,4,4,4,5,4,5,5,2,2,3,2,2,2.0,5.0,3.0,2.0,5,89041000.0
Company732,04/06/1998,Milwaukee,Non-Tech,Finance,6,3.0,3.0,7.5,4,4,2,10,8,8,4,10,7.5,0,0,0,0,0,10,3,6,1,5,0,0,0.0,0.0,5.0,7.5,4,
Company733,06/09/2007,San Francisco,Tech,Finance,3,3.0,4.0,5.0,2,2,10,5,5,5,2,5,5.0,0,0,0,0,0,4,4,1,3,10,0,0,0.0,0.0,2.0,3.0,0,
Company734,06/20/2011,San Francisco,Tech,Services,4,5.0,5.0,3.0,1,5,5,5,4,5,2,5,4.0,3,4,5,3,4,5,5,2,5,3,3,3,5.0,1.0,3.0,3.0,5,
Company735,11/27/2011,San Francisco,Tech,Services,4,5.0,4.0,3.0,1,4,5,5,4,8,3,8,6.0,0,0,0,0,0,15,12,3,5,1,0,0,0.0,0.0,5.0,2.0,0,
Company736,05/18/2011,Boston,Non-Tech,Finance,3,4.0,4.0,4.0,2,2,1,4,5,5,3,5,5.0,0,0,0,0,0,3,4,1,1,1,0,0,0.0,0.0,2.0,3.0,0,
Company737,11/25/2008,Denver,Non-Tech,Services,4,5.0,4.0,4.0,4,3,5,4,5,10,3,5,7.5,0,4,4,5,5,5,5,1,5,4,4,4,4.0,5.0,5.0,2.0,0,
Company738,08/25/2011,San Jose,Tech,Services,3,5.0,5.0,3.0,1,2,5,5,5,5,2,5,5.0,2,2,4,2,4,2,5,2,4,2,1,1,1.0,4.0,3.0,3.0,5,42508000.0
Company739,06/01/2012,Atlanta,Non-Tech,Finance,3,2.0,4.0,4.0,2,2,4,4,4,5,3,5,5.0,0,0,0,0,0,2,3,1,1,2,0,0,0.0,0.0,2.0,3.0,0,
Company740,02/16/2007,Charlotte,Non-Tech,Services,4,5.0,4.0,6.0,2,2,10,5,8,5,1,5,5.0,0,0,0,0,0,4,15,1,5,25,0,0,0.0,0.0,3.0,2.0,0,
Company741,08/19/2006,Los Angeles,Non-Tech,Other,3,4.0,4.0,4.0,2,2,5,4,5,5,2,5,5.0,0,0,0,0,0,5,15,1,3,2,0,0,0.0,0.0,4.0,2.5,0,
Company742,09/08/2010,New York,Tech,Finance,5,5.0,5.0,5.0,2,2,5,3,4,5,2,3,5.0,0,0,0,0,0,5,5,3,5,5,0,0,0.0,0.0,5.0,0.0,0,
Company743,11/01/2007,Indianapolis,Non-Tech,Services,3,5.0,4.0,5.0,4,3,5,4,4,4,2,3,4.0,3,3,5,2,4,5,5,4,2,2,2,2,2.0,1.0,3.0,0.0,3,
Company744,10/05/2010,Seattle,Non-Tech,Finance,2,5.0,4.0,4.0,2,2,5,5,5,5,2,5,5.0,0,0,0,0,0,5,4,2,4,2,0,0,0.0,0.0,2.0,3.0,0,
Company745,07/22/2010,San Francisco,Tech,Services,2,3.0,4.0,4.0,2,1,5,4,4,5,2,5,5.0,3,4,3,1,3,4,4,2,1,2,3,4,2.0,5.0,3.0,2.0,5,
Company746,05/12/2013,Dallas,Non-Tech,Finance,5,3.0,4.0,4.0,1,3,5,5,5,5,2,5,5.0,0,0,0,0,0,1,1,1,1,1,0,0,0.0,0.0,2.0,3.0,0,
Company747,05/29/2013,Boston,Non-Tech,Finance,5,5.0,5.0,3.0,5,2,5,5,5,4,1,5,5.0,0,0,0,0,0,3,1,1,2,1,0,0,0.0,0.0,1.0,3.0,0,
Company748,08/02/2010,Phoenix,Non-Tech,Services,4,5.0,5.0,4.0,1,3,5,4,5,4,1,5,5.0,3,2,4,2,0,5,4,1,2,2,3,3,3.0,4.0,2.0,3.0,5,
Company749,09/17/2009,San Francisco,Tech,Finance,4,5.0,5.0,3.0,2,4,5,5,5,5,1,5,5.0,2,2,0,0,4,1,4,2,1,4,4,0,5.0,4.0,3.0,3.0,3,
Company750,11/03/2012,Raleigh,Non-Tech,Services,2,2.0,3.0,4.0,3,1,1,4,5,5,4,4,5.0,5,0,0,3,4,5,3,1,4,1,0,4,0.0,0.0,1.0,2.0,0,
Company751,03/06/2013,Portland,Non-Tech,Finance,2,3.0,4.0,4.0,2,2,5,5,5,5,2,5,5.0,0,0,0,0,0,2,1,1,1,1,0,0,0.0,0.0,1.0,3.0,0,
Company752,06/05/1999,San Jose,Tech,Finance,2,4.0,2.0,4.0,2,2,5,4,5,5,3,5,5.0,0,0,0,0,0,1,1,1,1,1,0,0,0.0,0.0,1.0,3.0,0,
Company753,03/06/2013,San Francisco,Tech,Finance,2,4.0,4.0,4.0,2,2,5,5,5,5,1,5,5.0,1,0,5,0,0,3,3,1,1,1,0,0,3.0,5.0,2.0,3.0,0,
Company754,03/05/1996,San Francisco,Tech,Services,5,3.0,4.0,5.0,2,2,1,4,4,4,3,3,4.0,2,0,4,0,0,4,5,1,1,3,0,4,0.0,0.0,2.0,2.0,5,
Company755,11/22/2007,San Francisco,Tech,Finance,4,6.0,6.0,6.0,2,6,10,10,5,5,1,10,7.5,0,0,0,0,0,5,4,3,1,5,0,0,0.0,0.0,5.0,7.5,0,
Company756,03/26/2005,Atlanta,Non-Tech,Finance,4,5.0,4.0,3.0,2,2,5,5,4,4,3,4,4.0,0,0,0,0,0,2,1,1,2,1,0,0,0.0,0.0,1.0,3.0,0,
Company757,04/17/2009,San Francisco,Tech,Finance,4,5.0,4.0,4.0,1,5,5,5,4,5,2,5,4.0,0,0,0,0,0,2,5,1,2,2,0,0,0.0,0.0,2.0,3.0,0,
Company758,04/01/2000,San Francisco,Tech,Finance,4,2.0,4.0,4.0,2,2,5,4,4,5,3,5,5.0,0,0,0,0,0,1,5,3,3,2,0,0,0.0,0.0,3.0,3.0,0,
Company759,06/20/2011,San Francisco,Tech,Services,4,5.0,5.0,3.0,1,5,5,4,5,5,2,5,5.0,0,4,5,5,4,5,5,2,4,1,4,3,3.0,0.0,5.0,3.0,5,
Company760,09/07/2010,San Francisco,Tech,Finance,4,5.0,4.0,4.0,1,4,5,5,5,5,1,5,4.0,2,0,0,0,1,5,5,1,5,1,2,0,0.0,0.0,5.0,0.0,0,
Company761,07/31/2013,San Jose,Tech,Services,4,3.0,4.0,4.0,2,2,5,4,5,5,3,5,5.0,0,0,0,0,0,5,5,2,1,4,0,0,0.0,0.0,2.0,3.0,0,
Company762,07/15/2011,San Francisco,Tech,Services,4,3.0,3.0,5.0,2,1,5,4,4,5,3,4,5.0,0,2,0,4,0,2,5,1,5,4,0,4,2.0,2.0,2.0,2.0,3,
Company763,05/18/1998,Boulder,Non-Tech,Services,4,4.5,6.0,5.0,2,4,10,8,8,4,5,4,6.0,15,10,0,0,0,4,15,6,5,2,0,0,0.0,0.0,7.5,5.0,20,
Company764,04/14/2010,Chicago,Non-Tech,Finance,3,5.0,4.0,4.0,1,2,5,4,4,4,1,4,4.0,0,0,0,0,0,2,4,1,1,1,0,0,0.0,0.0,2.0,3.0,0,
Company765,09/17/2009,New York,Tech,Finance,1,2.0,5.0,4.0,2,2,5,4,4,4,3,4,5.0,0,0,0,0,0,1,3,1,1,4,0,0,0.0,0.0,1.0,3.0,0,
Company766,07/04/2011,New York,Tech,Services,2,7.5,6.0,3.0,1,4,4,4,5,5,3,5,5.0,0,2,2,0,0,1,5,12,3,3,0,0,0.0,1.0,3.0,2.5,0,
Company767,09/15/2006,Boston,Non-Tech,Finance,9,5.0,6.0,6.0,4,4,10,8,4,10,3,10,7.5,0,0,0,0,0,25,15,6,4,20,0,0,0.0,0.0,4.0,3.0,0,
Company768,08/20/2004,San Francisco,Tech,Finance,4,5.0,5.0,4.0,1,2,5,5,5,5,2,5,5.0,0,0,0,1,0,3,1,4,5,1,0,0,2.0,2.0,1.0,1.0,0,
Company769,10/30/2013,Durham,Non-Tech,Services,3,5.0,4.5,4.5,4,2,2,10,10,10,4,10,5.0,0,0,0,0,0,5,3,3,1,2,0,0,0.0,0.0,3.0,3.0,0,
Company770,06/20/2011,San Francisco,Tech,Services,9,5.0,6.0,3.0,4,6,5,10,5,10,2,5,5.0,3,0,5,0,5,5,6,2,2,1,3,5,0.0,5.0,2.0,3.0,5,
Company771,04/26/2013,Seattle,Non-Tech,Services,3,4.0,5.0,4.0,1,5,5,5,4,5,1,3,5.0,3,5,0,1,0,5,5,5,2,4,0,2,0.0,2.0,3.0,3.0,0,
Company772,07/09/2013,Charlotte,Non-Tech,Finance,9,4.5,3.0,7.5,6,2,6,8,10,4,6,10,7.5,0,0,0,0,0,25,6,3,4,10,0,0,0.0,0.0,2.5,7.5,0,
Company773,11/21/1999,Los Angeles,Non-Tech,Finance,3,4.0,5.0,5.0,2,4,5,5,5,5,1,5,5.0,0,1,0,0,0,1,2,1,3,1,0,0,1.0,0.0,4.0,3.0,0,
Company774,06/14/2013,Cleveland,Non-Tech,Finance,3,5.0,4.0,4.0,1,2,5,5,5,5,1,5,4.0,0,0,0,0,0,1,1,1,2,2,0,0,0.0,0.0,3.0,2.0,0,
Company775,07/07/2010,Kansas City,Non-Tech,Services,12,4.0,4.0,4.0,1,3,5,4,5,10,3,10,7.5,3,4,4,3,4,3,5,1,4,1,3,4,0.0,1.0,5.0,3.0,1,
Company776,10/12/2013,Chicago,Non-Tech,Finance,12,5.0,6.0,3.0,4,4,10,10,10,5,4,5,5.0,0,0,0,0,0,20,4,2,1,10,0,0,0.0,0.0,5.0,3.0,0,
Company777,09/10/1998,San Jose,Tech,Other,5,5.0,4.0,4.0,2,2,5,4,4,4,4,3,4.0,0,0,0,0,0,4,5,1,3,1,0,0,0.0,0.0,3.0,1.0,0,
Company778,05/07/2010,Milwaukee,Non-Tech,Finance,2,4.0,4.0,3.0,1,2,2,5,4,4,5,2,3.0,3,0,3,0,5,2,1,3,1,1,3,0,0.0,4.0,1.0,3.0,0,
Company779,05/01/1998,Palo Alto,Non-Tech,Finance,3,3.0,4.0,5.0,2,4,5,4,4,5,4,3,4.0,0,0,0,0,0,5,5,4,5,3,0,0,0.0,0.0,5.0,2.0,0,
Company780,08/02/2011,San Francisco,Tech,Services,3,4.0,4.0,4.0,2,3,5,4,4,4,4,3,4.0,2,2,4,1,0,4,5,1,1,1,1,0,1.0,3.0,3.0,3.0,5,
Company781,04/12/1997,Chicago,Non-Tech,Finance,4,3.0,4.0,4.0,2,2,5,4,4,4,5,4,4.0,0,0,0,1,0,5,5,3,5,5,0,0,0.0,3.0,3.0,2.0,5,
Company782,08/01/2008,Dallas,Non-Tech,Finance,4,2.0,4.0,4.0,2,2,4,4,5,5,3,5,3.0,0,0,0,0,0,2,3,1,1,1,0,0,0.0,0.0,1.0,1.0,0,
Company783,07/10/2013,San Francisco,Tech,Finance,4,5.0,3.0,5.0,2,2,5,4,4,5,4,4,5.0,0,0,0,0,0,3,5,1,2,2,0,0,0.0,0.0,2.0,3.0,0,
Company784,11/08/2013,New York,Tech,Services,3,5.0,6.0,6.0,3,2,10,4,4,4,3,4,4.0,0,10,12,0,0,5,4,1,1,3,0,0,7.5,0.0,1.0,7.5,0,
Company785,09/01/2001,Dallas,Non-Tech,Finance,3,3.0,4.0,4.0,2,5,5,4,5,4,3,4,5.0,1,0,0,0,0,2,1,1,1,1,0,5,0.0,0.0,2.0,3.0,1,
Company786,04/13/2007,San Francisco,Tech,Finance,6,6.0,6.0,6.0,2,6,10,4,10,10,4,10,7.5,0,0,0,0,0,10,3,1,1,5,0,0,0.0,0.0,10.0,3.0,0,
Company787,07/04/2011,San Francisco,Tech,Services,12,7.5,6.0,6.0,2,4,10,6,8,10,10,8,7.5,0,0,0,0,0,15,15,12,5,25,0,0,0.0,0.0,10.0,2.5,0,
Company788,09/26/2006,San Francisco,Tech,Services,12,6.0,6.0,6.0,2,8,10,5,5,10,4,10,7.5,3,4,12,3,12,15,15,3,5,20,4,2,7.5,2.5,3.0,5.0,25,
Company789,06/14/2013,New York,Tech,Finance,4,5.0,4.0,3.0,1,2,1,5,5,5,1,4,5.0,0,4,0,3,0,3,2,1,2,2,0,5,5.0,2.0,3.0,2.0,0,
Company790,07/14/2007,Atlanta,Non-Tech,Services,4,5.0,5.0,4.0,2,2,5,4,4,5,3,4,5.0,3,0,0,4,2,3,5,5,3,5,5,4,0.0,2.0,3.0,1.0,0,
Company791,07/04/2011,Boulder,Non-Tech,Services,2,3.0,5.0,3.0,2,2,5,4,5,10,4,5,5.0,0,0,3,0,4,3,5,3,2,3,2,4,5.0,2.0,3.0,2.5,2,
Company792,02/21/2013,Denver,Non-Tech,Services,3,4.0,4.0,4.0,4,6,5,10,10,10,1,5,5.0,0,0,0,0,0,5,1,1,1,1,0,0,0.0,0.0,5.0,3.0,0,
Company793,03/18/2011,Pittsburgh,Non-Tech,Finance,1,4.0,4.0,4.0,2,3,1,3,4,5,5,4,4.0,0,0,0,0,0,5,1,1,2,4,0,0,0.0,0.0,1.0,2.0,0,
Company794,05/01/2012,Detroit,Non-Tech,Finance,5,5.0,4.0,5.0,2,4,5,4,4,4,5,3,4.0,0,0,0,0,0,5,5,3,5,3,0,0,0.0,0.0,2.0,0.0,0,
Company795,09/13/1999,Atlanta,Non-Tech,Finance,3,4.5,4.0,4.0,1,2,5,4,5,4,6,10,7.5,0,0,0,0,0,25,2,3,2,2,0,0,0.0,0.0,5.0,3.0,0,
Company796,06/28/2012,Raleigh,Non-Tech,Finance,3,4.0,4.0,4.0,2,2,5,5,5,5,1,5,5.0,0,0,0,0,0,3,1,1,1,1,0,0,0.0,0.0,2.0,3.0,0,
Company797,12/04/2012,San Francisco,Tech,Finance,2,3.0,4.0,3.0,1,2,5,4,5,5,4,5,5.0,0,0,0,0,0,5,3,4,2,5,0,0,0.0,0.0,3.0,3.0,0,
Company798,04/04/2008,San Francisco,Tech,Services,12,6.0,4.0,3.0,1,1,10,8,10,10,5,4,5.0,15,8,12,15,3,2,1,2,3,1,10,6,7.5,3.0,5.0,3.0,20,
Company799,10/04/2013,Phoenix,Non-Tech,Finance,12,3.0,4.5,3.0,4,2,5,8,5,10,10,5,7.5,0,0,0,0,0,2,4,15,1,15,0,0,0.0,0.0,3.0,2.0,5,
Company800,08/13/2009,San Jose,Tech,Services,2,5.0,4.0,4.0,2,2,5,4,5,5,4,4,4.0,2,3,0,3,0,4,5,2,5,2,1,3,1.0,4.0,2.0,3.0,0,
Company801,07/04/2011,Chicago,Non-Tech,Services,3,5.0,4.0,4.0,2,2,5,5,4,4,2,4,5.0,4,4,0,0,0,5,4,1,3,3,3,0,0.0,5.0,2.0,2.0,5,
Company802,02/29/2012,New York,Tech,Finance,3,4.0,3.0,3.0,2,2,5,5,5,5,4,5,5.0,0,0,0,0,0,3,5,1,1,2,0,0,0.0,0.0,5.0,3.0,0,
Company803,02/07/2009,Palo Alto,Non-Tech,Finance,2,3.0,3.0,4.0,2,2,5,5,5,5,1,5,4.0,0,0,0,0,0,3,1,2,1,1,0,0,0.0,0.0,2.0,3.0,0,
Company804,12/08/2012,San Francisco,Tech,Services,2,3.0,4.5,4.0,2,2,5,5,4,5,1,5,5.0,0,4,0,4,1,5,4,2,5,3,2,1,1.0,0.0,3.0,3.0,5,
Company805,10/23/1999,Nashville,Non-Tech,Other,4,5.0,5.0,3.0,1,5,5,5,5,4,2,5,4.0,3,5,2,4,4,2,5,3,2,1,5,5,5.0,4.0,4.0,3.0,5,
Company806,10/30/2013,Louisville,Non-Tech,Finance,3,4.0,4.0,4.0,3,1,5,4,4,5,3,4,5.0,0,0,0,0,0,4,5,3,1,5,0,0,0.0,0.0,2.0,3.0,0,
Company807,09/26/2009,San Jose,Tech,Finance,1,2.0,4.0,4.0,2,1,5,5,4,4,4,4,4.0,0,0,0,1,0,1,1,1,1,1,0,0,0.0,0.0,1.0,3.0,0,
Company808,10/18/2012,San Francisco,Tech,Services,4,2.0,4.0,5.0,2,3,5,5,5,5,2,5,5.0,2,2,4,1,4,5,3,1,1,2,1,1,1.0,1.0,2.0,3.0,3,
Company809,07/17/2009,San Francisco,Tech,Services,5,5.0,4.0,4.0,1,10,5,4,4,5,4,4,5.0,0,0,0,0,0,3,4,3,2,5,0,0,0.0,0.0,5.0,7.5,0,
Company810,01/07/2011,Los Angeles,Non-Tech,Finance,2,5.0,4.0,4.0,2,3,5,4,5,5,3,5,5.0,0,0,0,0,0,1,5,1,3,1,0,0,0.0,0.0,4.0,2.0,0,
Company811,05/30/2008,San Francisco,Tech,Finance,12,7.5,6.0,6.0,4,6,10,8,8,8,6,8,6.0,0,0,0,0,0,15,12,3,2,5,0,0,0.0,0.0,7.5,5.0,0,43506000.0
Company812,05/01/2010,San Jose,Tech,Finance,3,5.0,4.0,5.0,2,3,5,5,5,5,4,4,5.0,0,4,0,0,0,2,3,1,2,1,2,0,0.0,0.0,3.0,3.0,1,
Company813,08/05/2011,New York,Tech,Finance,12,5.0,4.0,5.0,2,2,5,4,8,5,5,4,5.0,1,0,0,0,0,5,5,2,5,5,0,0,0.0,0.0,5.0,0.0,0,
Company814,01/17/2012,Dallas,Non-Tech,Services,12,7.5,6.0,6.0,4,2,10,10,10,10,4,10,7.5,9,4,12,3,12,20,6,3,3,1,2,2,2.5,2.5,5.0,7.5,25,
Company815,05/01/1997,Indianapolis,Non-Tech,Services,2,4.0,4.0,4.0,2,2,5,2,4,4,5,3,5.0,4,2,3,1,4,1,3,2,1,1,1,3,2.0,2.0,2.0,2.0,3,
Company816,07/12/2013,Long Beach,Non-Tech,Finance,4,3.0,3.0,4.0,2,1,5,3,5,4,2,3,4.0,0,0,0,0,0,3,5,2,4,4,0,0,0.0,0.0,3.0,2.0,0,
Company817,02/09/2010,Milwaukee,Non-Tech,Services,4,5.0,6.0,4.0,4,3,2,5,8,5,2,5,5.0,3,3,4,2,4,5,3,6,3,5,2,3,3.0,0.0,2.0,2.0,3,
Company818,05/18/2011,San Jose,Tech,Services,3,3.0,5.0,4.0,2,4,1,4,5,5,3,5,5.0,0,0,4,2,0,2,3,2,3,1,3,0,0.0,5.0,2.0,3.0,0,
Company819,09/20/2013,New York,Tech,Finance,3,5.0,4.0,3.0,2,2,5,4,4,5,2,5,5.0,0,0,0,0,0,2,4,2,3,3,0,0,0.0,0.0,3.0,3.0,0,
Company820,12/30/2011,New York,Tech,Finance,4,5.0,4.0,4.0,2,2,5,3,4,4,5,4,4.0,0,0,0,0,0,5,5,4,4,5,0,0,0.0,0.0,3.0,1.0,0,
Company821,08/19/2006,Los Angeles,Non-Tech,Finance,3,4.0,4.0,4.0,2,2,5,4,4,5,4,4,5.0,0,0,0,0,0,5,5,4,1,2,0,0,0.0,0.0,4.0,2.0,0,
Company822,10/06/2007,San Francisco,Tech,Finance,12,4.0,4.0,3.0,4,2,5,4,4,10,4,5,5.0,9,0,0,0,0,3,4,3,1,25,2,0,0.0,2.5,3.0,3.0,0,
Company823,04/14/2009,San Francisco,Tech,Services,3,6.0,4.0,6.0,1,2,10,8,8,5,10,8,7.5,0,4,12,0,0,5,12,3,2,10,0,0,10.0,0.0,5.0,3.0,0,
Company824,09/26/2006,San Francisco,Tech,Finance,1,2.0,0.0,5.0,3,1,1,10,4,10,3,4,5.0,0,0,0,3,0,1,1,2,1,2,0,0,0.0,2.5,1.0,3.0,0,
Company825,03/14/2012,Denver,Non-Tech,Services,3,4.0,4.0,4.0,4,2,5,10,5,5,2,5,7.5,1,2,2,1,1,3,2,1,2,1,0,1,1.0,2.0,1.0,3.0,4,
Company826,08/07/2013,San Francisco,Tech,Finance,6,4.5,6.0,6.0,2,2,2,6,8,8,10,6,6.0,0,0,0,0,0,5,12,6,2,10,0,0,0.0,0.0,5.0,7.5,0,
Company827,03/27/2013,New York,Tech,Finance,2,2.0,4.0,4.0,2,6,1,5,4,4,2,4,4.0,0,0,0,0,0,1,1,3,1,1,0,0,0.0,0.0,5.0,2.0,0,
Company828,08/24/1996,San Francisco,Tech,Finance,5,5.0,4.0,4.0,2,3,5,3,4,5,5,2,4.0,3,4,0,0,4,4,5,2,3,5,0,5,5.0,2.0,4.0,3.0,0,
Company829,03/30/2002,San Francisco,Tech,Services,4,2.0,4.0,4.0,1,4,5,4,5,5,2,5,5.0,0,0,0,0,0,3,3,1,4,2,0,0,0.0,0.0,2.0,3.0,0,
Company830,08/26/2000,San Francisco,Tech,Other,4,5.0,5.0,4.0,2,5,5,4,4,5,3,4,5.0,0,0,0,0,0,5,5,1,2,1,0,0,0.0,0.0,5.0,3.0,0,
Company831,05/18/1998,Seattle,Non-Tech,Services,6,4.5,6.0,6.0,2,4,10,8,8,8,10,6,6.0,15,10,15,9,12,3,15,6,3,20,8,10,10.0,2.5,7.5,3.0,20,
Company832,08/07/2013,Seattle,Non-Tech,Finance,12,4.5,6.0,4.5,2,4,10,4,10,8,10,6,5.0,0,0,0,0,0,4,12,15,2,10,0,0,0.0,0.0,7.5,7.5,0,
Company833,05/18/1998,Louisville,Non-Tech,Services,6,4.5,6.0,6.0,2,2,10,4,8,5,10,4,6.0,15,10,15,9,12,25,15,6,3,20,8,10,10.0,0.0,7.5,5.0,20,
Company834,08/18/2012,San Francisco,Tech,Finance,1,3.0,4.5,5.0,4,1,1,4,4,10,3,3,7.5,2,2,0,3,4,1,3,2,1,4,0,0,0.0,0.0,2.0,3.0,10,
Company835,02/01/2012,New York,Tech,Services,15,5.0,6.0,6.0,2,2,5,10,8,5,4,4,7.5,3,2,6,3,12,3,15,3,5,5,3,6,3.0,12.5,7.5,3.0,3,
Company836,09/26/2009,Portland,Non-Tech,Finance,1,2.0,4.0,4.0,2,1,1,5,4,5,1,4,5.0,0,0,0,0,0,1,1,1,4,1,0,0,0.0,0.0,1.0,3.0,0,
Company837,03/31/2011,San Francisco,Tech,Services,4,5.0,4.0,4.0,1,3,5,4,4,5,4,4,4.0,0,0,0,0,0,3,3,1,3,1,0,0,3.0,0.0,4.0,2.0,0,
Company838,11/02/2000,San Francisco,Tech,Finance,2,4.0,3.0,4.0,2,3,5,4,5,5,3,5,5.0,0,0,0,0,0,1,1,1,1,1,0,0,0.0,0.0,2.0,3.0,0,
Company839,02/16/2010,Seattle,Non-Tech,Finance,3,3.0,4.0,4.0,2,2,5,5,5,5,1,5,5.0,0,0,0,0,0,4,4,1,3,1,0,0,0.0,0.0,3.0,1.0,0,
Company840,03/30/2002,Seattle,Non-Tech,Services,12,7.5,6.0,6.0,1,2,10,10,4,5,2,10,7.5,9,4,0,0,12,20,15,3,4,25,0,2,2.5,2.5,5.0,7.5,25,
Company841,08/22/2004,San Francisco,Tech,Finance,3,5.0,4.0,4.0,2,3,5,5,4,5,5,4,5.0,0,0,0,0,0,3,5,2,4,1,0,0,0.0,0.0,3.0,3.0,0,
Company842,04/14/2010,New York,Tech,Finance,4,5.0,4.0,4.0,1,4,5,5,4,4,1,4,4.0,0,0,0,0,0,2,4,1,1,1,0,0,0.0,0.0,2.0,3.0,0,
Company843,04/21/2007,Boulder,Non-Tech,Finance,5,5.0,4.0,4.0,1,2,5,4,4,4,5,4,4.0,0,0,0,0,0,4,5,3,3,1,0,0,0.0,0.0,3.0,2.0,0,
Company844,01/23/2009,Charlotte,Non-Tech,Finance,4,5.0,4.0,5.0,2,2,5,4,5,5,3,5,5.0,0,0,0,0,0,5,5,2,2,1,0,0,0.0,0.0,3.0,3.0,0,
Company845,03/15/2011,Sacramento,Non-Tech,Services,4,5.0,4.0,4.0,2,2,5,5,4,4,1,4,4.0,3,2,4,2,3,4,5,3,2,1,3,4,3.0,5.0,3.0,3.0,5,
Company846,06/15/2010,Philadelphia,Non-Tech,Finance,12,5.0,4.0,4.0,2,5,5,5,4,4,2,4,4.0,0,0,0,0,0,3,1,12,2,1,0,0,0.0,0.0,2.0,3.0,0,
Company847,07/12/2013,San Francisco,Tech,Services,4,5.0,4.0,4.0,1,3,5,3,4,5,5,4,4.0,0,0,0,0,0,5,5,4,4,5,0,0,0.0,0.0,4.0,1.0,0,
Company848,03/27/2013,San Francisco,Tech,Other,4,4.0,4.0,4.0,2,2,1,5,4,5,2,4,4.0,0,0,0,0,0,1,1,2,2,5,0,0,0.0,0.0,1.0,3.0,0,
Company849,04/17/2009,San Francisco,Tech,Finance,4,7.5,4.0,4.0,4,3,5,5,5,5,4,5,5.0,0,4,5,4,5,5,15,15,3,5,5,0,0.0,0.0,4.0,2.5,0,
Company850,10/22/2006,San Francisco,Tech,Services,3,5.0,6.0,5.0,1,2,5,5,10,10,2,10,7.5,0,0,2,3,0,5,5,3,2,5,1,0,1.0,0.0,3.0,3.0,4,
Company851,04/18/2008,San Francisco,Tech,Finance,3,5.0,4.0,4.0,1,3,5,5,5,5,1,5,5.0,1,0,0,0,4,2,5,2,2,1,0,0,0.0,0.0,3.0,3.0,0,
Company852,04/21/2007,San Francisco,Tech,Finance,2,4.0,4.0,4.0,2,2,5,4,4,5,5,4,5.0,0,0,0,0,0,1,5,1,1,2,0,0,0.0,0.0,2.0,2.0,0,
Company853,11/22/2009,San Francisco,Tech,Finance,4,5.0,4.0,5.0,2,2,5,5,5,5,3,5,5.0,0,0,3,0,0,4,2,1,2,3,0,0,0.0,0.0,2.0,3.0,0,
Company854,03/26/2005,New York,Tech,Finance,2,5.0,4.0,4.0,2,2,5,2,4,5,5,3,5.0,0,0,0,0,0,2,4,1,2,1,0,0,0.0,0.0,2.0,3.0,0,
Company855,07/28/2000,Philadelphia,Non-Tech,Other,2,5.0,4.0,4.0,2,3,5,4,5,5,2,5,4.0,2,3,3,3,5,5,3,3,3,5,3,3,1.0,3.0,5.0,0.0,4,
Company856,10/06/2010,Los Angeles,Non-Tech,Services,4,6.0,4.0,5.0,2,4,5,5,5,5,1,5,5.0,2,2,12,3,4,5,4,2,3,1,4,2,5.0,4.0,3.0,3.0,3,
Company857,04/22/2010,Detroit,Non-Tech,Finance,4,3.0,4.0,3.0,2,5,5,5,5,5,2,5,5.0,0,0,0,0,0,4,2,3,5,2,0,0,0.0,0.0,4.0,2.0,0,
Company858,07/09/2013,San Jose,Tech,Finance,2,3.0,3.0,4.0,6,2,6,8,5,4,3,10,7.5,0,0,0,0,0,3,2,3,2,10,0,0,0.0,0.0,2.5,7.5,0,
Company859,12/31/2011,Denver,Non-Tech,Services,12,3.0,6.0,4.5,2,2,5,10,10,5,4,10,5.0,0,10,15,15,0,5,3,3,1,25,0,0,0.0,2.5,2.5,2.0,0,
Company860,08/07/2013,Milwaukee,Non-Tech,Finance,4,4.0,3.0,4.0,2,2,5,6,8,5,10,5,4.0,0,0,2,0,4,10,5,6,2,10,0,0,0.0,0.0,5.0,7.5,0,
Company861,12/18/1998,Los Angeles,Non-Tech,Services,5,5.0,4.0,4.0,2,2,5,4,4,4,3,4,3.0,2,3,4,2,5,5,5,3,3,1,1,0,1.0,2.0,4.0,2.0,4,
Company862,12/28/2011,Sacramento,Non-Tech,Services,5,2.0,4.0,4.0,1,3,5,4,4,4,3,4,5.0,0,4,4,4,0,5,5,2,2,2,0,3,0.0,4.0,5.0,2.0,5,
Company863,06/01/2012,Boulder,Non-Tech,Services,12,7.5,4.0,4.0,1,2,5,5,5,5,6,5,5.0,1,0,0,1,3,10,4,1,4,1,2,0,4.0,5.0,2.0,3.0,0,
Company864,04/09/2011,San Francisco,Tech,Finance,12,7.5,4.5,6.0,4,2,5,6,8,8,6,6,5.0,0,0,0,0,0,20,12,9,3,5,0,0,0.0,0.0,5.0,0.0,0,
Company865,03/05/1996,San Francisco,Tech,Finance,4,7.5,4.0,6.0,2,2,5,5,4,5,1,4,5.0,0,0,0,0,0,5,5,9,1,1,0,0,0.0,0.0,5.0,7.5,0,
Company866,10/17/1995,San Francisco,Tech,Services,4,5.0,4.0,5.0,1,4,5,4,4,4,5,3,4.0,3,4,3,1,4,5,5,1,3,3,5,5,5.0,3.0,5.0,2.0,5,
Company867,12/02/2008,Philadelphia,Non-Tech,Finance,5,4.0,4.0,4.0,1,3,5,5,5,5,2,5,5.0,0,0,0,0,0,2,5,2,4,1,0,0,0.0,0.0,3.0,1.0,0,
Company868,11/08/2013,Los Angeles,Non-Tech,Services,3,4.0,4.0,4.0,2,3,5,4,4,5,4,4,4.0,0,2,0,0,1,5,5,1,3,4,0,0,0.0,0.0,2.0,3.0,0,
Company869,06/26/2010,Memphis,Non-Tech,Services,2,1.0,5.0,3.0,2,1,3,4,4,4,5,4,4.0,0,4,5,3,0,2,5,5,1,1,0,2,0.0,4.0,3.0,2.0,0,
Company870,09/03/2010,Los Angeles,Non-Tech,Finance,3,4.0,4.0,4.0,2,2,5,5,5,5,5,5,5.0,3,0,0,0,0,3,5,1,2,3,1,0,0.0,0.0,2.0,2.0,0,
Company871,01/16/2009,Denver,Non-Tech,Services,4,5.0,4.0,4.0,1,2,5,5,5,5,4,5,5.0,3,3,5,3,4,4,5,5,3,5,3,3,0.0,4.0,3.0,3.0,0,
Company872,01/17/2009,Cleveland,Non-Tech,Finance,3,4.0,3.0,4.0,3,2,5,4,4,4,3,4,4.0,0,0,0,0,0,5,1,1,1,1,0,0,0.0,0.0,1.0,3.0,0,32619000.0
Company873,01/03/2013,Reno,Non-Tech,Finance,3,4.0,5.0,4.0,2,1,5,5,5,5,2,5,5.0,0,0,0,0,0,2,6,1,1,10,0,0,0.0,0.0,1.0,3.0,0,
Company874,08/23/2013,San Jose,Tech,Services,12,7.5,4.0,4.0,1,3,10,8,10,10,6,5,7.5,0,4,4,3,0,3,15,1,3,25,3,0,3.0,1.0,3.0,3.0,0,
Company875,12/16/2009,San Francisco,Tech,Finance,3,7.5,4.0,4.0,2,2,5,3,4,10,4,5,5.0,3,0,0,2,3,4,4,2,4,4,5,5,0.0,2.0,7.5,5.0,3,
Company876,08/05/2011,San Francisco,Tech,Finance,4,5.0,3.0,5.0,2,2,5,4,4,5,5,4,5.0,0,0,0,0,0,5,5,5,5,5,0,0,0.0,0.0,5.0,0.0,0,
Company877,01/15/2013,Dallas,Non-Tech,Finance,1,2.0,5.0,2.0,1,1,1,5,5,5,1,5,5.0,0,0,0,0,0,1,2,2,1,1,0,0,0.0,0.0,2.0,3.0,0,
Company878,08/25/2006,San Jose,Tech,Finance,12,3.0,4.0,4.0,2,1,5,10,5,5,2,5,7.5,0,0,0,0,0,3,1,3,2,25,6,0,0.0,0.0,1.0,7.5,0,
Company879,09/20/2013,Phoenix,Non-Tech,Finance,3,5.0,3.0,4.0,1,3,5,5,5,5,2,5,5.0,0,0,0,0,0,3,1,1,3,1,0,3,4.0,0.0,2.0,3.0,0,
Company880,01/26/2012,New York,Tech,Services,6,4.5,6.0,7.5,1,2,10,8,10,10,10,10,7.5,6,0,12,4,12,2,12,6,1,10,2,0,2.5,0.0,4.0,3.0,15,
Company881,12/07/2008,Oklahoma City,Non-Tech,Services,2,5.0,4.0,4.0,2,2,5,5,4,5,1,4,5.0,5,1,3,1,1,2,2,1,2,1,2,1,5.0,0.0,2.0,3.0,5,
Company882,12/30/2011,"Washington, D.C.",Non-Tech,Finance,3,5.0,4.0,4.0,4,2,5,8,5,5,5,5,5.0,0,0,0,0,0,20,2,1,1,1,0,0,0.0,0.0,3.0,3.0,0,
Company883,05/08/1995,San Francisco,Tech,Finance,12,7.5,4.5,6.0,4,5,10,5,5,8,2,6,6.0,0,5,3,0,5,2,12,4,3,1,5,0,0.0,3.0,4.0,3.0,0,
Company884,05/01/2009,San Francisco,Tech,Finance,9,6.0,4.0,5.0,4,2,5,5,5,10,2,5,5.0,3,0,0,0,0,3,2,3,2,1,0,3,0.0,0.0,5.0,7.5,0,
Company885,12/06/2011,Atlanta,Non-Tech,Finance,2,4.0,4.0,4.0,1,2,5,5,5,5,2,5,5.0,0,0,0,0,0,2,3,1,2,1,0,0,0.0,0.0,2.0,2.0,0,44295000.0
Company886,11/08/2013,Houston,Non-Tech,Finance,3,4.0,5.0,4.0,2,1,5,5,4,5,3,5,5.0,0,0,0,0,0,2,1,1,1,1,0,0,0.0,0.0,2.0,3.0,0,
Company887,04/06/1998,San Jose,Tech,Finance,3,3.0,3.0,7.5,2,4,5,5,5,5,4,5,5.0,0,0,0,0,0,2,2,1,1,1,0,0,0.0,0.0,2.5,7.5,0,
Company888,06/06/2013,Los Angeles,Non-Tech,Finance,4,5.0,4.0,5.0,1,3,5,4,5,4,3,5,4.0,2,0,3,0,4,3,3,1,2,2,0,1,0.0,0.0,2.0,3.0,0,
Company889,08/11/2007,San Francisco,Tech,Services,3,5.0,5.0,5.0,1,2,5,4,4,4,2,3,4.0,3,5,2,5,4,4,4,3,2,1,5,2,2.0,1.0,3.0,1.0,3,
Company890,09/13/2006,San Jose,Tech,Finance,2,5.0,4.0,4.0,2,2,5,5,5,4,2,5,4.0,0,0,0,0,0,3,1,1,2,1,0,0,0.0,0.0,3.0,2.0,0,
Company891,01/09/2010,Denver,Non-Tech,Finance,2,2.0,4.0,3.0,1,1,1,4,5,5,3,5,5.0,0,0,0,0,0,4,3,1,1,2,0,0,0.0,0.0,2.0,3.0,0,18821000.0
Company892,07/04/2011,Phoenix,Non-Tech,Services,12,7.5,6.0,6.0,2,4,10,6,8,10,10,8,7.5,0,0,0,0,0,15,15,12,5,25,0,0,0.0,0.0,10.0,2.5,0,
Company893,08/20/2011,New York,Tech,Finance,3,2.0,5.0,3.0,1,1,1,5,5,5,2,5,5.0,0,0,0,0,0,1,3,1,3,1,0,0,0.0,0.0,2.0,3.0,0,
Company894,07/16/2012,San Francisco,Tech,Services,1,1.0,5.0,4.0,1,4,1,4,5,5,3,4,5.0,3,4,3,0,3,2,3,2,2,3,3,4,4.0,3.0,3.0,2.0,5,
Company895,05/08/1995,San Francisco,Tech,Services,3,5.0,4.0,4.0,1,2,5,5,5,5,2,5,5.0,1,0,3,5,5,3,1,1,2,1,5,5,5.0,3.0,4.0,3.0,4,
Company896,09/06/1997,Milwaukee,Non-Tech,Services,2,2.0,6.0,6.0,2,10,10,10,10,4,5,3,5.0,1,4,4,2,12,5,5,3,2,3,2,4,2.0,1.0,2.5,7.5,15,
Company897,09/13/2006,San Francisco,Tech,Finance,2,3.0,4.5,4.0,2,2,3,5,5,5,3,5,5.0,0,0,12,0,0,25,1,1,1,1,0,0,0.0,0.0,1.0,2.0,0,
Company898,07/10/2004,San Francisco,Tech,Services,2,4.0,4.0,4.0,2,2,5,5,4,5,2,3,5.0,2,2,4,0,4,5,5,2,2,3,5,3,0.0,0.0,2.0,2.0,3,
Company899,12/31/1997,Boston,Non-Tech,Finance,3,3.0,3.0,5.0,4,1,5,5,4,5,1,4,5.0,3,5,0,0,4,1,2,2,3,1,0,3,3.0,0.0,3.0,3.0,0,
Company900,07/14/2007,San Jose,Tech,Finance,1,2.0,4.0,4.0,2,3,1,5,5,5,1,5,5.0,3,0,0,0,0,3,5,3,1,1,0,0,3.0,0.0,5.0,3.0,5,
Company901,10/16/2010,San Francisco,Tech,Finance,4,5.0,4.0,4.0,1,3,5,5,5,5,2,5,5.0,0,0,0,0,0,3,4,1,2,1,0,0,0.0,0.0,3.0,3.0,0,48078000.0
Company902,12/16/2009,Bellevue,Non-Tech,Finance,3,4.0,3.0,4.0,2,2,5,3,4,5,5,4,5.0,3,4,0,0,0,3,5,1,1,4,5,0,0.0,0.0,3.0,3.0,0,
Company903,11/05/2008,New York,Tech,Services,2,2.0,5.0,4.0,1,3,4,4,5,5,3,5,5.0,1,2,0,1,3,5,3,2,2,3,2,5,3.0,3.0,1.0,2.0,3,
Company904,11/26/2009,San Francisco,Tech,Services,4,5.0,5.0,4.0,1,4,5,4,5,4,3,5,4.0,3,5,5,4,2,5,5,3,3,2,5,4,3.0,2.0,3.0,1.0,2,
Company905,12/08/2012,San Francisco,Tech,Services,3,4.0,4.0,4.0,2,3,5,5,5,5,1,5,5.0,0,0,0,0,0,3,4,1,2,1,0,0,0.0,0.0,1.0,3.0,0,
Company906,10/05/2010,Seattle,Non-Tech,Finance,4,7.5,6.0,4.0,1,5,5,4,5,10,3,8,7.5,0,0,0,0,0,4,5,9,4,25,0,4,0.0,0.0,10.0,7.5,0,
Company907,01/07/2011,San Francisco,Tech,Services,2,4.0,4.0,4.0,2,2,10,5,4,10,1,5,5.0,0,0,0,0,0,1,9,1,3,1,0,0,0.0,0.0,4.0,2.0,0,
Company908,12/03/2012,Boston,Non-Tech,Services,3,3.0,4.0,4.0,2,2,5,4,5,5,4,5,5.0,5,4,4,1,4,25,5,2,3,4,3,4,4.0,3.0,3.0,2.0,5,
Company909,06/30/2001,New York,Tech,Finance,2,4.0,3.0,4.0,2,3,5,5,5,4,2,5,4.0,0,0,0,0,4,3,1,2,1,2,0,0,0.0,0.0,2.0,3.0,0,
Company910,03/01/2008,"Washington, D.C.",Non-Tech,Finance,12,4.0,4.0,6.0,2,4,10,4,8,5,8,5,5.0,0,0,0,0,0,4,5,3,4,1,0,0,0.0,0.0,10.0,3.0,0,
Company911,12/20/1997,Boulder,Non-Tech,Services,4,5.0,4.0,4.0,2,2,5,4,5,5,3,5,5.0,0,4,5,5,5,5,5,3,4,4,5,5,5.0,1.0,3.0,2.0,5,
Company912,09/26/2006,San Francisco,Tech,Services,12,6.0,6.0,4.0,2,8,10,4,10,10,4,10,7.5,3,4,12,0,5,4,15,3,5,20,4,2,0.0,2.5,3.0,2.0,5,
Company913,03/05/2012,San Francisco,Tech,Finance,6,6.0,5.0,7.5,6,10,2,10,4,10,4,10,5.0,0,0,0,0,0,25,5,1,1,1,0,0,0.0,0.0,2.5,7.5,0,
Company914,10/21/2011,Philadelphia,Non-Tech,Finance,2,5.0,4.0,4.0,1,3,5,5,5,5,1,5,5.0,0,0,0,0,0,1,1,1,4,1,0,0,0.0,0.0,2.0,3.0,0,
Company915,04/19/2013,San Francisco,Tech,Services,2,2.0,5.0,5.0,3,3,4,4,5,5,2,4,5.0,0,0,4,0,0,1,5,1,1,1,3,0,2.0,0.0,4.0,2.0,0,
Company916,01/20/2012,San Jose,Tech,Services,15,7.5,6.0,7.5,4,8,10,6,8,10,10,6,6.0,15,2,12,9,9,25,15,15,5,20,10,10,10.0,2.5,12.5,2.5,20,
Company917,02/19/2004,Boulder,Non-Tech,Finance,1,3.0,3.0,5.0,2,1,1,4,4,5,3,5,5.0,0,0,0,0,0,1,1,1,1,1,0,0,0.0,0.0,2.0,3.0,0,
Company918,10/28/2008,Omaha,Non-Tech,Finance,4,5.0,4.0,5.0,2,3,5,4,5,5,3,5,5.0,3,4,0,4,5,2,5,1,3,3,5,0,0.0,0.0,4.0,3.0,5,
Company919,04/04/2008,San Diego,Non-Tech,Finance,6,4.0,6.0,6.0,2,6,10,4,10,5,2,10,5.0,0,0,0,15,0,5,5,3,1,5,0,6,0.0,0.0,5.0,7.5,20,
Company920,11/05/2011,Riverside,Non-Tech,Finance,3,4.0,4.0,4.0,2,2,5,5,5,5,2,5,5.0,0,0,0,0,0,5,1,1,2,1,0,0,0.0,0.0,2.0,3.0,0,
Company921,11/13/2013,New York,Tech,Services,3,5.0,2.0,4.0,2,1,5,5,4,4,1,4,5.0,0,0,0,0,0,5,2,2,2,2,0,0,0.0,0.0,2.0,3.0,0,
Company922,08/18/2011,Detroit,Non-Tech,Finance,2,3.0,4.0,4.0,2,2,5,4,5,5,3,5,5.0,0,0,0,0,0,5,4,2,2,3,0,0,0.0,0.0,2.0,3.0,0,40676000.0
Company923,07/10/2013,San Francisco,Tech,Finance,5,5.0,3.0,5.0,2,4,5,4,4,4,5,10,4.0,0,0,0,3,0,5,5,1,5,2,0,0,3.0,0.0,3.0,3.0,0,
Company924,01/04/2014,San Francisco,Tech,Services,4,5.0,4.0,4.0,2,3,5,5,5,5,3,4,5.0,0,0,2,0,0,5,4,3,3,4,0,0,0.0,0.0,5.0,2.0,0,
Company925,02/11/1998,San Jose,Tech,Finance,4,3.0,4.0,4.0,2,4,5,5,5,5,1,5,5.0,5,5,5,0,5,3,5,1,3,2,0,5,5.0,1.0,3.0,2.0,5,
Company926,03/15/2011,Las Vegas,Non-Tech,Finance,12,7.5,6.0,4.5,2,4,10,8,10,10,6,10,7.5,0,0,0,0,0,25,15,15,4,25,0,4,0.0,0.0,7.5,7.5,0,
Company927,11/21/1999,Phoenix,Non-Tech,Other,3,4.0,3.0,3.0,1,4,5,5,5,5,1,5,5.0,0,0,0,0,0,1,2,1,1,1,0,0,0.0,0.0,3.0,2.0,0,
Company928,09/06/1996,Houston,Non-Tech,Services,4,5.0,4.0,4.0,2,2,5,4,4,5,4,4,5.0,0,5,5,3,4,5,5,3,5,3,3,3,3.0,1.0,4.0,3.0,3,
Company929,02/21/2013,San Francisco,Tech,Services,3,4.0,4.0,4.0,2,4,5,5,5,8,1,5,5.0,0,0,0,0,0,1,12,1,1,1,0,0,0.0,0.0,1.0,3.0,0,
Company930,07/12/2013,San Jose,Tech,Finance,2,3.0,4.0,4.0,2,1,5,3,4,5,5,3,5.0,0,0,0,0,0,3,5,2,4,2,0,0,0.0,0.0,3.0,2.0,0,
Company931,02/11/1998,San Francisco,Tech,Services,4,5.0,4.0,4.0,1,4,5,4,4,5,5,5,5.0,4,3,4,5,4,2,5,1,3,5,5,5,5.0,0.0,4.0,3.0,5,
Company932,07/04/2011,Seattle,Non-Tech,Finance,6,6.0,4.0,4.0,2,6,5,5,10,10,1,10,5.0,0,0,0,0,0,2,1,3,1,5,0,0,0.0,0.0,5.0,3.0,0,
Company933,11/05/2011,Boston,Non-Tech,Finance,3,3.0,5.0,4.0,1,2,5,4,4,5,4,4,5.0,0,4,4,0,0,5,5,3,2,1,0,2,0.0,0.0,2.0,3.0,0,
Company934,01/03/2014,San Francisco,Tech,Services,4,5.0,4.0,4.0,2,3,5,5,5,5,1,5,5.0,0,0,0,0,0,2,2,2,1,1,0,0,0.0,0.0,2.0,3.0,0,37800000.0
Company935,10/04/2013,San Francisco,Tech,Services,3,5.0,4.0,4.0,1,3,5,5,4,5,3,4,5.0,0,0,0,0,0,3,2,2,1,1,0,0,0.0,0.0,2.0,3.0,0,
Company936,03/31/2011,Denver,Non-Tech,Services,3,5.0,4.0,4.0,2,3,5,3,4,4,5,3,5.0,3,4,3,2,3,4,5,5,4,1,5,0,3.0,2.0,4.0,1.0,3,
Company937,09/28/2010,Seattle,Non-Tech,Finance,2,3.0,3.0,4.0,2,2,1,5,4,4,2,4,5.0,0,0,0,0,0,2,3,3,1,1,0,0,0.0,0.0,1.0,1.0,0,
Company938,07/15/2011,Baltimore,Non-Tech,Finance,4,4.0,3.0,5.0,1,1,5,4,4,5,3,5,5.0,2,2,4,4,0,5,5,1,5,2,3,4,2.0,2.0,2.0,2.0,3,
Company939,11/22/2007,Houston,Non-Tech,Finance,6,6.0,4.0,6.0,2,2,10,1,5,4,2,10,4.0,2,0,5,0,4,5,6,1,1,1,0,0,4.0,0.0,1.0,7.5,5,
Company940,07/04/2011,Columbus,Non-Tech,Finance,2,4.0,4.0,7.5,2,1,5,5,5,5,8,5,5.0,0,0,0,0,3,4,4,2,2,2,3,4,2.0,5.0,2.0,7.5,0,
Company941,09/09/2005,Bellevue,Non-Tech,Finance,3,5.0,5.0,5.0,1,5,5,5,4,5,3,3,4.0,3,5,5,5,5,4,5,5,3,1,0,4,0.0,4.0,3.0,3.0,3,
Company942,09/13/2006,San Jose,Tech,Finance,2,5.0,4.0,4.0,2,5,3,5,5,4,2,5,4.0,0,0,0,0,0,1,5,1,2,1,0,0,0.0,0.0,4.0,2.0,0,
Company943,11/25/2009,El Paso,Non-Tech,Finance,4,5.0,4.0,5.0,2,2,5,4,4,5,5,4,5.0,0,0,5,0,0,5,5,5,5,5,3,0,0.0,1.0,5.0,0.0,0,
Company944,03/16/2006,San Francisco,Tech,Finance,12,7.5,4.0,6.0,1,3,5,4,5,10,3,8,4.0,1,2,0,0,0,2,3,2,3,25,0,0,0.0,0.0,3.0,3.0,0,
Company945,06/08/2000,Los Angeles,Non-Tech,Finance,3,4.0,4.0,4.0,1,2,5,4,4,5,4,5,5.0,0,0,0,0,0,5,5,3,2,1,0,0,0.0,0.0,2.0,3.0,0,
Company946,03/18/2007,San Francisco,Tech,Services,3,3.0,4.0,4.0,1,2,5,4,5,5,3,5,5.0,3,5,5,3,4,3,5,2,1,4,3,4,3.0,5.0,2.0,3.0,5,
Company947,09/03/2010,Atlanta,Non-Tech,Finance,3,4.0,4.0,4.0,2,2,5,4,4,5,5,4,5.0,0,0,0,0,0,3,5,1,4,3,0,0,0.0,0.0,5.0,2.0,0,
Company948,10/04/2000,"Washington, D.C.",Non-Tech,Finance,4,5.0,4.0,3.0,1,3,5,5,5,5,1,5,5.0,0,0,0,0,0,3,1,1,4,1,0,0,0.0,0.0,3.0,3.0,0,
Company949,02/11/1998,San Jose,Tech,Services,4,5.0,4.0,4.0,1,4,5,5,5,5,2,5,5.0,0,5,5,4,0,3,5,1,3,2,5,5,5.0,1.0,3.0,2.0,5,
Company950,08/14/2009,San Francisco,Tech,Finance,4,5.0,4.0,4.0,4,2,10,5,5,5,2,5,5.0,0,4,0,2,0,3,5,1,3,1,0,0,0.0,0.0,5.0,3.0,0,
Company951,11/21/1999,San Jose,Tech,Finance,3,5.0,4.0,5.0,2,2,5,5,5,5,1,5,4.0,0,0,0,0,0,3,2,1,2,1,0,0,0.0,0.0,3.0,3.0,0,
Company952,12/16/2009,Austin,Non-Tech,Services,3,5.0,4.0,4.0,2,2,1,3,4,5,5,4,5.0,3,4,3,2,3,4,5,5,4,5,5,5,3.0,2.0,5.0,1.0,3,
Company953,02/01/2012,San Francisco,Tech,Services,15,5.0,5.0,6.0,4,4,10,8,8,5,10,5,7.5,1,2,6,3,12,20,12,4,2,5,3,6,7.5,12.5,5.0,7.5,15,
Company954,02/09/2010,San Francisco,Tech,Services,4,5.0,4.0,4.0,2,3,5,5,5,5,2,5,5.0,0,2,4,2,4,5,1,1,1,1,3,3,3.0,4.0,2.0,2.0,5,
Company955,07/17/1999,San Francisco,Tech,Services,4,5.0,4.0,4.0,2,2,5,4,5,5,3,5,5.0,1,2,2,2,4,5,4,1,3,3,1,1,1.0,4.0,2.0,3.0,5,56538000.0
Company956,11/12/2010,Philadelphia,Non-Tech,Services,3,5.0,4.5,4.0,4,2,5,5,4,8,5,8,5.0,3,4,4,3,5,3,4,3,3,3,0,4,0.0,12.5,5.0,3.0,15,
Company957,11/25/2009,Boulder,Non-Tech,Services,2,2.0,4.0,4.0,2,3,4,5,5,5,1,5,5.0,1,0,5,0,0,2,5,2,1,1,0,4,2.0,1.0,2.0,3.0,1,
Company958,11/16/2012,Denver,Non-Tech,Finance,4,5.0,4.0,4.0,2,2,5,4,5,5,4,5,5.0,0,2,0,0,0,3,4,1,3,1,0,0,1.0,0.0,2.0,3.0,2,
Company959,07/10/2013,Boston,Non-Tech,Services,1,3.0,4.0,5.0,2,2,1,5,5,5,2,5,5.0,0,0,0,0,0,1,1,1,1,1,0,0,0.0,0.0,1.0,3.0,0,
Company960,03/17/2007,Albuquerque,Non-Tech,Services,2,3.0,4.0,4.0,2,1,5,4,5,5,1,4,5.0,0,0,0,2,0,5,5,1,1,4,0,0,3.0,0.0,2.0,1.0,0,
Company961,08/13/2011,San Francisco,Tech,Finance,1,2.0,3.0,4.0,1,1,1,4,4,5,4,4,5.0,3,0,0,0,0,2,1,1,1,1,5,5,0.0,0.0,4.0,3.0,0,
Company962,03/27/2013,Indianapolis,Non-Tech,Finance,2,4.0,4.0,4.0,1,4,5,8,5,5,2,5,7.5,0,0,0,0,0,1,15,1,1,1,0,0,0.0,0.0,1.0,7.5,0,
Company963,07/28/2000,San Francisco,Tech,Other,5,5.0,4.0,5.0,2,4,5,4,4,4,5,3,4.0,5,4,3,2,5,2,4,3,5,3,3,3,3.0,3.0,5.0,0.0,3,
Company964,10/17/1995,San Francisco,Tech,Services,4,5.0,4.0,5.0,1,5,5,4,4,4,5,3,4.0,3,4,4,1,4,5,3,5,5,3,3,2,0.0,0.0,2.0,2.0,4,
Company965,12/03/2012,Minneapolis,Non-Tech,Finance,3,3.0,4.0,4.0,2,2,2,4,5,5,4,4,5.0,5,0,0,1,0,5,3,2,1,2,3,0,4.0,0.0,3.0,3.0,0,
Company966,06/09/2007,San Jose,Tech,Services,4,3.0,5.0,3.0,1,5,5,5,5,5,2,5,5.0,3,5,3,2,5,4,5,4,3,1,0,0,5.0,3.0,4.0,3.0,4,
Company967,03/18/2011,San Francisco,Tech,Finance,3,5.0,4.0,4.0,1,3,5,3,4,5,1,5,5.0,0,0,0,0,0,5,1,1,4,1,0,0,0.0,0.0,2.0,3.0,0,
Company968,03/06/2013,San Francisco,Tech,Finance,4,5.0,4.0,4.0,2,2,5,5,5,5,1,5,5.0,0,0,0,0,0,3,1,1,1,1,0,0,0.0,0.0,3.0,3.0,0,
Company969,11/13/2013,Austin,Non-Tech,Finance,2,4.0,4.0,4.0,2,3,5,4,4,4,3,5,5.0,0,0,0,0,0,1,1,1,1,1,0,0,0.0,0.0,3.0,3.0,0,
Company970,11/17/2009,Phoenix,Non-Tech,Finance,5,5.0,4.0,3.0,2,2,5,3,5,4,5,3,4.0,0,0,0,0,0,4,5,1,1,1,0,0,0.0,0.0,4.0,3.0,0,
Company971,07/17/2009,San Francisco,Tech,Finance,4,4.0,5.0,4.0,2,2,5,5,5,5,2,5,5.0,0,0,4,0,0,5,5,3,4,3,0,0,1.0,0.0,4.0,1.0,0,
Company972,10/10/2011,Tucson,Non-Tech,Finance,2,4.0,4.0,5.0,1,3,5,4,5,5,3,5,5.0,0,0,0,0,0,1,1,1,1,1,0,0,0.0,0.0,1.0,1.0,0,
Company973,03/26/2005,San Francisco,Tech,Finance,4,5.0,4.0,4.0,2,2,5,5,4,4,2,4,4.0,0,0,0,0,0,2,1,1,2,1,0,1,0.0,0.0,1.0,3.0,0,
Company974,03/18/2007,San Francisco,Tech,Services,3,3.0,4.0,4.0,2,2,5,8,8,8,3,5,6.0,0,0,0,1,4,5,15,3,1,4,3,0,3.0,0.0,3.0,5.0,5,
Company975,08/28/2009,San Francisco,Tech,Services,2,2.0,4.0,4.0,1,2,5,4,4,5,1,4,5.0,0,0,0,0,0,1,2,1,2,1,0,0,0.0,0.0,2.0,1.0,0,
Company976,11/01/2007,Baltimore,Non-Tech,Services,5,5.0,4.0,5.0,1,4,5,4,4,4,5,3,4.0,3,5,5,5,4,5,5,4,5,4,5,2,4.0,1.0,3.0,0.0,5,
Company977,06/14/2013,Indianapolis,Non-Tech,Finance,3,5.0,4.0,4.0,1,2,5,5,5,5,1,5,5.0,0,0,4,0,0,1,1,1,2,2,0,0,0.0,0.0,3.0,2.0,0,
Company978,07/04/2011,Boulder,Non-Tech,Services,12,7.5,6.0,6.0,2,4,10,6,5,5,10,8,7.5,1,0,0,0,0,15,15,12,5,25,0,0,2.0,0.0,10.0,2.5,4,
Company979,09/21/2012,San Jose,Tech,Services,2,5.0,4.0,4.0,2,3,5,5,4,5,2,4,5.0,1,2,4,3,4,2,3,1,1,1,2,1,2.0,3.0,2.0,3.0,5,
Company980,06/01/2012,Denver,Non-Tech,Services,12,7.5,4.0,4.0,4,4,10,10,5,5,4,10,7.5,0,0,4,0,0,20,3,3,4,10,0,0,0.0,5.0,2.5,3.0,5,
Company981,02/01/2011,San Francisco,Tech,Finance,2,4.0,4.0,4.0,2,3,5,5,5,5,1,5,5.0,0,0,0,0,0,1,1,1,2,1,0,0,0.0,0.0,3.0,2.0,0,
Company982,12/01/2008,Pittsburgh,Non-Tech,Services,1,1.0,3.0,3.0,2,1,1,5,5,5,2,5,5.0,0,0,0,0,0,1,1,1,1,1,0,0,0.0,0.0,1.0,3.0,0,30082000.0
Company983,03/01/2008,San Francisco,Tech,Finance,12,7.5,4.0,6.0,2,4,10,8,8,4,8,8,7.5,0,0,0,0,0,25,15,9,4,25,0,0,0.0,0.0,10.0,7.5,0,
Company984,10/12/2013,Los Angeles,Non-Tech,Finance,12,7.5,6.0,6.0,4,4,10,10,4,5,4,10,7.5,0,0,0,0,0,20,9,1,4,3,0,0,0.0,0.0,5.0,7.5,0,
Company985,03/06/2009,San Francisco,Tech,Finance,3,4.0,4.0,5.0,1,3,5,5,5,5,2,5,5.0,0,0,2,0,3,1,1,1,1,1,0,0,0.0,0.0,2.0,3.0,0,
Company986,03/16/2007,Louisville,Non-Tech,Services,2,5.0,4.0,4.0,2,2,5,4,4,5,3,4,5.0,2,2,0,1,4,4,2,1,3,1,1,4,0.0,0.0,3.0,1.0,0,
Company987,07/04/2011,San Antonio,Non-Tech,Finance,3,4.0,4.0,4.0,2,1,2,5,5,5,3,5,5.0,0,0,0,0,0,2,3,1,1,2,0,0,0.0,0.0,2.0,3.0,0,
Company988,03/24/2008,San Jose,Tech,Finance,2,3.0,4.0,3.0,1,2,5,4,4,5,3,4,5.0,0,8,0,0,0,2,1,1,2,1,0,0,0.0,0.0,1.0,3.0,0,
Company989,02/26/2011,San Jose,Tech,Services,2,4.0,4.0,4.0,2,3,5,4,5,5,4,5,5.0,2,0,3,1,0,3,2,1,3,1,1,0,1.0,1.0,2.0,3.0,4,
Company990,08/01/2010,Chicago,Non-Tech,Finance,2,3.0,4.0,4.0,1,5,5,4,5,5,4,5,5.0,3,0,4,0,0,2,5,2,4,1,0,0,0.0,0.0,5.0,3.0,0,
Company991,07/20/2008,Santa Ana,Non-Tech,Services,3,3.0,4.0,4.0,2,2,5,4,5,5,3,5,5.0,1,5,4,2,4,5,5,2,1,4,3,3,3.0,2.0,2.0,3.0,5,40158000.0
Company992,12/30/2011,San Francisco,Tech,Finance,4,5.0,4.0,4.0,2,2,5,3,4,4,5,4,4.0,0,0,0,0,0,5,3,4,4,5,0,0,0.0,0.0,3.0,1.0,0,
Company993,03/07/2011,San Jose,Tech,Services,4,5.0,5.0,3.0,1,2,5,5,5,5,1,5,5.0,3,2,3,2,3,5,5,1,3,2,3,3,3.0,4.0,2.0,3.0,4,
Company994,09/04/2009,Milwaukee,Non-Tech,Services,2,2.0,4.0,5.0,3,2,5,4,4,5,3,4,5.0,0,3,0,0,4,3,5,1,5,5,0,0,4.0,4.0,1.0,0.0,0,
Company995,02/26/2010,New York,Tech,Finance,2,4.0,4.0,7.5,2,4,5,5,8,5,1,8,6.0,0,0,0,0,0,1,4,3,2,15,0,0,0.0,0.0,3.0,3.0,0,
Company996,10/04/2000,San Francisco,Tech,Finance,3,5.0,5.0,3.0,1,3,5,4,5,5,1,5,5.0,0,0,0,0,0,2,1,2,1,1,0,0,0.0,0.0,1.0,3.0,0,
Company997,12/28/2010,Phoenix,Non-Tech,Services,4,5.0,5.0,4.0,1,2,5,5,5,5,2,5,5.0,1,2,4,0,4,5,5,1,4,1,5,2,5.0,3.0,4.0,1.0,3,
Company998,11/05/2011,Pittsburgh,Non-Tech,Finance,3,3.0,5.0,4.0,2,2,5,5,10,5,2,5,5.0,0,0,0,0,0,5,1,1,2,2,0,0,0.0,0.0,2.0,0.0,0,
Company999,10/06/2006,Boulder,Non-Tech,Finance,4,5.0,4.0,4.0,4,2,5,4,10,5,4,4,5.0,0,0,0,0,0,5,5,2,4,20,0,0,0.0,0.0,3.0,2.0,0,
Company1000,10/30/2013,San Francisco,Tech,Finance,4,4.0,4.0,5.0,1,3,5,5,5,5,3,5,5.0,0,0,0,0,0,3,5,2,5,3,0,0,0.0,0.0,5.0,1.0,0,
Company1001,03/24/2008,Houston,Non-Tech,Finance,2,3.0,4.0,3.0,1,2,5,4,4,5,3,4,5.0,0,0,0,0,0,2,1,1,1,1,0,0,0.0,0.0,3.0,3.0,0,
Company1002,05/29/2013,Denver,Non-Tech,Finance,2,2.0,4.0,4.0,2,2,1,5,5,4,2,4,4.0,0,0,0,0,0,3,1,1,1,5,0,0,0.0,0.0,3.0,3.0,0,
Company1003,11/19/2009,Seattle,Non-Tech,Services,2,5.0,6.0,4.0,2,2,2,3,10,10,5,2,5.0,3,4,0,1,0,4,5,5,1,5,5,5,0.0,2.0,5.0,1.0,5,
Company1004,06/01/2012,Boulder,Non-Tech,Services,4,3.0,4.0,4.0,1,4,5,5,5,5,5,4,5.0,1,2,4,0,3,3,3,1,2,1,2,0,0.0,5.0,2.0,3.0,5,
Company1005,02/09/2010,Philadelphia,Non-Tech,Finance,4,5.0,3.0,5.0,2,2,5,4,4,5,3,4,5.0,0,0,0,0,0,3,5,1,2,2,0,4,0.0,0.0,3.0,3.0,0,
Company1006,06/01/2009,Boulder,Non-Tech,Finance,4,5.0,4.0,4.0,2,2,5,4,4,4,5,4,4.0,0,0,4,0,0,3,5,4,4,5,5,0,0.0,0.0,3.0,2.0,3,
Company1007,08/05/2011,New York,Tech,Finance,2,3.0,4.0,5.0,2,1,5,5,5,5,5,4,5.0,0,4,4,0,3,5,4,5,5,2,3,0,2.0,0.0,2.0,0.0,5,
Company1008,07/12/2013,New York,Tech,Finance,2,4.0,4.0,4.0,1,2,5,3,4,5,5,4,5.0,5,4,0,3,3,1,1,4,5,5,4,4,4.0,0.0,4.0,1.0,0,
Company1009,05/06/2013,Indianapolis,Non-Tech,Services,2,2.0,4.0,4.0,2,2,5,4,5,5,3,5,5.0,0,0,0,0,0,4,4,3,2,2,0,0,0.0,0.0,2.0,3.0,0,
Company1010,10/11/2010,Denver,Non-Tech,Services,12,4.0,4.0,4.0,2,4,5,4,5,5,4,5,5.0,3,4,4,0,0,3,5,1,5,1,3,3,3.0,3.0,5.0,3.0,5,
Company1011,04/18/2008,San Jose,Tech,Finance,3,5.0,4.0,4.0,2,2,5,3,5,5,1,5,5.0,3,0,3,2,0,4,2,5,4,1,5,5,3.0,2.0,3.0,1.0,3,
Company1012,03/26/2005,New York,Tech,Finance,6,5.0,4.0,3.0,2,2,5,5,4,4,2,4,5.0,0,0,0,0,0,2,1,3,2,5,0,0,0.0,0.0,5.0,3.0,0,
Company1013,08/13/2009,Milwaukee,Non-Tech,Finance,4,2.0,4.0,5.0,1,1,3,4,5,4,1,5,4.0,0,0,0,0,0,1,1,5,5,2,0,0,0.0,0.0,1.0,3.0,0,
Company1014,08/27/1999,Los Angeles,Non-Tech,Services,2,5.0,4.0,4.0,2,2,5,2,4,5,5,3,5.0,0,0,0,0,0,2,4,4,1,1,0,0,0.0,0.0,2.0,3.0,0,
Company1015,05/02/2008,San Francisco,Tech,Finance,2,3.0,4.0,4.0,1,2,5,8,5,5,1,5,5.0,0,1,2,1,1,2,2,1,2,1,5,0,5.0,1.0,2.0,3.0,0,
Company1016,03/26/2005,Boulder,Non-Tech,Finance,4,5.0,4.0,3.0,1,2,5,5,4,5,1,4,4.0,0,2,0,0,0,1,1,1,3,1,0,4,0.0,0.0,1.0,3.0,5,
Company1017,10/04/2000,Bellevue,Non-Tech,Finance,3,5.0,5.0,3.0,1,3,5,5,5,5,1,5,5.0,0,0,0,0,0,2,5,2,1,1,0,0,0.0,0.0,3.0,3.0,0,
Company1018,08/01/2000,Seattle,Non-Tech,Finance,3,6.0,4.0,4.0,2,1,5,10,5,5,4,10,5.0,0,0,0,0,0,5,15,3,5,1,4,0,0.0,0.0,3.0,2.0,0,
Company1019,12/16/2009,Portland,Non-Tech,Services,3,5.0,4.0,4.0,2,2,5,3,4,5,5,3,5.0,0,4,3,2,3,2,1,5,4,5,0,5,3.0,2.0,1.0,1.0,3,
Company1020,05/01/2012,San Jose,Tech,Services,5,5.0,4.0,4.0,2,4,5,4,5,5,5,5,4.0,0,4,0,0,4,5,5,3,1,3,0,0,0.0,0.0,5.0,0.0,5,
Company1021,06/29/1997,Long Beach,Non-Tech,Finance,6,6.0,5.0,4.0,1,5,5,10,10,10,5,10,5.0,0,0,0,0,0,3,5,9,1,5,0,0,0.0,0.0,2.5,7.5,0,
Company1022,11/22/2009,Miami,Non-Tech,Finance,4,4.0,4.0,4.0,2,2,5,5,5,5,2,5,5.0,0,0,0,0,0,4,2,1,2,1,0,0,0.0,0.0,2.0,3.0,0,
Company1023,11/21/2009,Los Angeles,Non-Tech,Finance,2,4.0,4.0,4.0,2,2,5,5,5,5,2,5,5.0,3,2,4,1,4,4,4,1,1,2,3,4,2.0,5.0,2.0,3.0,5,
Company1024,09/06/1997,San Francisco,Tech,Finance,6,4.0,6.0,6.0,1,10,3,1,4,5,2,4,7.5,0,0,0,0,0,1,1,3,2,1,0,0,0.0,0.0,5.0,7.5,0,
Company1025,10/06/2006,San Francisco,Tech,Services,6,6.0,4.0,4.0,2,2,10,10,5,5,1,4,7.5,6,0,0,0,0,5,1,3,4,5,4,4,5.0,12.5,2.5,2.0,0,
Company1026,12/16/2009,San Francisco,Tech,Services,4,5.0,4.0,4.0,2,2,5,3,4,5,4,3,5.0,3,5,3,2,4,3,5,5,4,5,5,5,3.0,1.0,5.0,1.0,3,
Company1027,02/15/2010,Boston,Non-Tech,Services,4,6.0,4.0,6.0,3,2,5,8,5,10,5,8,5.0,3,5,0,3,5,5,4,5,5,5,2,2,2.0,1.0,5.0,0.0,5,
Company1028,06/01/2010,Chicago,Non-Tech,Finance,4,5.0,4.0,3.0,2,2,5,4,4,4,3,5,4.0,0,2,0,0,4,2,1,1,2,5,5,0,3.0,2.0,1.0,2.0,5,
Company1029,12/11/2012,San Francisco,Tech,Services,2,5.0,4.0,4.0,2,10,4,4,4,5,1,4,5.0,3,4,4,3,3,4,4,1,1,2,2,4,2.0,5.0,2.0,3.0,5,
Company1030,07/04/2011,Boston,Non-Tech,Finance,2,4.0,3.0,4.0,1,3,5,5,5,5,3,5,5.0,0,0,0,0,0,1,1,1,1,1,0,0,0.0,0.0,2.0,3.0,0,
Company1031,11/14/2012,San Francisco,Tech,Services,4,5.0,4.0,4.0,2,2,5,4,5,5,3,5,5.0,3,2,4,2,4,4,5,1,3,2,2,2,2.0,5.0,3.0,2.0,5,
Company1032,11/22/2012,Indianapolis,Non-Tech,Services,2,1.0,4.0,4.0,1,2,1,4,5,5,3,4,5.0,1,3,4,2,4,3,5,1,1,3,1,3,3.0,5.0,2.0,1.0,3,
Company1033,06/07/2013,San Francisco,Tech,Services,5,5.0,4.0,5.0,2,2,5,4,5,4,5,3,3.0,0,5,5,0,4,5,5,4,5,4,5,4,4.0,1.0,5.0,0.0,3,
Company1034,07/10/2013,Seattle,Non-Tech,Finance,5,5.0,3.0,5.0,2,2,5,4,4,5,4,4,5.0,0,0,0,0,0,3,5,12,2,2,0,0,0.0,0.0,3.0,3.0,0,
Company1035,04/04/2012,Los Angeles,Non-Tech,Finance,5,5.0,5.0,5.0,2,4,5,4,4,5,5,3,5.0,0,2,4,0,0,5,5,4,5,3,3,0,2.0,0.0,5.0,0.0,0,
Company1036,07/16/2012,San Francisco,Tech,Finance,4,4.0,4.0,4.0,1,2,5,5,5,5,3,5,5.0,0,4,3,0,0,2,5,1,1,1,4,4,4.0,0.0,3.0,3.0,0,
Company1037,02/27/2013,San Francisco,Tech,Finance,2,5.0,4.0,4.0,2,3,5,4,5,5,3,5,5.0,0,0,0,0,0,1,1,2,1,2,0,0,0.0,0.0,2.0,3.0,0,
Company1038,02/26/2010,New York,Tech,Finance,3,5.0,3.0,7.5,4,2,10,8,4,8,6,8,6.0,0,0,0,0,0,15,5,1,5,15,0,0,0.0,0.0,5.0,0.0,2,
Company1039,08/24/1996,San Jose,Tech,Services,2,5.0,6.0,4.0,4,2,10,3,6,8,5,2,6.0,3,4,4,1,15,4,15,3,3,5,5,5,5.0,2.0,7.5,1.0,5,
Company1040,07/05/1997,San Francisco,Tech,Finance,1,2.0,4.0,4.0,2,1,1,4,5,5,3,5,5.0,0,0,0,0,0,1,1,1,1,1,0,0,0.0,0.0,1.0,3.0,0,
Company1041,01/07/2011,San Francisco,Tech,Services,2,4.0,4.0,4.0,2,2,5,4,4,5,5,5,4.0,3,5,0,0,5,5,5,4,3,4,0,4,0.0,4.0,4.0,1.0,0,
Company1042,08/13/2009,Boston,Non-Tech,Finance,4,5.0,5.0,5.0,1,5,5,4,4,5,4,3,5.0,0,0,0,0,0,5,5,5,5,2,0,0,0.0,0.0,5.0,3.0,0,
Company1043,12/30/2011,Palo Alto,Non-Tech,Finance,4,5.0,4.0,4.0,2,2,5,5,5,4,5,5,4.0,0,0,0,0,0,5,5,4,1,5,0,0,0.0,0.0,3.0,1.0,0,
Company1044,06/23/2009,Palo Alto,Non-Tech,Finance,2,3.0,4.0,4.0,2,5,5,5,5,5,2,5,5.0,3,4,4,1,3,4,5,2,1,2,3,4,2.0,5.0,2.0,3.0,5,
Company1045,11/03/2012,San Jose,Tech,Services,2,2.0,3.0,5.0,3,1,1,4,4,5,4,5,5.0,5,5,3,3,4,5,3,1,1,1,4,4,1.0,5.0,1.0,3.0,5,
Company1046,08/22/2004,San Jose,Tech,Services,4,5.0,4.0,4.0,2,2,5,4,4,5,5,4,5.0,0,0,3,0,3,5,5,1,4,1,0,0,0.0,0.0,2.0,3.0,0,
Company1047,06/04/1996,Houston,Non-Tech,Services,2,3.0,4.0,4.0,2,2,5,4,5,5,4,5,5.0,3,4,4,1,4,3,5,3,3,3,1,4,3.0,2.0,3.0,3.0,3,
Company1048,06/04/1996,San Francisco,Tech,Services,4,7.5,5.0,6.0,4,4,10,4,8,10,10,5,7.5,12,4,15,3,12,5,5,9,5,25,8,1,10.0,1.0,7.5,7.5,5,
Company1049,07/09/2013,New York,Tech,Finance,9,5.0,3.0,5.0,2,2,3,1,5,5,6,4,5.0,0,0,0,0,0,1,1,3,3,1,0,0,0.0,0.0,2.0,3.0,0,
Company1050,02/01/2012,Cleveland,Non-Tech,Services,15,7.5,4.5,6.0,4,4,10,10,10,10,4,10,7.5,6,0,6,3,12,20,3,3,2,5,6,6,7.5,12.5,5.0,7.5,10,
Company1051,10/06/2007,Boulder,Non-Tech,Finance,2,3.0,4.0,3.0,1,4,5,5,5,5,3,5,5.0,0,0,0,0,0,1,2,1,1,1,0,0,0.0,0.0,2.0,2.0,0,
Company1052,02/21/2013,San Francisco,Tech,Services,3,4.0,4.0,4.0,2,2,2,4,5,5,1,5,5.0,0,0,0,0,0,2,3,1,1,1,0,0,0.0,0.0,2.0,3.0,0,
Company1053,12/08/2012,Boulder,Non-Tech,Services,2,3.0,4.0,4.0,2,2,5,5,5,5,1,5,4.0,2,4,4,4,1,5,4,2,4,3,2,1,1.0,0.0,2.0,3.0,5,
Company1054,10/15/2005,San Francisco,Tech,Finance,5,5.0,4.0,5.0,1,4,5,3,4,4,5,3,4.0,0,0,0,0,0,5,5,5,5,4,0,0,0.0,0.0,5.0,0.0,0,165491000.0
Company1055,11/17/2009,Boston,Non-Tech,Finance,1,5.0,5.0,4.0,2,2,5,3,5,4,5,3,4.0,0,0,0,0,0,4,2,1,1,1,0,0,0.0,0.0,2.0,2.0,0,
Company1056,08/03/2012,Charlotte,Non-Tech,Finance,4,5.0,2.0,5.0,2,2,5,4,4,4,3,4,5.0,1,0,0,0,0,4,3,1,2,2,2,0,0.0,0.0,2.0,2.0,0,
Company1057,04/03/2010,Chicago,Non-Tech,Finance,1,2.0,4.0,4.0,2,1,1,4,4,5,1,4,5.0,0,0,0,0,0,1,1,1,3,1,0,0,0.0,0.0,1.0,3.0,0,
Company1058,10/06/2006,Boulder,Non-Tech,Finance,4,5.0,4.0,4.0,1,2,5,5,4,5,4,4,5.0,0,0,0,0,0,3,5,2,4,1,0,0,0.0,0.0,3.0,2.0,0,
Company1059,10/30/2013,San Francisco,Tech,Finance,3,5.0,4.0,4.0,2,1,5,4,5,5,3,5,5.0,0,0,5,0,0,5,5,3,3,3,0,5,3.0,0.0,2.0,3.0,3,
Company1060,08/02/1995,San Francisco,Tech,Services,3,3.0,4.0,5.0,2,2,5,1,5,4,5,5,4.0,0,4,5,0,4,3,5,3,1,1,3,4,4.0,4.0,3.0,2.0,5,
Company1061,08/02/2011,Boston,Non-Tech,Finance,3,4.0,4.0,4.0,2,3,5,4,4,5,4,4,5.0,0,0,0,0,0,5,5,3,3,4,0,0,0.0,0.0,2.0,3.0,0,
Company1062,10/30/2013,San Francisco,Tech,Finance,3,4.0,4.0,4.0,2,2,5,5,5,5,3,5,6.0,0,0,0,0,0,5,1,3,3,1,0,0,0.0,0.0,3.0,3.0,0,
Company1063,12/03/2012,Boulder,Non-Tech,Services,6,3.0,4.0,3.0,1,2,5,5,5,5,1,5,5.0,0,4,0,0,12,1,5,1,2,10,3,4,0.0,3.0,3.0,2.0,0,
Company1064,03/05/1996,Sacramento,Non-Tech,Services,2,2.0,6.0,6.0,2,10,5,4,5,5,3,5,5.0,0,2,0,1,0,4,4,1,2,2,1,10,12.5,0.0,2.0,3.0,0,
Company1065,06/14/2013,New York,Tech,Finance,3,6.0,4.0,4.0,2,2,5,5,5,5,5,5,5.0,0,0,0,0,0,3,5,3,4,3,0,0,0.0,0.0,5.0,2.0,0,
Company1066,10/28/2012,San Francisco,Tech,Finance,3,5.0,5.0,4.0,2,5,5,3,4,4,5,4,4.0,4,2,2,1,0,4,5,2,3,5,5,5,5.0,4.0,4.0,2.0,1,
Company1067,05/05/2007,Louisville,Non-Tech,Finance,2,3.0,2.0,4.0,1,2,5,4,4,5,3,4,5.0,0,0,0,0,3,2,4,1,2,3,5,5,5.0,0.0,2.0,3.0,0,
Company1068,01/14/2011,San Jose,Tech,Finance,1,2.0,6.0,7.5,4,1,10,10,10,10,10,10,5.0,0,0,0,3,0,25,15,1,1,10,0,8,0.0,0.0,10.0,3.0,0,
Company1069,06/01/2010,San Francisco,Tech,Services,5,5.0,4.0,4.0,2,2,5,5,4,4,1,5,4.0,3,2,0,5,4,5,2,2,5,2,5,0,0.0,4.0,5.0,2.0,4,
Company1070,02/01/2011,San Francisco,Tech,Finance,2,4.0,4.0,3.0,1,3,5,5,5,5,1,5,5.0,0,0,0,0,0,1,3,1,3,1,0,0,0.0,0.0,2.0,3.0,0,
Company1071,09/13/1999,Oakland,Non-Tech,Other,3,4.0,4.0,5.0,1,2,10,5,5,5,2,5,6.0,0,0,0,0,0,2,3,1,2,2,0,0,0.0,0.0,2.0,3.0,0,
Company1072,06/30/2001,Seattle,Non-Tech,Services,2,4.0,4.0,3.0,2,3,5,5,5,5,2,5,4.0,0,0,0,0,0,3,1,1,1,1,0,0,0.0,0.0,2.0,3.0,0,
Company1073,12/04/1999,San Jose,Tech,Finance,2,4.0,4.0,4.0,2,3,5,5,5,5,3,5,5.0,0,0,0,0,4,1,5,1,1,1,2,1,0.0,2.0,4.0,3.0,0,
Company1074,06/27/2007,Boulder,Non-Tech,Finance,3,4.0,4.0,4.0,2,2,5,4,4,5,5,5,4.0,0,0,0,0,0,5,5,4,3,4,2,0,2.0,0.0,3.0,1.0,0,
Company1075,07/04/2011,Philadelphia,Non-Tech,Services,12,7.5,3.0,6.0,2,4,10,6,8,10,3,8,7.5,0,0,0,0,0,15,15,12,5,25,0,0,0.0,0.0,10.0,2.5,0,
Company1076,03/30/2012,San Jose,Tech,Finance,2,4.0,4.0,4.0,2,2,5,4,4,5,3,4,5.0,0,0,0,0,0,2,2,1,1,1,0,0,0.0,0.0,3.0,3.0,0,88946000.0
Company1077,03/26/2005,San Francisco,Tech,Finance,4,5.0,4.0,3.0,2,10,5,5,10,10,2,10,7.5,0,4,12,0,0,5,1,3,1,1,0,0,0.0,1.0,2.5,3.0,15,
Company1078,09/04/2009,New York,Tech,Finance,4,5.0,4.0,5.0,4,2,5,8,10,10,5,10,7.5,3,3,3,2,4,5,5,5,5,5,1,1,0.0,1.0,5.0,5.0,0,
Company1079,10/30/2013,Los Angeles,Non-Tech,Finance,6,4.0,6.0,6.0,4,2,5,8,4,10,4,8,4.0,6,0,0,0,0,5,5,3,3,10,0,0,0.0,0.0,2.0,3.0,0,
Company1080,05/03/2009,Dallas,Non-Tech,Finance,4,5.0,4.0,4.0,1,2,5,4,5,4,5,3,5.0,0,0,0,0,3,5,5,5,5,15,5,5,0.0,0.0,7.5,2.0,0,
Company1081,08/14/2009,Boulder,Non-Tech,Finance,4,5.0,3.0,5.0,2,2,5,4,4,5,2,5,4.0,3,5,5,5,0,3,5,5,3,4,0,4,0.0,4.0,3.0,3.0,0,
Company1082,02/26/2011,Newark,Non-Tech,Finance,4,5.0,4.0,5.0,1,3,5,5,5,5,1,5,5.0,2,0,3,0,4,3,2,1,4,1,1,1,1.0,1.0,2.0,3.0,0,
Company1083,08/01/2000,San Francisco,Tech,Finance,3,3.0,4.0,4.0,2,2,5,4,5,5,4,5,5.0,0,0,0,0,0,5,5,1,3,4,0,0,0.0,0.0,3.0,2.0,0,
Company1084,10/24/2006,Philadelphia,Non-Tech,Other,12,7.5,6.0,6.0,4,4,10,10,8,5,10,8,7.5,0,0,0,0,0,20,3,1,3,5,0,0,0.0,0.0,5.0,7.5,0,
Company1085,05/01/1997,San Francisco,Tech,Finance,2,5.0,4.0,4.0,1,2,5,4,4,5,3,4,5.0,3,2,3,2,4,2,3,2,1,1,0,4,2.0,0.0,3.0,3.0,5,
Company1086,12/18/1998,San Francisco,Tech,Services,4,5.0,4.0,4.0,2,2,5,4,4,4,3,4,3.0,2,3,2,2,5,3,5,3,5,4,1,4,1.0,2.0,5.0,1.0,4,
Company1087,09/06/1996,Long Beach,Non-Tech,Finance,4,5.0,4.0,4.0,2,1,3,5,4,5,1,4,4.0,0,5,0,0,0,1,5,1,4,1,0,0,3.0,1.0,3.0,2.0,0,
Company1088,11/19/2009,New York,Tech,Services,12,1.5,4.5,4.5,4,4,10,10,10,10,4,10,7.5,0,4,0,0,0,5,9,6,1,5,0,0,0.0,0.0,2.5,7.5,0,
Company1089,10/17/1995,New York,Tech,Services,4,5.0,4.0,4.0,1,2,5,4,4,4,5,3,4.0,3,4,3,1,4,1,5,5,1,3,0,5,5.0,3.0,2.0,2.0,5,
Company1090,04/17/2009,Detroit,Non-Tech,Finance,2,2.0,4.0,4.0,2,1,1,5,5,5,3,4,5.0,0,0,0,0,0,1,5,1,1,1,0,0,0.0,0.0,2.0,3.0,0,
Company1091,08/05/2011,New York,Tech,Services,4,5.0,4.0,3.0,1,2,5,5,5,5,2,5,5.0,3,3,5,3,4,5,5,5,5,5,3,3,3.0,4.0,3.0,2.0,4,
Company1092,03/16/2007,San Francisco,Tech,Services,4,4.0,3.0,4.0,2,1,5,4,4,10,3,4,5.0,4,0,0,0,3,2,15,1,5,2,3,4,2.0,0.0,2.0,2.0,0,
Company1093,11/26/2010,San Francisco,Tech,Services,4,5.0,4.0,6.0,2,4,10,8,5,4,6,4,6.0,3,4,12,3,3,25,4,3,3,10,3,0,7.5,0.0,7.5,2.0,15,
Company1094,11/13/2013,Indianapolis,Non-Tech,Finance,2,5.0,2.0,4.0,2,1,5,4,5,5,1,5,5.0,1,0,0,0,0,5,2,2,1,2,0,0,0.0,0.0,2.0,1.0,0,
Company1095,05/03/2009,Atlanta,Non-Tech,Finance,4,5.0,4.0,4.0,1,3,5,5,4,5,5,4,4.0,0,0,0,0,0,3,5,5,5,4,0,0,0.0,0.0,1.0,2.0,0,
Company1096,08/05/2011,San Francisco,Tech,Finance,4,5.0,4.0,4.0,1,2,5,4,4,5,5,4,5.0,1,4,4,0,3,3,5,5,4,5,5,2,0.0,0.0,3.0,0.0,3,
Company1097,07/10/2013,San Francisco,Tech,Finance,2,4.0,4.0,4.0,1,2,5,5,5,5,4,4,5.0,0,0,0,0,0,3,5,1,1,1,0,0,0.0,0.0,3.0,3.0,4,
Company1098,12/04/1999,San Francisco,Tech,Other,2,4.0,4.0,4.0,1,2,10,5,5,5,2,3,4.0,0,0,0,0,0,1,1,1,3,1,0,0,0.0,0.0,3.0,1.0,0,
Company1099,05/01/2013,Chicago,Non-Tech,Finance,2,5.0,4.0,4.0,1,2,3,5,5,5,1,5,5.0,0,0,0,0,0,1,1,1,2,1,0,0,0.0,0.0,2.0,3.0,0,
Company1100,11/05/2009,Newark,Non-Tech,Finance,3,5.0,4.0,4.0,2,3,5,5,5,5,2,5,5.0,0,0,4,3,4,5,5,2,2,3,5,4,3.0,4.0,2.0,3.0,5,
Company1101,12/09/2006,Atlanta,Non-Tech,Finance,3,4.0,4.0,4.0,1,2,5,5,5,5,2,5,5.0,0,0,0,0,0,2,3,1,2,1,0,0,0.0,0.0,2.0,2.0,0,20970000.0
Company1102,06/26/2010,San Francisco,Tech,Finance,1,1.0,4.0,4.0,2,1,1,4,4,4,4,4,4.0,0,0,0,0,0,2,3,1,1,1,0,0,0.0,0.0,1.0,3.0,0,
Company1103,08/19/2006,San Francisco,Tech,Finance,3,4.0,4.0,4.0,2,2,5,5,4,5,4,4,4.0,0,0,0,0,0,3,2,4,5,2,0,0,0.0,0.0,5.0,1.0,0,
Company1104,08/14/2009,Boulder,Non-Tech,Finance,4,5.0,4.0,4.0,1,2,5,5,5,5,2,5,5.0,0,4,0,4,0,3,5,1,4,3,0,0,1.0,1.0,2.0,2.0,0,
Company1105,03/05/2012,San Francisco,Tech,Finance,6,6.0,6.0,7.5,6,10,10,10,10,10,4,10,7.5,0,0,0,0,0,25,6,9,1,5,0,0,0.0,0.0,2.5,7.5,0,
Company1106,01/17/2012,San Francisco,Tech,Services,12,7.5,6.0,6.0,4,2,10,10,10,10,4,10,7.5,9,4,12,0,12,20,15,1,3,25,2,2,2.5,2.5,5.0,7.5,25,
Company1107,01/18/2013,Boston,Non-Tech,Services,4,5.0,4.0,4.0,2,2,5,3,4,4,5,3,4.0,0,0,0,0,0,3,5,2,2,5,0,0,0.0,0.0,2.0,3.0,0,
Company1108,12/07/2008,Buffalo,Non-Tech,Services,2,3.0,4.0,4.0,1,2,5,5,5,5,1,5,5.0,0,4,2,3,0,2,5,1,2,1,0,0,5.0,1.0,3.0,3.0,3,
Company1109,06/24/2012,Houston,Non-Tech,Finance,4,4.0,4.0,3.0,2,2,5,4,5,5,5,4,5.0,0,0,0,0,0,3,5,4,3,1,0,0,0.0,0.0,3.0,3.0,0,
Company1110,12/02/2008,San Jose,Tech,Finance,12,5.0,5.0,3.0,1,3,5,5,10,5,2,5,7.5,0,0,0,3,0,2,2,2,1,1,0,0,0.0,0.0,3.0,5.0,0,
Company1111,11/14/2012,San Francisco,Tech,Services,4,5.0,4.0,3.0,1,2,5,5,5,5,3,5,5.0,3,2,4,2,4,4,5,4,3,3,2,2,2.0,3.0,4.0,2.0,5,
Company1112,09/09/2010,Jacksonville,Non-Tech,Services,2,4.0,4.0,4.0,2,2,5,4,5,5,3,5,5.0,0,3,4,2,4,2,5,1,1,3,1,0,0.0,2.0,1.0,3.0,0,
Company1113,07/09/2013,San Francisco,Tech,Services,9,4.5,3.0,7.5,6,2,6,8,10,4,4,10,7.5,3,4,0,0,0,25,6,3,1,10,0,0,0.0,0.0,2.5,7.5,5,
Company1114,11/15/2010,Pittsburgh,Non-Tech,Finance,2,4.0,4.0,4.0,2,3,5,5,5,4,2,5,4.0,4,1,2,2,4,3,1,1,1,1,3,3,3.0,1.0,2.0,3.0,1,52862000.0
Company1115,07/15/2013,El Paso,Non-Tech,Services,2,5.0,4.0,4.0,1,2,2,4,4,4,4,4,4.0,0,0,0,0,0,2,3,1,2,1,0,0,0.0,0.0,3.0,3.0,0,
Company1116,10/04/2013,Philadelphia,Non-Tech,Services,4,2.0,4.0,4.0,2,3,5,5,8,5,3,8,5.0,0,0,0,0,0,4,4,15,3,4,0,0,0.0,0.0,5.0,7.5,0,
Company1117,09/20/2013,Tucson,Non-Tech,Finance,3,5.0,4.0,4.0,1,3,5,4,4,5,5,4,5.0,0,0,0,0,0,2,5,2,3,2,0,0,0.0,0.0,3.0,3.0,0,
Company1118,10/04/2012,San Jose,Tech,Finance,2,4.0,4.0,3.0,2,5,5,5,5,5,1,5,5.0,0,0,0,0,0,1,1,1,1,1,0,0,0.0,0.0,3.0,3.0,0,
Company1119,05/18/1998,Reno,Non-Tech,Services,6,4.5,6.0,4.0,2,4,10,3,8,5,10,6,6.0,15,10,15,9,12,25,15,6,3,20,8,5,5.0,2.5,7.5,7.5,20,
Company1120,07/17/2009,Boulder,Non-Tech,Services,4,5.0,3.0,5.0,2,2,5,5,5,5,1,5,5.0,3,2,4,3,0,3,4,1,2,1,1,1,1.0,3.0,2.0,3.0,0,
Company1121,09/20/2013,San Francisco,Tech,Services,3,5.0,3.0,4.0,1,4,5,3,4,5,2,5,5.0,0,0,4,1,0,3,1,2,1,1,0,0,0.0,3.0,5.0,1.0,0,
Company1122,12/04/1999,San Jose,Tech,Finance,5,4.0,4.0,4.0,2,3,5,5,5,5,2,5,5.0,0,0,0,0,0,1,1,1,1,1,0,0,0.0,0.0,2.0,3.0,0,
Company1123,01/15/2013,Boston,Non-Tech,Other,4,5.0,4.0,3.0,1,5,5,5,5,4,2,5,4.0,3,5,2,4,4,2,5,3,2,1,5,5,5.0,0.0,4.0,3.0,5,
Company1124,08/13/2009,New York,Tech,Services,4,5.0,5.0,4.0,2,5,5,4,5,5,3,3,4.0,0,0,4,2,0,4,5,5,3,3,2,0,0.0,0.0,3.0,3.0,0,
Company1125,01/15/2013,Boston,Non-Tech,Finance,1,2.0,5.0,2.0,1,1,1,5,5,5,3,5,5.0,0,0,0,0,0,1,5,2,1,1,0,0,0.0,1.0,2.0,3.0,0,
Company1126,02/06/2007,San Francisco,Tech,Finance,9,7.5,4.0,6.0,2,5,10,10,10,10,2,5,4.0,0,0,0,0,0,10,1,2,2,15,0,0,0.0,0.0,2.0,3.0,0,
Company1127,02/07/2007,Charlotte,Non-Tech,Finance,3,5.0,4.0,4.0,1,4,5,4,5,5,3,5,4.0,0,0,0,4,0,2,4,1,2,3,0,0,0.0,0.0,3.0,3.0,0,
Company1128,08/13/2009,San Francisco,Tech,Finance,4,5.0,5.0,4.0,1,2,5,4,4,5,4,3,4.0,0,0,0,3,0,5,2,5,5,2,0,3,0.0,0.0,2.0,3.0,0,
Company1129,10/23/1999,San Francisco,Tech,Other,4,1.5,5.0,3.0,1,5,5,5,10,10,2,5,7.5,0,5,2,0,0,2,5,3,1,5,5,5,3.0,0.0,2.5,3.0,0,
Company1130,05/02/2008,Los Angeles,Non-Tech,Finance,12,7.5,4.5,4.0,4,4,10,8,10,10,5,10,6.0,0,0,0,0,0,5,5,3,3,15,0,0,0.0,0.0,7.5,7.5,0,
Company1131,08/26/2000,San Francisco,Tech,Finance,5,4.0,4.0,4.0,1,2,5,4,5,4,1,4,5.0,0,0,0,0,0,3,1,1,2,1,0,0,0.0,0.0,5.0,3.0,0,
Company1132,05/06/2013,Sacramento,Non-Tech,Services,3,5.0,3.0,4.0,2,2,5,4,4,5,5,4,5.0,0,0,0,0,0,3,1,1,1,4,0,0,0.0,0.0,2.0,3.0,0,
Company1133,11/27/2011,San Francisco,Tech,Finance,12,5.0,4.0,4.0,1,3,5,8,8,5,1,4,5.0,0,0,0,0,0,3,5,1,1,1,0,0,0.0,0.0,2.0,7.5,0,
Company1134,04/12/1997,New York,Tech,Finance,3,4.0,4.0,4.0,2,2,10,2,4,5,5,3,4.0,1,2,2,0,0,2,4,1,1,5,0,0,0.0,0.0,1.0,3.0,5,
Company1135,09/15/2006,Boulder,Non-Tech,Finance,9,6.0,6.0,6.0,4,4,10,8,10,10,6,10,7.5,0,0,0,0,0,25,15,6,4,20,0,0,0.0,0.0,10.0,5.0,0,
Company1136,07/14/2000,New York,Tech,Finance,1,7.5,6.0,6.0,2,1,10,8,8,4,2,8,7.5,0,0,1,0,0,10,3,15,1,5,0,0,0.0,0.0,5.0,2.0,0,
Company1137,12/03/2013,Sacramento,Non-Tech,Finance,2,3.0,3.0,4.0,2,2,1,5,4,5,2,4,5.0,0,0,0,0,0,2,3,1,1,1,0,0,0.0,0.0,1.0,2.0,0,
Company1138,10/09/1999,Seattle,Non-Tech,Finance,4,5.0,4.0,3.0,1,2,5,4,4,5,4,4,5.0,0,0,0,0,0,5,5,5,5,5,0,0,0.0,0.0,4.0,3.0,0,54353000.0
Company1139,06/05/2012,San Jose,Tech,Services,2,4.0,5.0,3.0,1,2,10,5,5,5,1,5,5.0,0,0,0,0,0,2,1,1,1,1,6,0,0.0,0.0,1.0,3.0,20,
Company1140,03/16/2007,Boulder,Non-Tech,Finance,4,4.0,4.0,4.0,3,1,5,4,5,5,2,4,5.0,0,0,0,0,0,2,2,2,1,3,0,0,0.0,0.0,3.0,3.0,0,
Company1141,03/19/2009,San Francisco,Tech,Services,4,5.0,4.0,5.0,1,5,5,4,4,4,3,3,4.0,3,5,5,5,5,4,5,5,3,4,5,10,5.0,5.0,2.0,3.0,3,
Company1142,06/29/1997,San Francisco,Tech,Services,4,5.0,5.0,3.0,1,5,5,3,5,5,5,5,5.0,3,5,5,1,4,5,5,5,5,5,2,3,2.0,0.0,2.0,3.0,5,
Company1143,09/07/2007,Seattle,Non-Tech,Finance,3,4.0,4.0,4.0,2,2,5,5,5,5,1,5,5.0,0,0,0,0,0,3,2,1,2,1,0,0,0.0,0.0,3.0,3.0,0,75923000.0
Company1144,07/30/2010,San Francisco,Tech,Services,5,3.0,4.0,4.0,2,2,5,4,4,4,5,4,4.0,4,0,4,5,4,3,5,1,3,1,0,2,2.0,0.0,1.0,3.0,0,
Company1145,02/29/2012,San Francisco,Tech,Finance,4,4.0,3.0,3.0,2,2,5,4,5,5,4,5,5.0,0,0,0,0,0,3,5,2,1,2,0,0,0.0,0.0,1.0,2.0,0,
Company1146,08/02/1995,San Francisco,Tech,Finance,4,5.0,4.0,5.0,2,2,5,1,4,5,2,5,4.0,2,0,0,0,4,3,5,5,1,1,0,4,3.0,4.0,3.0,2.0,5,
Company1147,07/05/1997,Milwaukee,Non-Tech,Finance,1,2.0,6.0,6.0,2,1,10,4,8,5,10,6,5.0,0,0,0,0,0,1,12,1,1,10,0,0,0.0,0.0,5.0,3.0,0,
Company1148,12/31/2011,Denver,Non-Tech,Services,4,7.5,6.0,3.0,2,4,5,5,4,5,10,4,7.5,12,2,3,1,4,2,5,1,1,1,8,1,5.0,3.0,4.0,3.0,10,
Company1149,06/13/2009,San Francisco,Tech,Services,3,5.0,5.0,4.0,1,5,5,3,4,4,5,3,4.0,4,5,5,5,5,5,5,5,4,5,5,5,5.0,3.0,4.0,1.0,5,
Company1150,12/30/2011,Bellevue,Non-Tech,Finance,4,5.0,4.0,4.0,2,2,5,3,4,4,5,4,4.0,0,0,0,0,0,5,5,3,3,5,0,0,0.0,0.0,3.0,3.0,0,
Company1151,04/18/2006,Boulder,Non-Tech,Services,1,2.0,4.0,4.0,1,5,5,5,5,5,1,5,5.0,1,2,2,1,1,1,3,1,2,1,2,1,4.0,5.0,5.0,3.0,5,
Company1152,10/28/2008,Los Angeles,Non-Tech,Services,3,4.0,4.0,4.0,1,3,5,5,5,5,2,5,5.0,1,2,5,1,5,3,2,1,2,3,5,1,3.0,4.0,1.0,3.0,0,
Company1153,02/01/2012,San Francisco,Tech,Other,4,7.5,3.0,6.0,4,2,5,10,10,10,4,10,7.5,0,2,6,3,12,5,3,3,2,5,6,0,7.5,12.5,2.0,7.5,10,
Company1154,10/11/2010,Denver,Non-Tech,Services,4,4.0,4.0,4.0,2,2,5,10,10,10,4,5,5.0,3,4,0,3,0,5,6,1,5,1,3,0,3.0,0.0,5.0,3.0,0,
Company1155,09/26/2009,Portland,Non-Tech,Finance,12,7.5,4.5,4.0,2,4,10,8,4,10,1,4,7.5,0,0,0,0,0,20,1,1,1,1,0,0,0.0,0.0,5.0,7.5,0,
Company1156,08/23/2013,San Francisco,Tech,Finance,12,5.0,6.0,4.5,2,4,5,8,4,10,4,10,7.5,0,0,0,0,0,3,15,4,4,25,0,0,0.0,0.0,7.5,7.5,0,
Company1157,06/01/2012,Cincinnati,Non-Tech,Finance,4,5.0,4.0,5.0,2,4,4,4,4,5,5,3,5.0,0,0,3,0,0,5,3,5,1,3,0,0,0.0,0.0,5.0,3.0,5,
Company1158,08/03/2012,New York,Tech,Finance,3,5.0,2.0,5.0,4,2,5,10,10,10,4,5,7.5,0,0,0,0,0,3,9,2,4,2,0,0,0.0,0.0,2.0,3.0,0,
Company1159,11/05/2011,Bellevue,Non-Tech,Finance,5,2.0,3.0,4.0,2,1,5,4,4,4,5,4,5.0,0,0,0,0,0,1,1,1,1,1,0,0,0.0,0.0,4.0,2.0,0,
Company1160,11/21/2009,Denver,Non-Tech,Finance,3,4.0,4.0,4.0,2,2,5,5,5,5,1,5,5.0,1,4,4,2,4,3,1,1,2,1,2,2,2.0,4.0,2.0,3.0,1,
Company1161,09/06/1996,Indianapolis,Non-Tech,Services,4,5.0,4.0,5.0,2,2,10,4,4,5,2,5,5.0,3,5,5,3,4,3,6,1,1,2,3,0,3.0,1.0,4.0,3.0,3,
Company1162,11/02/2000,Boston,Non-Tech,Finance,2,4.0,4.0,4.0,2,2,5,5,5,5,2,5,5.0,0,0,0,0,0,4,1,1,2,1,0,0,0.0,0.0,2.0,3.0,0,
Company1163,12/02/2007,Houston,Non-Tech,Finance,2,4.0,4.0,4.0,1,3,5,5,5,5,1,5,5.0,0,0,0,0,0,2,1,2,1,1,0,0,0.0,0.0,2.0,3.0,0,
Company1164,04/22/2010,Phoenix,Non-Tech,Finance,4,5.0,5.0,3.0,1,5,5,5,5,5,3,5,5.0,0,0,0,0,0,1,1,1,5,2,0,0,0.0,0.0,4.0,2.0,0,
Company1165,10/04/2013,Seattle,Non-Tech,Finance,15,3.0,4.5,7.5,4,8,10,6,8,8,10,6,5.0,15,8,0,0,9,25,15,15,1,20,10,10,10.0,2.5,12.5,2.5,0,
Company1166,11/21/2009,Charlotte,Non-Tech,Finance,3,4.0,4.0,4.0,2,2,5,5,5,5,1,5,5.0,1,4,4,2,4,3,1,1,2,1,2,2,2.0,4.0,2.0,3.0,1,
Company1167,10/29/2007,Detroit,Non-Tech,Finance,4,5.0,4.0,4.0,1,2,5,4,4,4,3,4,3.0,0,0,0,0,0,4,5,1,3,5,0,0,0.0,0.0,2.0,1.0,4,
Company1168,09/09/2010,Palo Alto,Non-Tech,Finance,3,4.0,4.0,4.0,2,2,5,5,5,5,2,5,5.0,0,0,0,0,0,3,2,1,1,1,0,0,0.0,0.0,1.0,3.0,0,
Company1169,10/06/2010,Indianapolis,Non-Tech,Services,4,5.0,4.0,5.0,2,4,5,5,5,5,1,5,5.0,2,2,4,3,4,2,4,2,3,1,4,2,5.0,4.0,3.0,3.0,3,
Company1170,11/04/2011,New York,Tech,Finance,3,5.0,4.0,4.0,1,2,5,4,5,5,4,5,5.0,0,0,0,0,0,5,5,3,5,4,0,0,0.0,0.0,5.0,3.0,0,
Company1171,04/17/2009,Phoenix,Non-Tech,Finance,4,4.0,4.0,5.0,1,2,5,5,4,5,3,4,5.0,0,0,0,0,0,5,5,2,2,3,0,0,0.0,0.0,2.0,2.0,0,
Company1172,10/25/2013,San Francisco,Tech,Finance,9,6.0,6.0,6.0,4,6,10,8,8,8,10,6,7.5,0,0,0,0,0,25,6,15,3,5,0,0,0.0,0.0,5.0,7.5,0,
Company1173,06/06/2013,San Francisco,Tech,Finance,4,5.0,4.0,4.0,2,3,5,4,4,5,3,3,5.0,0,5,0,0,4,4,3,2,4,2,0,0,0.0,0.0,5.0,3.0,5,
Company1174,07/12/2013,San Francisco,Tech,Services,4,5.0,4.0,4.0,1,3,5,3,4,5,5,4,5.0,0,0,0,0,0,4,5,4,1,5,0,0,0.0,0.0,4.0,1.0,0,
Company1175,06/18/2007,Philadelphia,Non-Tech,Finance,12,7.5,4.5,6.0,4,2,10,10,10,10,10,5,6.0,0,0,0,0,12,20,15,3,1,5,2,0,0.0,0.0,2.0,3.0,0,
Company1176,10/04/2000,New York,Tech,Finance,1,4.0,4.0,3.0,1,1,5,5,5,5,1,5,5.0,0,0,0,0,0,1,1,2,3,3,0,0,0.0,0.0,2.0,3.0,0,
Company1177,10/06/2010,Houston,Non-Tech,Finance,4,4.5,5.0,4.0,2,2,5,5,5,5,2,5,7.5,0,0,4,0,0,25,5,2,1,10,4,2,5.0,4.0,3.0,7.5,3,
Company1178,02/15/2010,Charlotte,Non-Tech,Services,4,5.0,4.0,5.0,3,2,5,4,4,4,5,3,5.0,0,5,5,3,5,5,5,5,5,5,2,2,2.0,1.0,5.0,0.0,0,
Company1179,06/18/2007,Chicago,Non-Tech,Finance,3,3.0,4.0,4.0,2,2,5,5,5,5,2,5,5.0,0,0,0,0,0,3,3,2,3,2,0,0,0.0,0.0,4.0,3.0,0,
Company1180,06/07/2013,Phoenix,Non-Tech,Services,2,5.0,4.0,5.0,2,2,1,4,5,5,4,5,5.0,5,0,3,0,4,5,3,1,4,1,4,0,1.0,0.0,5.0,3.0,5,
Company1181,04/08/2010,San Francisco,Tech,Finance,2,3.0,4.0,4.0,1,1,5,4,5,5,3,5,5.0,0,0,0,0,0,4,3,1,2,1,0,4,4.0,0.0,2.0,3.0,5,
Company1182,05/01/2012,San Francisco,Tech,Finance,5,5.0,4.0,5.0,2,4,5,4,4,4,5,3,4.0,5,4,0,0,0,5,5,3,5,3,0,0,0.0,0.0,5.0,0.0,0,
Company1183,08/13/2009,Milwaukee,Non-Tech,Finance,4,5.0,4.0,5.0,1,2,5,4,4,4,4,3,3.0,0,0,0,0,0,5,5,5,5,2,0,0,0.0,0.0,5.0,3.0,0,
Company1184,10/23/1999,San Jose,Tech,Finance,3,4.0,5.0,3.0,1,3,5,5,5,4,2,5,5.0,0,0,0,0,0,2,2,2,1,1,0,0,0.0,0.0,3.0,3.0,0,
Company1185,12/17/2013,San Francisco,Tech,Finance,3,4.0,2.0,4.0,1,1,5,5,5,5,2,5,5.0,0,0,0,0,0,4,2,1,1,2,0,0,0.0,0.0,2.0,2.0,0,
Company1186,12/23/2005,Denver,Non-Tech,Services,2,5.0,4.0,4.0,2,3,1,5,4,5,2,4,4.0,3,4,4,4,4,2,5,1,4,3,3,0,1.0,4.0,1.0,2.0,5,
Company1187,06/26/2010,Louisville,Non-Tech,Finance,3,1.0,4.0,4.0,2,1,1,4,5,5,4,4,5.0,0,0,0,0,0,2,3,1,1,1,0,0,0.0,0.0,1.0,3.0,0,
Company1188,10/30/2013,Durham,Non-Tech,Finance,3,4.0,4.0,5.0,4,1,5,10,5,5,5,5,7.5,0,0,0,0,0,5,5,3,3,5,0,0,0.0,0.0,2.5,3.0,0,
Company1189,07/04/2009,Detroit,Non-Tech,Services,3,4.0,4.0,4.0,2,3,1,3,5,5,2,5,5.0,0,4,3,0,0,2,1,1,2,1,0,5,5.0,2.0,2.0,3.0,0,
Company1190,07/18/2011,San Francisco,Tech,Finance,1,2.0,4.0,3.0,1,1,1,4,5,4,5,5,5.0,0,0,0,0,0,1,1,2,1,1,0,0,0.0,0.0,1.0,3.0,0,
Company1191,01/07/2000,San Francisco,Tech,Finance,3,5.0,4.0,4.0,2,5,5,4,5,4,3,5,4.0,0,0,0,0,0,1,4,1,1,1,0,0,0.0,0.0,2.0,3.0,0,74951000.0
Company1192,06/27/2007,San Francisco,Tech,Finance,3,4.0,4.0,4.0,2,2,5,5,5,4,3,4,5.0,0,0,0,0,0,5,1,4,3,1,0,0,2.0,4.0,2.0,3.0,1,
Company1193,12/03/2013,San Francisco,Tech,Finance,4,5.0,4.0,4.0,2,2,5,5,4,5,4,4,5.0,0,0,0,0,0,3,4,1,1,1,0,0,0.0,0.0,2.0,2.0,0,
Company1194,03/28/2009,San Francisco,Tech,Services,2,3.0,4.0,4.0,1,1,1,3,4,5,5,4,5.0,3,4,3,2,3,2,4,2,2,1,5,5,5.0,3.0,2.0,3.0,3,
Company1195,05/04/2012,Atlanta,Non-Tech,Services,2,3.0,4.0,3.0,2,2,5,4,5,5,3,5,5.0,3,2,4,1,3,5,4,1,1,2,2,2,1.0,1.0,2.0,3.0,5,
Company1196,10/09/2009,San Jose,Tech,Services,4,4.0,5.0,3.0,1,3,5,5,5,5,2,5,5.0,3,2,4,1,4,1,3,2,2,3,3,2,3.0,5.0,2.0,3.0,4,42506000.0
Company1197,12/23/2005,Atlanta,Non-Tech,Services,5,3.0,4.0,5.0,1,2,5,5,4,5,2,4,4.0,3,0,5,4,4,5,5,2,3,2,3,3,1.0,4.0,5.0,2.0,5,
Company1198,10/25/2013,Los Angeles,Non-Tech,Services,12,7.5,4.5,6.0,4,6,10,8,10,8,10,6,7.5,0,0,0,0,0,25,12,6,3,5,0,0,0.0,0.0,5.0,2.5,0,
Company1199,12/11/2012,San Francisco,Tech,Services,12,7.5,6.0,6.0,2,10,10,4,10,5,6,10,7.5,3,0,0,0,0,10,15,9,4,2,0,0,0.0,0.0,5.0,7.5,0,
Company1200,08/24/1996,San Francisco,Tech,Services,2,5.0,4.0,4.0,2,2,5,3,4,5,5,2,5.0,3,4,4,1,4,4,5,5,5,5,5,5,5.0,2.0,5.0,1.0,5,
Company1201,11/01/2006,New York,Tech,Services,2,2.0,6.0,7.5,6,3,5,10,8,10,2,5,7.5,3,0,6,1,4,5,3,3,1,2,1,1,2.5,0.0,1.0,3.0,0,
Company1202,06/04/1996,Milwaukee,Non-Tech,Services,4,3.0,5.0,4.0,2,2,5,4,5,5,3,5,5.0,2,1,3,1,4,5,5,1,4,5,2,1,1.0,2.0,4.0,1.0,3,
Company1203,08/27/1999,New York,Tech,Finance,2,3.0,4.0,4.0,2,2,5,2,4,5,1,3,5.0,0,0,0,0,0,2,4,1,1,1,0,0,0.0,0.0,2.0,3.0,0,
Company1204,06/04/1996,New York,Tech,Services,4,5.0,5.0,4.0,2,2,5,4,5,5,3,5,5.0,2,1,3,1,4,5,5,4,4,5,2,1,1.0,2.0,4.0,1.0,3,
Company1205,03/29/2013,Seattle,Non-Tech,Services,4,5.0,4.0,5.0,1,3,5,5,5,5,2,5,5.0,0,0,0,0,0,3,1,1,2,1,0,0,0.0,0.0,3.0,3.0,0,
Company1206,01/15/2013,Boston,Non-Tech,Finance,4,2.0,5.0,2.0,1,1,1,5,5,5,3,5,5.0,0,0,0,0,0,1,5,2,1,1,0,0,0.0,0.0,2.0,3.0,0,
Company1207,05/01/2013,San Diego,Non-Tech,Finance,2,3.0,4.0,3.0,1,1,3,5,5,5,1,5,5.0,0,0,0,0,0,1,1,1,2,1,0,0,0.0,0.0,1.0,0.0,0,
Company1208,04/08/2010,Boulder,Non-Tech,Finance,3,5.0,4.0,5.0,1,3,5,4,5,5,3,10,5.0,0,4,4,0,0,2,9,6,4,1,5,5,0.0,0.0,1.0,7.5,0,
Company1209,03/28/2009,Chicago,Non-Tech,Services,2,3.0,4.0,3.0,1,1,1,3,4,5,5,4,5.0,0,0,3,2,0,5,5,2,3,4,5,5,5.0,3.0,2.0,3.0,0,
Company1210,04/14/2009,Kansas City,Non-Tech,Services,6,6.0,4.0,6.0,4,2,10,8,8,10,10,8,7.5,6,4,12,3,12,5,2,3,2,10,0,6,10.0,12.5,5.0,7.5,15,
Company1211,08/01/2000,Omaha,Non-Tech,Finance,6,3.0,6.0,5.0,6,1,5,4,5,5,3,10,5.0,6,4,0,0,12,1,12,2,1,1,2,0,2.5,0.0,5.0,7.5,15,
Company1212,03/24/2008,New York,Tech,Services,3,3.0,4.0,4.0,2,3,5,4,4,4,4,5,4.0,2,5,0,3,4,2,4,2,1,2,3,3,1.0,4.0,2.0,3.0,5,
Company1213,06/01/2012,San Francisco,Tech,Finance,4,2.0,4.0,4.0,2,2,5,4,5,5,1,5,3.0,0,0,0,0,0,4,1,1,1,4,0,0,0.0,0.0,5.0,3.0,4,
Company1214,01/05/2000,Indianapolis,Non-Tech,Finance,5,5.0,4.0,4.0,2,2,5,4,4,4,4,3,4.0,0,0,0,0,0,3,5,1,3,2,0,0,0.0,0.0,4.0,5.0,0,
Company1215,01/04/2014,Santa Ana,Non-Tech,Services,4,5.0,4.0,4.0,1,3,5,5,5,5,2,5,5.0,0,0,0,0,0,5,4,1,3,4,0,0,0.0,0.0,2.0,2.0,0,
Company1216,03/27/2013,Indianapolis,Non-Tech,Finance,3,3.0,4.0,4.0,2,2,5,5,5,5,2,5,5.0,0,0,0,0,0,3,3,2,1,2,0,0,0.0,0.0,2.0,3.0,0,
Company1217,06/14/2013,Newark,Non-Tech,Finance,12,5.0,3.0,4.0,2,10,5,5,5,10,6,10,5.0,9,8,0,0,12,10,1,1,1,2,10,0,0.0,0.0,12.5,3.0,15,
Company1218,05/30/2006,San Francisco,Tech,Finance,5,2.0,4.0,4.0,2,2,5,4,5,4,3,4,4.0,0,0,0,0,4,3,5,3,5,4,0,3,0.0,0.0,5.0,1.0,0,
Company1219,06/30/2001,Atlanta,Non-Tech,Services,1,4.0,6.0,6.0,2,8,10,10,10,10,4,5,7.5,3,0,12,3,12,1,15,2,5,1,4,0,0.0,2.5,7.5,5.0,0,
Company1220,07/04/2011,San Francisco,Tech,Services,4,5.0,4.0,5.0,2,3,5,4,5,5,2,5,5.0,2,0,0,0,0,2,5,4,4,5,2,0,0.0,2.0,2.0,2.0,0,
Company1221,07/12/2013,Los Angeles,Non-Tech,Services,4,5.0,4.0,4.0,1,3,5,3,4,5,5,4,5.0,0,2,2,0,0,4,5,4,4,1,0,0,0.0,0.0,1.0,1.0,4,
Company1222,01/03/2013,Houston,Non-Tech,Finance,4,4.0,5.0,4.0,2,1,5,4,5,5,3,5,5.0,0,0,0,0,0,2,5,1,1,1,0,0,0.0,0.0,1.0,3.0,0,
Company1223,09/14/2009,New York,Tech,Finance,12,7.5,6.0,6.0,3,2,10,3,10,5,1,5,5.0,12,8,0,0,15,10,15,3,1,5,10,0,0.0,0.0,10.0,7.5,15,
Company1224,07/23/2011,Boston,Non-Tech,Finance,4,4.0,4.0,5.0,5,3,5,4,5,4,3,5,5.0,0,0,0,0,0,3,4,1,3,5,0,0,0.0,3.0,2.0,3.0,0,
Company1225,12/04/2012,Boulder,Non-Tech,Services,3,4.0,3.0,4.0,2,2,5,5,4,5,1,5,5.0,0,0,0,0,0,3,5,1,1,4,0,0,0.0,0.0,3.0,3.0,0,
Company1226,02/02/2012,Lexington,Non-Tech,Services,6,4.5,6.0,6.0,4,4,10,8,10,10,8,10,7.5,6,4,9,3,12,20,12,6,1,10,2,2,2.5,2.5,2.5,7.5,25,26755000.0
Company1227,01/16/2009,San Jose,Tech,Services,4,5.0,4.0,4.0,1,2,5,5,5,5,2,5,5.0,3,3,5,2,4,4,5,5,3,1,3,3,2.0,4.0,3.0,2.0,4,
Company1228,12/17/2006,San Francisco,Tech,Finance,3,7.5,4.0,4.0,2,5,5,5,4,4,2,4,4.0,0,0,0,0,0,3,1,2,2,1,0,0,0.0,0.0,5.0,3.0,0,
Company1229,10/24/2006,San Francisco,Tech,Finance,3,5.0,4.0,4.0,1,3,10,4,8,5,5,4,5.0,0,0,0,0,0,2,5,2,3,2,0,0,0.0,0.0,3.0,3.0,0,
Company1230,11/04/2011,Seattle,Non-Tech,Finance,4,5.0,4.0,4.0,1,1,5,5,5,5,2,5,5.0,0,0,0,0,0,3,4,1,5,3,5,5,0.0,0.0,2.0,2.0,0,
Company1231,08/13/2009,Portland,Non-Tech,Finance,4,5.0,5.0,5.0,1,5,5,4,4,4,2,5,4.0,0,0,0,0,0,5,5,5,5,2,0,0,0.0,0.0,5.0,3.0,0,
Company1232,05/05/2007,Tucson,Non-Tech,Finance,2,3.0,4.0,4.0,1,2,5,4,5,5,3,4,4.0,0,2,0,0,0,2,4,2,1,3,0,0,0.0,0.0,2.0,3.0,0,
Company1233,05/04/2012,New York,Tech,Services,3,3.0,4.0,3.0,2,2,5,4,5,5,3,5,5.0,3,2,3,1,3,5,5,1,2,5,1,1,0.0,1.0,2.0,3.0,5,
Company1234,03/19/2012,San Francisco,Tech,Services,2,5.0,4.0,4.0,2,3,5,5,5,5,1,5,5.0,0,2,0,0,0,5,15,1,1,5,0,1,0.0,0.0,3.0,3.0,0,
Company1235,09/26/2009,Detroit,Non-Tech,Services,12,7.5,6.0,4.0,4,2,5,5,8,5,1,4,6.0,0,0,0,0,0,1,1,6,3,1,0,0,0.0,0.0,7.5,3.0,0,
Company1236,04/19/2013,Milwaukee,Non-Tech,Finance,2,2.0,4.0,5.0,3,3,4,4,4,5,3,4,5.0,0,0,0,0,0,1,1,1,1,1,0,0,0.0,0.0,1.0,3.0,0,
Company1237,02/26/2010,Chicago,Non-Tech,Finance,3,4.0,3.0,4.0,2,4,10,5,8,8,2,8,6.0,0,0,0,0,0,15,3,3,2,15,0,0,0.0,0.0,2.5,7.5,0,
Company1238,01/27/2005,Las Vegas,Non-Tech,Finance,3,3.0,4.0,4.0,2,2,5,8,5,5,10,5,5.0,0,0,0,0,12,3,4,2,1,2,0,0,0.0,0.0,2.0,5.0,0,
Company1239,09/23/2008,Miami,Non-Tech,Finance,4,6.0,6.0,7.5,4,2,10,8,8,10,5,4,5.0,0,0,0,0,0,25,5,3,2,15,0,0,0.0,0.0,5.0,3.0,0,
Company1240,03/30/2002,Seattle,Non-Tech,Finance,3,5.0,4.0,4.0,1,2,5,5,5,5,2,5,5.0,0,0,0,0,0,3,5,1,4,4,0,0,0.0,0.0,2.0,3.0,0,
Company1241,04/22/2010,San Jose,Tech,Finance,4,6.0,5.0,6.0,1,5,5,10,5,5,2,5,7.5,0,0,0,0,0,4,3,3,5,2,0,0,0.0,0.0,1.0,2.0,0,
Company1242,11/27/2008,San Francisco,Tech,Finance,4,5.0,4.0,4.0,1,5,5,4,5,5,3,5,5.0,0,0,0,0,0,3,5,2,5,1,0,0,0.0,0.0,4.0,2.0,0,
Company1243,10/30/2013,Omaha,Non-Tech,Finance,3,4.0,4.0,4.0,1,1,5,4,5,5,3,5,5.0,0,0,0,0,0,3,5,1,3,5,0,0,0.0,0.0,2.0,3.0,0,
Company1244,08/10/2012,Las Vegas,Non-Tech,Finance,2,3.0,4.0,4.0,2,1,5,5,5,5,1,5,5.0,0,0,0,0,0,1,1,1,1,1,0,0,0.0,0.0,2.0,3.0,0,29931000.0
Company1245,11/25/2008,Milwaukee,Non-Tech,Finance,2,4.0,4.0,4.0,2,2,5,4,5,5,3,5,5.0,3,0,0,0,0,5,5,3,5,4,0,0,0.0,0.0,2.0,3.0,0,
Company1246,05/04/2012,San Antonio,Non-Tech,Finance,4,5.0,4.0,5.0,1,4,5,4,4,4,5,3,4.0,0,0,0,0,0,5,5,5,5,4,0,0,0.0,0.0,5.0,2.0,0,
Company1247,02/01/2011,San Francisco,Tech,Finance,2,5.0,4.0,4.0,2,3,5,4,5,5,1,5,5.0,0,0,0,0,0,1,1,1,2,1,0,0,0.0,0.0,3.0,2.0,0,
Company1248,09/01/2010,Oakland,Non-Tech,Finance,1,3.0,3.0,5.0,2,1,1,4,4,5,3,3,5.0,0,0,0,0,0,1,1,1,1,1,0,0,0.0,0.0,2.0,3.0,0,
Company1249,11/29/2007,Indianapolis,Non-Tech,Finance,4,4.0,5.0,4.0,2,4,5,5,5,5,2,5,5.0,0,0,0,0,0,5,5,3,1,1,0,0,0.0,0.0,4.0,1.0,0,
Company1250,12/17/2010,New York,Tech,Finance,3,4.0,4.0,5.0,2,2,5,4,4,5,2,4,5.0,1,0,5,0,4,5,1,2,2,2,2,0,0.0,1.0,3.0,3.0,5,
Company1251,12/02/2007,San Francisco,Tech,Finance,2,4.0,4.0,5.0,1,4,5,5,5,4,1,5,5.0,0,0,0,0,0,2,1,2,1,1,0,0,0.0,0.0,2.0,2.0,0,
Company1252,06/26/2010,San Francisco,Tech,Finance,1,1.0,4.0,4.0,2,1,5,4,4,4,4,5,4.0,0,0,0,0,0,3,3,1,1,1,0,0,0.0,0.0,1.0,3.0,0,
Company1253,10/13/2006,New York,Tech,Finance,1,1.0,4.0,4.0,2,1,1,4,4,4,5,2,4.0,0,0,0,0,0,1,1,1,1,1,0,0,0.0,0.0,1.0,3.0,0,34479000.0
Company1254,01/14/2011,San Francisco,Tech,Services,12,7.5,6.0,6.0,4,4,10,10,10,10,4,10,7.5,9,2,12,12,12,5,15,3,4,25,6,8,7.5,2.5,10.0,7.5,20,
Company1255,02/19/2004,San Francisco,Tech,Finance,2,5.0,4.0,4.0,2,4,5,5,5,5,5,5,5.0,0,0,0,0,0,1,1,1,2,1,0,0,0.0,0.0,4.0,1.0,0,
Company1256,01/20/2012,San Francisco,Tech,Services,12,7.5,6.0,6.0,1,2,2,5,5,5,1,5,5.0,0,0,0,0,9,2,1,1,1,1,0,0,0.0,0.0,12.5,3.0,0,
Company1257,11/05/2011,Boston,Non-Tech,Services,1,2.0,3.0,5.0,2,1,5,4,4,5,2,5,5.0,4,0,0,0,0,2,1,1,1,1,0,4,0.0,2.0,1.0,3.0,0,
Company1258,10/23/2004,San Francisco,Tech,Services,2,5.0,4.0,4.0,2,2,5,3,5,5,2,3,5.0,0,0,0,2,0,4,5,1,1,5,0,0,0.0,0.0,5.0,1.0,0,
Company1259,07/09/2013,San Francisco,Tech,Services,9,4.5,3.0,7.5,2,3,6,8,10,10,6,6,7.5,0,0,0,0,0,1,6,1,3,10,0,0,0.0,0.0,3.0,2.0,0,
Company1260,08/18/2012,Indianapolis,Non-Tech,Services,2,3.0,5.0,4.0,2,2,5,5,5,5,4,5,5.0,2,3,2,2,4,4,1,2,1,2,1,3,1.0,4.0,2.0,1.0,4,
Company1261,05/12/2013,San Francisco,Tech,Finance,3,3.0,4.0,4.0,2,2,5,4,4,4,3,4,4.0,0,0,0,0,0,4,1,1,1,1,0,0,0.0,0.0,1.0,3.0,0,
Company1262,02/21/2013,San Francisco,Tech,Services,3,5.0,4.0,5.0,2,2,5,5,5,5,1,5,5.0,0,0,0,0,0,3,1,1,2,1,0,0,0.0,3.0,3.0,3.0,0,
Company1263,04/13/2007,Seattle,Non-Tech,Finance,6,6.0,6.0,6.0,2,6,10,5,4,10,4,10,7.5,0,0,0,0,0,10,3,6,1,20,0,0,0.0,0.0,10.0,7.5,0,
Company1264,12/18/1998,San Francisco,Tech,Other,5,4.0,4.0,4.0,2,2,5,5,4,4,1,4,4.0,0,0,0,0,5,5,2,3,2,4,0,0,1.0,3.0,2.0,3.0,4,
Company1265,04/28/2012,San Francisco,Tech,Services,4,5.0,4.5,4.0,4,2,10,8,5,8,6,5,4.0,3,4,12,3,0,25,1,1,3,10,2,0,0.0,0.0,2.0,3.0,15,
Company1266,09/15/2007,Chicago,Non-Tech,Finance,6,4.5,6.0,7.5,6,4,10,10,5,10,2,10,7.5,0,0,0,0,0,20,1,3,1,1,0,0,0.0,0.0,5.0,5.0,0,
Company1267,03/26/2005,San Jose,Tech,Finance,1,5.0,4.0,3.0,2,2,5,5,4,10,2,4,7.5,0,0,0,0,0,2,1,1,2,1,0,0,0.0,0.0,1.0,3.0,0,
Company1268,06/26/2010,Boulder,Non-Tech,Finance,1,1.0,4.0,4.0,2,1,1,4,4,4,4,5,5.0,0,0,0,0,0,2,3,1,1,1,0,0,0.0,0.0,2.0,3.0,0,
Company1269,06/16/2012,San Jose,Tech,Finance,1,2.0,0.0,5.0,3,1,1,4,4,5,3,4,5.0,0,0,0,0,0,1,1,1,1,1,0,0,0.0,0.0,1.0,3.0,0,
Company1270,05/05/2007,San Francisco,Tech,Services,3,5.0,4.0,4.0,2,3,5,5,5,5,3,5,5.0,2,2,2,4,3,2,2,1,1,1,4,3,1.0,4.0,1.0,3.0,5,
Company1271,03/01/2008,Los Angeles,Non-Tech,Finance,12,7.5,6.0,6.0,2,4,10,5,8,10,8,8,7.5,0,0,0,0,0,5,15,9,2,25,0,0,10.0,12.5,10.0,7.5,0,
Company1272,11/22/2007,Denver,Non-Tech,Finance,2,6.0,6.0,6.0,2,4,10,10,8,10,3,10,7.5,0,0,0,0,0,5,5,3,1,5,0,0,0.0,0.0,2.5,7.5,0,
Company1273,11/05/2008,Atlanta,Non-Tech,Services,2,2.0,5.0,5.0,2,3,5,4,4,5,3,5,5.0,1,2,0,0,3,5,3,1,2,3,0,5,3.0,3.0,2.0,2.0,3,
Company1274,08/18/2012,Tucson,Non-Tech,Services,2,3.0,3.0,4.0,2,2,5,4,5,5,2,5,5.0,2,3,4,3,0,3,4,2,2,4,0,3,0.0,4.0,5.0,3.0,0,
Company1275,09/26/2003,San Francisco,Tech,Finance,5,4.0,5.0,4.0,1,3,5,5,5,5,2,5,5.0,0,4,4,4,0,2,5,2,4,1,4,3,1.0,5.0,5.0,2.0,0,
Company1276,05/16/2008,Chicago,Non-Tech,Finance,3,4.0,4.0,3.0,1,2,3,5,4,5,1,4,4.0,3,2,0,0,0,3,4,1,1,1,0,0,0.0,2.0,2.0,3.0,0,
Company1277,02/11/1998,San Francisco,Tech,Services,4,7.5,6.0,7.5,2,8,5,6,5,5,1,5,6.0,0,8,12,9,5,1,5,1,1,2,5,10,10.0,2.5,12.5,2.5,5,
Company1278,08/14/2009,San Francisco,Tech,Finance,2,4.0,4.0,4.0,2,4,5,5,5,5,2,5,5.0,1,0,0,0,5,3,5,1,4,1,0,0,0.0,0.0,3.0,3.0,1,
Company1279,10/18/2012,San Francisco,Tech,Finance,4,5.0,4.0,5.0,1,3,5,5,5,5,1,5,5.0,0,0,0,0,0,3,5,2,5,3,0,0,0.0,0.0,5.0,1.0,0,
Company1280,02/19/2010,Las Vegas,Non-Tech,Finance,3,5.0,5.0,3.0,1,2,5,4,5,5,2,5,5.0,3,4,5,3,4,5,5,2,3,3,0,0,3.0,1.0,3.0,3.0,0,
Company1281,12/23/2011,Los Angeles,Non-Tech,Finance,2,4.0,4.0,4.0,2,2,5,5,4,5,2,4,5.0,0,0,0,0,0,5,1,4,1,1,0,0,0.0,0.0,4.0,1.0,0,
Company1282,11/16/2012,San Francisco,Tech,Finance,4,5.0,4.0,4.0,2,2,5,4,5,5,4,5,5.0,0,0,0,0,0,3,4,1,3,1,0,0,0.0,0.0,2.0,3.0,0,
Company1283,12/21/2013,San Jose,Tech,Finance,3,5.0,4.0,3.0,1,2,5,5,5,5,1,5,5.0,0,0,0,0,0,1,1,1,1,1,0,0,0.0,0.0,1.0,3.0,0,17561000.0
Company1284,11/12/2010,San Francisco,Tech,Finance,4,5.0,4.0,4.0,1,3,5,5,5,5,2,5,5.0,3,4,0,0,0,5,4,1,2,2,0,3,0.0,5.0,2.0,3.0,0,
Company1285,10/22/2006,New York,Tech,Finance,3,6.0,6.0,6.0,4,6,10,3,10,10,2,10,7.5,0,0,0,0,0,5,6,3,2,5,0,0,0.0,0.0,5.0,7.5,0,
Company1286,04/28/2012,San Francisco,Tech,Services,9,7.5,4.5,6.0,4,4,5,8,8,8,4,3,4.0,0,4,12,0,3,25,5,3,5,10,2,4,7.5,0.0,7.5,7.5,0,
Company1287,11/25/2009,Los Angeles,Non-Tech,Finance,2,4.0,4.0,4.0,2,2,5,5,5,5,1,5,5.0,1,2,0,0,4,2,1,2,4,1,0,4,0.0,1.0,2.0,3.0,0,
Company1288,06/13/2009,San Francisco,Tech,Finance,3,5.0,5.0,6.0,4,5,5,3,4,8,10,3,4.0,4,0,0,0,0,5,15,15,3,5,0,0,0.0,3.0,12.5,2.5,0,
Company1289,05/01/1997,Los Angeles,Non-Tech,Finance,2,4.0,4.0,4.0,2,2,5,3,4,5,5,4,5.0,4,2,3,1,4,5,5,2,1,4,3,3,2.0,2.0,4.0,3.0,0,
Company1290,12/28/2011,San Francisco,Tech,Services,5,5.0,4.0,4.0,2,2,5,3,4,4,5,3,4.0,0,0,0,0,0,3,5,1,1,1,0,0,0.0,0.0,4.0,2.0,0,
Company1291,12/20/1997,Chicago,Non-Tech,Services,4,5.0,4.0,4.0,2,1,5,5,4,5,3,5,5.0,4,4,5,5,5,5,5,2,4,4,0,0,0.0,0.0,2.0,2.0,4,
Company1292,10/10/2011,San Francisco,Tech,Finance,4,5.0,4.0,4.0,1,3,5,4,4,4,3,4,4.0,0,1,0,1,3,3,2,1,2,1,0,0,4.0,2.0,3.0,3.0,3,
Company1293,05/05/2007,Buffalo,Non-Tech,Finance,2,3.0,4.0,4.0,1,2,5,4,4,5,3,4,5.0,0,0,0,0,0,3,2,1,1,3,0,0,0.0,0.0,2.0,3.0,0,
Company1294,05/18/2011,Boston,Non-Tech,Finance,3,3.0,5.0,4.0,2,2,5,4,5,5,3,5,5.0,0,0,0,0,0,5,4,2,3,4,0,0,0.0,0.0,2.0,3.0,0,
Company1295,03/16/2007,San Francisco,Tech,Finance,4,4.0,2.0,4.0,3,1,5,4,4,5,3,4,5.0,0,0,0,0,0,4,2,2,1,2,0,0,0.0,0.0,2.0,3.0,0,
Company1296,10/06/2010,San Francisco,Tech,Finance,4,5.0,4.0,4.0,2,2,5,4,4,4,3,4,5.0,2,0,0,0,0,3,5,2,3,2,4,0,0.0,4.0,3.0,3.0,3,
Company1297,03/18/2011,Indianapolis,Non-Tech,Services,3,4.0,4.0,4.0,2,2,10,3,4,10,5,4,4.0,0,0,0,0,0,5,5,3,2,4,0,0,0.0,0.0,5.0,2.0,0,
Company1298,06/23/2009,Boulder,Non-Tech,Services,2,3.0,4.0,3.0,2,2,5,4,5,5,4,5,4.0,5,4,0,1,4,3,5,3,2,3,0,5,5.0,2.0,3.0,3.0,2,
Company1299,01/04/2014,San Francisco,Tech,Services,4,5.0,4.0,4.0,1,3,5,5,5,5,2,5,5.0,0,0,0,0,0,5,4,1,3,4,0,0,0.0,0.0,2.0,2.0,0,
Company1300,07/17/2009,San Francisco,Tech,Services,3,5.0,3.0,5.0,1,2,5,5,5,5,1,5,5.0,0,2,4,3,4,4,4,1,2,1,1,0,0.0,3.0,1.0,3.0,0,
Company1301,08/20/2004,San Francisco,Tech,Services,4,5.0,4.0,3.0,1,8,5,4,5,5,10,5,5.0,4,4,5,1,3,5,5,2,5,2,3,2,2.0,2.0,3.0,2.0,5,
Company1302,08/13/2009,San Francisco,Tech,Finance,4,5.0,4.0,5.0,2,2,5,3,4,4,5,5,4.0,0,0,0,0,0,5,5,4,5,5,0,0,0.0,0.0,5.0,1.0,0,
Company1303,06/06/2003,Indianapolis,Non-Tech,Finance,5,5.0,4.0,4.0,6,4,5,4,10,10,4,10,5.0,0,0,0,0,0,20,5,3,1,5,0,0,0.0,0.0,5.0,1.0,0,
Company1304,11/19/2009,Pittsburgh,Non-Tech,Services,3,1.5,4.0,4.5,6,2,2,10,10,10,4,5,7.5,0,0,0,0,0,5,3,3,1,5,0,0,0.0,0.0,2.5,7.5,0,
Company1305,12/16/2009,San Francisco,Tech,Services,3,2.0,4.0,4.0,2,2,5,3,4,5,5,5,5.0,3,4,3,2,3,4,5,5,4,5,5,5,3.0,2.0,5.0,1.0,3,
Company1306,09/26/2009,San Francisco,Tech,Services,4,5.0,4.0,4.0,2,2,5,4,4,4,4,5,3.0,0,0,5,0,0,5,5,3,4,4,0,0,3.0,0.0,2.0,3.0,0,
Company1307,04/09/2011,San Diego,Non-Tech,Finance,12,7.5,4.5,4.0,4,4,5,4,8,5,10,6,6.0,3,0,0,0,0,15,12,9,3,5,0,0,4.0,0.0,5.0,7.5,4,
Company1308,04/12/2013,Los Angeles,Non-Tech,Services,2,2.0,4.0,4.0,3,1,1,5,5,5,2,4,5.0,0,0,0,0,0,3,3,2,2,1,0,0,0.0,0.0,2.0,1.0,0,
Company1309,03/05/1996,San Francisco,Tech,Services,5,5.0,4.0,4.0,2,2,5,4,4,4,4,3,4.0,2,2,4,0,4,4,3,1,3,1,1,0,1.0,3.0,3.0,1.0,5,
Company1310,05/12/2013,San Francisco,Tech,Finance,5,5.0,4.0,4.0,1,5,5,4,4,4,4,4,4.0,0,0,0,0,0,4,1,3,1,2,0,0,0.0,0.0,5.0,3.0,0,
Company1311,07/30/2010,San Jose,Tech,Services,5,5.0,4.0,4.0,2,2,5,5,4,4,2,4,4.0,4,8,12,5,4,5,15,2,3,25,0,2,3.0,5.0,2.0,3.0,5,
Company1312,06/06/2013,San Francisco,Tech,Finance,2,5.0,4.0,4.0,2,2,5,4,4,4,3,4,4.0,0,0,0,0,0,4,4,2,2,2,0,0,0.0,0.0,2.0,3.0,0,
Company1313,12/17/2013,Louisville,Non-Tech,Services,12,7.5,6.0,6.0,4,6,5,8,8,8,8,8,5.0,0,0,0,0,0,15,15,6,1,10,0,0,0.0,0.0,7.5,5.0,0,
Company1314,06/28/2012,Boulder,Non-Tech,Finance,3,4.0,4.0,3.0,2,2,5,4,5,4,1,5,5.0,0,0,0,0,0,3,1,1,1,1,0,0,0.0,0.0,2.0,3.0,3,
Company1315,12/17/2006,San Francisco,Tech,Finance,2,3.0,4.0,4.0,1,5,5,4,4,5,3,4,5.0,0,0,0,0,0,2,1,1,1,1,0,0,0.0,0.0,2.0,3.0,0,
Company1316,03/15/2011,Columbus,Non-Tech,Finance,2,5.0,4.0,4.0,1,1,3,4,5,4,3,5,4.0,0,0,0,0,0,3,5,1,2,1,0,0,0.0,5.0,1.0,3.0,5,
Company1317,06/04/1996,Riverside,Non-Tech,Finance,4,5.0,4.0,4.0,2,2,5,5,5,5,2,5,5.0,2,0,3,1,0,3,5,4,4,5,0,1,1.0,2.0,2.0,3.0,0,
Company1318,01/16/1999,San Francisco,Tech,Finance,4,5.0,2.0,5.0,2,1,5,4,4,5,4,4,5.0,0,0,0,0,0,4,5,1,3,1,0,0,0.0,0.0,1.0,3.0,0,
Company1319,08/20/2011,San Francisco,Tech,Finance,3,4.0,4.0,4.0,4,3,5,5,5,5,3,5,5.0,0,0,0,0,0,1,3,2,3,3,0,0,0.0,0.0,2.0,3.0,0,
Company1320,05/09/2008,New York,Tech,Finance,3,5.0,5.0,3.0,1,5,5,5,5,5,2,5,5.0,0,0,0,0,0,2,5,2,4,3,0,0,0.0,0.0,3.0,3.0,0,30283000.0
Company1321,10/24/2006,Denver,Non-Tech,Services,2,2.0,6.0,4.0,3,3,4,10,5,5,3,5,5.0,0,2,3,1,3,20,3,1,3,3,2,5,3.0,0.0,2.5,2.0,3,
Company1322,03/06/2009,San Francisco,Tech,Finance,3,4.0,4.0,5.0,1,3,4,4,5,5,2,4,5.0,0,0,0,0,0,1,1,1,2,1,0,0,0.0,0.0,2.0,3.0,0,
Company1323,06/06/2013,Los Angeles,Non-Tech,Services,4,5.0,6.0,5.0,2,3,5,8,5,4,3,5,4.0,6,4,12,0,5,25,3,6,2,4,0,2,2.5,0.0,3.0,3.0,0,
Company1324,02/26/2011,New York,Tech,Services,5,5.0,4.0,4.0,1,2,5,5,4,4,1,5,4.0,0,0,3,0,0,3,2,1,4,1,1,0,0.0,0.0,4.0,2.0,0,
Company1325,04/26/2013,San Francisco,Tech,Finance,5,5.0,4.0,5.0,2,2,5,4,4,4,5,4,5.0,0,0,0,0,0,5,2,1,1,3,0,0,0.0,0.0,5.0,3.0,0,
Company1326,10/21/2011,San Antonio,Non-Tech,Services,3,3.0,4.0,3.0,1,2,5,4,5,5,1,5,5.0,3,0,0,3,3,3,5,2,2,4,0,4,3.0,5.0,2.0,3.0,5,
Company1327,09/21/2012,San Francisco,Tech,Finance,2,3.0,4.0,4.0,2,3,5,4,4,5,3,5,5.0,0,2,0,1,4,3,4,1,1,1,2,0,0.0,0.0,3.0,3.0,5,
Company1328,10/14/2013,Jacksonville,Non-Tech,Finance,3,7.5,4.0,3.0,2,2,5,4,5,8,4,5,5.0,0,0,0,0,4,25,5,3,3,4,0,0,0.0,0.0,2.0,2.5,0,
Company1329,01/16/1999,San Francisco,Tech,Finance,4,5.0,4.0,4.0,2,5,5,5,4,5,3,4,4.0,0,0,0,0,0,2,5,3,3,1,0,0,0.0,0.0,4.0,3.0,0,
Company1330,12/31/1997,New York,Tech,Services,3,5.0,3.0,4.0,4,3,5,5,4,5,2,5,5.0,3,5,5,4,4,2,5,2,3,2,3,5,3.0,1.0,4.0,3.0,5,
Company1331,11/05/2011,San Francisco,Tech,Finance,3,3.0,4.0,4.0,2,2,5,4,5,4,4,4,4.0,0,0,0,0,0,3,4,2,3,1,0,0,0.0,0.0,2.0,3.0,0,
Company1332,12/17/2006,Los Angeles,Non-Tech,Services,1,3.0,4.0,5.0,2,2,1,5,4,5,2,5,5.0,0,0,0,0,0,1,1,1,1,1,0,0,0.0,0.0,2.0,3.0,0,
Company1333,09/10/1998,San Francisco,Tech,Other,5,5.0,4.0,4.0,2,2,5,4,4,4,4,3,4.0,0,0,0,0,0,5,5,5,3,1,0,0,0.0,0.0,3.0,1.0,0,
Company1334,04/22/2008,"Washington, D.C.",Non-Tech,Finance,2,4.0,4.0,3.0,1,2,3,5,5,5,5,5,5.0,0,0,0,0,0,4,1,1,2,4,0,0,0.0,0.0,2.0,3.0,0,
Company1335,04/21/2007,Denver,Non-Tech,Finance,5,7.5,6.0,6.0,1,2,5,4,4,4,5,4,4.0,0,0,0,0,0,4,5,2,2,1,0,0,0.0,0.0,3.0,3.0,0,
Company1336,06/24/2011,Baltimore,Non-Tech,Services,2,3.0,4.0,4.0,2,2,5,5,4,5,5,4,5.0,3,2,4,1,4,4,4,2,1,2,2,2,2.0,1.0,1.0,3.0,5,
Company1337,11/26/2009,Tucson,Non-Tech,Finance,4,5.0,5.0,4.0,1,4,5,4,5,4,3,5,4.0,3,0,4,0,0,5,2,2,3,2,0,4,3.0,2.0,2.0,3.0,2,
Company1338,07/13/1998,San Francisco,Tech,Services,12,7.5,6.0,6.0,2,8,10,10,10,10,4,10,7.5,15,10,15,15,12,10,9,6,3,5,10,10,12.5,5.0,5.0,7.5,20,25512000.0
Company1339,02/09/2000,Los Angeles,Non-Tech,Other,3,3.0,4.0,4.0,1,2,5,4,10,5,2,5,5.0,0,0,0,0,0,5,3,3,2,4,0,0,0.0,0.0,3.0,3.0,0,
Company1340,10/23/1999,San Jose,Tech,Other,2,5.0,4.0,4.0,2,2,5,4,5,5,5,5,5.0,0,5,0,0,0,1,1,3,2,1,5,0,0.0,4.0,2.0,3.0,0,
Company1341,05/01/2013,New York,Tech,Finance,2,3.0,4.0,7.5,1,1,5,5,5,10,2,5,5.0,9,0,0,0,0,1,1,1,2,1,0,0,0.0,0.0,5.0,3.0,25,
Company1342,03/24/2009,San Francisco,Tech,Services,4,3.0,4.0,5.0,1,4,5,4,4,4,5,3,4.0,3,4,3,1,4,5,5,5,5,3,5,5,1.0,4.0,5.0,2.0,5,
Company1343,12/31/1997,Pittsburgh,Non-Tech,Services,3,5.0,3.0,5.0,4,2,5,5,4,4,5,4,4.0,4,5,5,3,4,5,5,2,3,2,3,4,3.0,1.0,3.0,3.0,5,
Company1344,10/25/2013,San Francisco,Tech,Finance,12,7.5,4.0,5.0,4,6,5,8,8,8,10,5,6.0,0,0,0,0,0,25,4,15,3,5,0,0,0.0,0.0,5.0,2.5,0,
Company1345,08/11/2010,San Francisco,Tech,Finance,2,3.0,4.0,5.0,2,3,5,4,4,5,3,4,5.0,0,0,0,0,0,2,1,1,2,1,0,0,0.0,0.0,4.0,3.0,0,
Company1346,11/17/1995,San Francisco,Tech,Finance,5,5.0,5.0,4.0,1,5,5,5,8,4,3,4,4.0,0,0,0,0,0,5,5,2,2,2,0,0,0.0,0.0,4.0,5.0,0,
Company1347,10/04/2013,Boulder,Non-Tech,Finance,12,7.5,4.0,6.0,4,4,10,8,8,10,10,8,7.5,0,0,0,0,0,20,15,2,1,15,0,0,0.0,0.0,5.0,7.5,0,
Company1348,05/16/2008,San Francisco,Tech,Services,3,5.0,4.0,4.0,1,3,5,3,4,5,1,5,5.0,0,0,0,0,0,3,5,4,5,2,0,0,0.0,0.0,2.0,3.0,0,
Company1349,08/26/2000,Philadelphia,Non-Tech,Other,4,5.0,5.0,4.0,1,5,5,4,4,5,3,4,5.0,0,0,0,0,0,4,5,1,4,1,0,4,0.0,0.0,5.0,3.0,0,
Company1350,11/12/2010,Los Angeles,Non-Tech,Services,4,5.0,4.0,4.0,2,3,5,4,4,5,2,5,5.0,3,4,4,3,5,5,4,2,2,2,0,3,2.0,0.0,2.0,3.0,5,
Company1351,07/17/2009,New York,Tech,Services,4,5.0,3.0,4.0,2,2,5,5,5,5,5,5,5.0,3,2,4,3,4,3,4,1,2,1,1,1,1.0,3.0,2.0,2.0,0,
Company1352,08/19/2006,San Francisco,Tech,Finance,3,5.0,4.0,5.0,1,2,5,4,4,5,4,4,5.0,0,5,0,0,0,5,5,4,3,2,0,0,0.0,0.0,4.0,1.0,0,
Company1353,11/19/2009,Los Angeles,Non-Tech,Services,3,4.0,4.5,4.5,2,2,2,10,4,10,5,3,5.0,0,0,0,1,3,5,3,3,1,5,3,3,0.0,2.0,1.0,3.0,5,
Company1354,05/05/2007,San Francisco,Tech,Finance,2,4.0,4.0,4.0,2,3,5,4,5,5,3,4,4.0,0,0,0,0,0,3,3,2,1,1,0,0,0.0,0.0,1.0,3.0,0,
Company1355,12/20/2003,Philadelphia,Non-Tech,Services,4,5.0,4.0,4.0,2,2,5,3,5,5,5,4,5.0,0,0,0,5,4,1,1,5,3,5,3,5,5.0,3.0,2.0,3.0,3,
Company1356,02/21/2013,San Francisco,Tech,Services,2,5.0,4.0,4.0,2,1,5,3,5,5,4,5,5.0,3,0,0,4,4,3,1,2,2,1,5,0,4.0,3.0,1.0,3.0,0,
Company1357,06/17/2010,New York,Tech,Services,1,1.0,5.0,4.0,2,4,1,4,5,10,5,5,5.0,0,0,4,2,0,2,1,2,1,5,3,0,3.0,5.0,2.0,3.0,0,
Company1358,02/27/2013,San Francisco,Tech,Services,2,2.0,4.0,4.0,2,1,2,4,5,5,3,5,5.0,0,0,0,0,3,3,3,1,1,2,0,0,0.0,0.0,2.0,1.0,0,
Company1359,02/27/2013,Los Angeles,Non-Tech,Finance,2,4.5,3.0,4.0,2,1,6,4,5,5,3,5,5.0,0,0,0,0,0,3,3,3,1,2,0,0,0.0,0.0,2.0,7.5,0,
Company1360,02/09/2010,San Francisco,Tech,Services,4,5.0,4.0,4.0,1,3,5,5,5,5,2,5,5.0,2,4,4,2,4,5,3,1,3,5,3,3,3.0,4.0,2.0,2.0,5,
Company1361,10/28/2008,Boulder,Non-Tech,Services,12,5.0,4.0,6.0,2,1,3,10,10,5,3,10,5.0,0,4,0,0,0,3,9,3,2,3,0,5,3.0,0.0,4.0,3.0,5,
Company1362,09/08/2010,Detroit,Non-Tech,Finance,4,3.0,4.0,5.0,2,2,5,5,5,5,6,4,5.0,5,0,2,0,0,2,3,5,5,1,0,0,0.0,0.0,5.0,0.0,3,
Company1363,09/13/2006,Bellevue,Non-Tech,Finance,3,3.0,4.0,4.0,2,3,5,4,5,5,2,4,5.0,3,0,0,0,4,1,5,3,1,3,0,4,4.0,5.0,2.0,2.0,4,
Company1364,10/15/2012,New York,Tech,Finance,3,4.0,4.0,4.0,2,2,5,4,5,5,4,5,5.0,0,0,0,0,0,3,5,3,1,2,0,0,0.0,0.0,2.0,3.0,3,
Company1365,10/18/2012,San Francisco,Tech,Finance,4,5.0,2.0,4.0,2,3,5,4,4,4,3,5,5.0,0,0,0,0,0,5,1,2,5,2,0,0,0.0,0.0,1.0,3.0,0,
Company1366,06/05/1999,Phoenix,Non-Tech,Services,2,7.5,2.0,4.0,2,3,5,4,5,5,4,10,5.0,0,0,0,0,0,1,1,2,1,1,0,0,0.0,0.0,1.0,7.5,0,
Company1367,04/17/2009,San Francisco,Tech,Finance,4,5.0,3.0,4.0,2,2,1,5,4,5,2,4,5.0,0,0,0,0,0,5,5,2,2,4,0,0,0.0,0.0,2.0,2.0,0,
Company1368,06/17/2010,Phoenix,Non-Tech,Services,1,1.0,5.0,4.0,1,4,1,4,4,5,3,4,5.0,4,4,4,2,3,2,3,2,1,1,3,2,3.0,0.0,2.0,3.0,4,
Company1369,08/20/2011,New York,Tech,Finance,12,4.0,4.0,4.0,1,4,5,5,5,5,1,8,7.5,0,0,0,0,0,1,15,9,4,3,0,0,0.0,0.0,2.0,3.0,0,
Company1370,06/01/2012,Philadelphia,Non-Tech,Finance,4,3.0,2.0,4.0,1,1,5,3,5,4,1,4,4.0,1,2,0,1,3,1,3,1,1,5,0,0,4.0,0.0,1.0,3.0,5,
Company1371,10/15/2011,San Francisco,Tech,Finance,4,5.0,4.0,5.0,2,2,5,4,5,5,2,5,5.0,0,0,0,1,0,2,4,1,3,4,0,0,0.0,0.0,3.0,3.0,0,
Company1372,07/16/2012,Oakland,Non-Tech,Services,2,3.0,4.0,5.0,2,1,1,4,5,5,2,5,5.0,0,4,0,0,0,3,3,2,2,2,4,4,2.0,3.0,1.0,3.0,5,
Company1373,06/04/1996,Atlanta,Non-Tech,Finance,1,5.0,5.0,4.0,2,3,1,4,5,5,5,3,5.0,0,1,0,0,0,3,1,4,4,1,0,0,1.0,0.0,1.0,1.0,0,
Company1374,05/18/2011,Seattle,Non-Tech,Services,3,7.5,4.0,5.0,2,4,10,8,5,5,3,5,5.0,0,0,0,0,0,25,4,2,3,4,0,0,0.0,0.0,3.0,3.0,0,
Company1375,11/13/2009,Seattle,Non-Tech,Finance,3,4.0,3.0,5.0,2,1,5,5,5,5,1,10,5.0,0,0,0,0,0,4,5,1,1,1,0,0,0.0,0.0,2.0,3.0,0,
Company1376,05/18/1998,"Washington, D.C.",Non-Tech,Services,6,4.5,6.0,6.0,2,4,10,8,8,8,3,5,6.0,15,10,0,9,12,25,15,6,3,20,8,10,0.0,2.5,7.5,5.0,20,
Company1377,02/01/2012,San Francisco,Tech,Services,15,7.5,4.5,6.0,4,4,10,10,10,10,4,10,7.5,3,2,6,3,12,20,3,3,2,5,6,6,7.5,12.5,5.0,7.5,10,
Company1378,05/12/2013,Seattle,Non-Tech,Finance,3,6.0,6.0,4.0,4,4,10,4,4,10,3,10,7.5,0,0,0,0,0,4,1,1,4,20,0,0,0.0,0.0,2.0,5.0,0,
Company1379,10/21/2011,San Francisco,Tech,Services,4,2.0,4.0,3.0,1,3,1,5,5,5,1,5,5.0,0,4,0,0,3,2,1,1,4,1,5,0,0.0,0.0,2.0,3.0,0,
Company1380,08/25/2006,New York,Tech,Services,2,2.0,4.0,4.0,2,2,4,4,5,5,3,5,5.0,3,0,4,3,0,3,5,1,5,2,0,3,2.0,5.0,2.0,3.0,0,
Company1381,11/08/2013,San Francisco,Tech,Services,3,5.0,5.0,4.0,3,5,5,4,4,5,5,4,5.0,3,0,0,0,4,5,4,5,1,3,2,2,0.0,2.0,1.0,3.0,0,
Company1382,09/07/2010,Omaha,Non-Tech,Finance,4,5.0,4.0,5.0,3,2,5,5,5,5,5,5,5.0,3,3,3,0,0,5,5,2,5,3,1,1,1.0,1.0,5.0,1.0,5,
Company1383,05/01/2009,San Francisco,Tech,Finance,4,4.0,4.0,5.0,2,2,5,5,5,5,2,5,5.0,0,0,0,0,0,4,4,1,3,1,0,0,0.0,0.0,3.0,3.0,0,
Company1384,04/06/1998,Boulder,Non-Tech,Finance,3,3.0,3.0,4.0,2,4,5,4,10,5,2,10,5.0,0,0,0,0,0,5,3,2,1,5,5,0,0.0,0.0,2.5,7.5,0,
Company1385,11/14/2012,San Jose,Tech,Services,4,5.0,4.0,4.0,2,2,5,5,5,5,3,5,5.0,3,2,4,2,4,4,1,1,3,1,2,2,2.0,3.0,3.0,2.0,5,
Company1386,07/23/2011,Boston,Non-Tech,Finance,1,1.0,5.0,3.0,1,1,1,3,4,5,1,5,5.0,0,4,0,0,0,1,1,1,1,1,0,0,0.0,0.0,1.0,3.0,0,
Company1387,09/15/2006,Los Angeles,Non-Tech,Services,3,6.0,4.0,4.0,2,4,5,4,5,5,6,10,5.0,3,0,4,0,5,5,15,4,3,4,0,4,4.0,4.0,4.0,1.0,0,
Company1388,03/19/2009,Tucson,Non-Tech,Services,2,5.0,4.0,4.0,2,2,5,4,5,4,4,5,5.0,2,0,4,3,0,3,4,2,1,4,1,3,1.0,4.0,2.0,3.0,4,
Company1389,12/04/1999,San Jose,Tech,Finance,2,4.0,4.0,4.0,1,3,5,5,5,5,2,5,5.0,0,0,0,0,0,1,1,1,1,1,0,0,0.0,0.0,2.0,3.0,2,
Company1390,10/17/2008,New York,Tech,Services,4,5.0,4.0,4.0,2,2,5,5,5,5,2,4,5.0,1,2,4,1,0,3,2,1,1,1,1,1,0.0,2.0,2.0,3.0,0,
Company1391,08/02/1995,San Francisco,Tech,Services,3,5.0,4.0,5.0,2,2,5,5,4,4,4,2,5.0,2,1,5,1,4,3,5,1,1,1,0,4,4.0,4.0,3.0,2.0,5,
Company1392,08/23/2010,New York,Tech,Services,2,3.0,4.0,3.0,1,5,5,5,5,5,1,5,5.0,1,1,2,1,4,1,3,1,2,5,1,1,1.0,1.0,1.0,3.0,5,27407000.0
Company1393,11/22/2012,San Francisco,Tech,Services,4,5.0,4.0,4.0,2,2,5,5,4,4,4,5,4.0,3,0,4,0,4,3,5,3,3,1,0,3,0.0,2.0,2.0,2.0,0,
Company1394,01/16/2009,Philadelphia,Non-Tech,Services,4,5.0,4.0,4.0,1,2,5,5,5,5,2,5,5.0,3,3,5,3,4,4,5,5,3,3,3,3,3.0,4.0,3.0,2.0,4,
Company1395,11/21/2009,San Jose,Tech,Finance,3,5.0,4.0,4.0,2,2,5,5,5,5,4,5,5.0,3,4,4,2,4,5,5,1,3,1,2,2,2.0,4.0,2.0,3.0,0,
Company1396,06/13/2006,Miami,Non-Tech,Services,6,6.0,6.0,5.0,3,2,2,5,8,5,10,8,5.0,6,0,12,0,12,2,5,1,2,10,6,0,0.0,0.0,1.0,7.5,15,
Company1397,12/21/2012,Baltimore,Non-Tech,Finance,4,5.0,4.0,5.0,2,1,5,4,4,5,1,4,5.0,0,0,4,0,0,2,4,1,2,2,0,0,0.0,0.0,3.0,2.0,0,
Company1398,05/05/2007,Detroit,Non-Tech,Finance,3,3.0,4.0,4.0,1,2,5,5,4,5,3,4,5.0,0,0,0,0,0,2,1,1,1,2,0,0,0.0,0.0,2.0,3.0,0,
Company1399,09/28/2008,Chicago,Non-Tech,Finance,3,5.0,4.0,4.0,2,5,5,4,5,5,2,5,5.0,0,0,5,0,5,2,1,3,3,1,0,5,0.0,0.0,1.0,3.0,0,
Company1400,09/21/2012,Oklahoma City,Non-Tech,Services,4,2.0,4.0,4.0,2,3,4,5,4,5,3,4,5.0,1,2,3,1,4,5,3,1,1,3,2,1,2.0,3.0,3.0,3.0,5,
Company1401,06/24/2012,New York,Tech,Finance,4,4.0,4.0,3.0,1,2,5,4,5,5,4,5,5.0,2,0,4,0,0,3,4,4,2,3,0,3,0.0,1.0,2.0,1.0,0,
Company1402,04/22/2010,Denver,Non-Tech,Finance,4,5.0,4.0,3.0,1,5,5,5,5,5,5,5,5.0,0,0,0,0,0,4,5,5,4,2,0,5,3.0,2.0,4.0,2.0,0,
Company1403,02/16/2010,San Francisco,Tech,Services,2,3.0,4.0,6.0,4,2,10,5,8,10,10,5,7.5,0,0,0,0,0,25,2,1,1,1,6,0,0.0,0.0,3.0,7.5,10,
Company1404,06/06/2003,San Francisco,Tech,Other,5,4.0,4.0,4.0,1,5,5,4,4,4,4,5,4.0,0,0,0,0,0,3,1,3,4,2,0,0,0.0,0.0,5.0,1.0,0,
Company1405,10/22/2006,San Francisco,Tech,Services,2,7.5,4.0,4.0,1,4,5,10,8,8,6,5,7.5,1,2,4,1,0,5,6,3,2,1,2,4,4.0,5.0,2.0,3.0,5,
Company1406,08/19/2006,Los Angeles,Non-Tech,Finance,3,4.0,4.0,4.0,2,2,5,5,4,5,2,5,5.0,0,0,0,0,0,5,2,4,3,2,0,0,0.0,0.0,1.0,3.0,0,
Company1407,11/21/1999,San Jose,Tech,Finance,2,3.0,5.0,4.0,1,2,5,4,4,5,1,4,5.0,0,0,0,0,0,1,2,1,1,1,0,0,0.0,0.0,3.0,3.0,0,
Company1408,09/28/2010,San Jose,Tech,Finance,2,3.0,3.0,4.0,2,3,1,4,4,5,2,4,5.0,0,0,0,0,0,5,3,1,1,1,0,0,0.0,0.0,1.0,3.0,0,
Company1409,02/01/2012,San Francisco,Tech,Finance,4,7.5,4.0,6.0,2,2,10,10,10,4,4,10,7.5,6,0,6,0,0,3,3,2,3,5,1,0,7.5,12.5,3.0,7.5,4,
Company1410,11/12/2010,Philadelphia,Non-Tech,Services,3,4.0,4.0,4.0,2,2,5,5,5,5,1,5,5.0,0,4,0,0,5,5,1,1,1,1,2,3,2.0,5.0,1.0,3.0,0,
Company1411,03/06/2009,Houston,Non-Tech,Finance,3,4.0,4.0,5.0,2,3,5,4,5,4,2,5,5.0,0,0,0,0,0,1,5,1,1,1,0,0,0.0,0.0,5.0,3.0,0,
Company1412,02/11/2008,San Francisco,Tech,Finance,5,5.0,4.0,4.0,1,3,5,5,4,4,2,4,4.0,0,0,0,0,0,5,5,3,4,2,0,0,0.0,0.0,5.0,2.0,0,59066000.0
Company1413,09/15/2006,Boulder,Non-Tech,Finance,9,6.0,6.0,6.0,1,4,10,8,10,10,5,10,7.5,0,0,0,0,0,25,5,6,4,20,0,0,0.0,0.0,2.5,5.0,0,
Company1414,08/13/2009,San Francisco,Tech,Finance,4,5.0,5.0,4.0,1,2,5,4,4,4,4,4,4.0,0,0,0,0,0,5,5,5,5,2,0,0,5.0,0.0,5.0,3.0,4,
Company1415,06/18/2007,San Francisco,Tech,Finance,3,3.0,4.0,4.0,2,3,5,5,5,5,2,5,5.0,0,0,0,0,0,3,3,2,1,2,0,0,0.0,0.0,2.0,3.0,0,
Company1416,11/12/2013,Cincinnati,Non-Tech,Finance,2,3.0,4.0,4.0,2,1,1,4,4,5,3,4,5.0,0,0,0,0,0,1,1,1,1,1,0,0,0.0,0.0,1.0,3.0,0,17632000.0
Company1417,01/20/2012,San Francisco,Tech,Finance,15,7.5,6.0,4.0,2,3,10,6,8,5,10,6,6.0,1,8,12,9,9,25,15,15,5,3,10,1,10.0,2.5,12.5,2.5,20,
Company1418,06/13/2009,Mountain View,Non-Tech,Finance,3,5.0,4.0,4.0,1,2,5,3,4,5,4,3,4.0,4,0,5,5,5,3,5,1,4,2,5,5,5.0,0.0,4.0,1.0,5,
Company1419,02/09/2000,Phoenix,Non-Tech,Finance,3,5.0,3.0,4.0,2,4,5,5,5,5,2,5,5.0,0,0,4,0,0,3,1,1,1,1,0,0,0.0,5.0,2.0,3.0,0,
Company1420,04/01/2000,San Francisco,Tech,Finance,12,5.0,4.0,4.0,2,2,5,4,4,5,4,4,4.0,0,0,0,0,0,3,5,2,3,2,0,0,0.0,0.0,3.0,3.0,0,
Company1421,10/23/1999,San Francisco,Tech,Other,4,5.0,5.0,3.0,1,3,5,5,5,4,2,5,5.0,3,5,2,4,4,2,5,3,3,1,5,5,5.0,4.0,4.0,3.0,5,
Company1422,03/05/1996,San Francisco,Tech,Services,4,3.0,4.0,4.0,2,2,5,4,4,4,5,3,4.0,2,2,0,0,4,4,5,1,3,2,1,4,0.0,3.0,3.0,1.0,5,
Company1423,05/18/2011,Boulder,Non-Tech,Services,3,3.0,5.0,4.0,2,2,5,4,5,5,3,5,5.0,0,0,0,0,0,5,4,2,3,4,0,0,0.0,0.0,2.0,3.0,5,
Company1424,03/06/2009,San Francisco,Tech,Finance,3,4.0,4.0,5.0,1,3,5,5,5,5,2,5,5.0,0,0,0,0,0,1,1,1,2,1,0,0,0.0,0.0,2.0,3.0,0,
Company1425,02/29/2012,San Francisco,Tech,Finance,3,4.0,4.0,3.0,2,2,5,4,5,5,4,4,5.0,0,0,0,0,0,3,5,1,1,1,0,0,0.0,0.0,1.0,3.0,0,
Company1426,02/26/1998,San Francisco,Tech,Finance,2,7.5,4.5,6.0,4,6,10,10,10,10,2,10,7.5,0,0,0,0,0,10,12,6,2,15,0,0,0.0,0.0,7.5,5.0,0,
Company1427,03/03/2012,San Francisco,Tech,Services,12,7.5,6.0,6.0,4,5,10,8,8,8,3,5,6.0,0,0,0,0,0,15,15,6,4,10,0,0,0.0,0.0,7.5,5.0,0,
Company1428,06/24/2012,Nashville,Non-Tech,Finance,4,4.0,4.0,3.0,2,2,5,4,4,5,4,5,4.0,0,0,0,0,0,4,5,2,2,2,0,0,0.0,0.0,3.0,3.0,0,
Company1429,04/22/2008,San Francisco,Tech,Finance,4,4.0,4.0,5.0,2,2,5,5,5,5,2,5,5.0,0,0,0,0,0,1,1,1,2,1,0,0,0.0,0.0,2.0,3.0,0,
Company1430,02/11/1998,San Francisco,Tech,Services,4,5.0,4.0,4.0,2,2,5,4,4,5,3,5,3.0,5,3,4,2,5,4,5,3,1,4,5,5,1.0,2.0,3.0,2.0,5,
Company1431,11/08/2013,Baltimore,Non-Tech,Services,3,5.0,4.0,4.0,1,2,5,4,4,4,3,4,4.0,2,0,0,0,4,5,4,1,1,3,2,0,2.0,0.0,1.0,3.0,5,
Company1432,05/15/2012,San Jose,Tech,Finance,4,5.0,4.0,5.0,2,3,1,5,5,4,2,5,5.0,1,0,4,2,1,3,1,1,3,1,1,0,0.0,4.0,2.0,3.0,0,
Company1433,10/23/2004,Chicago,Non-Tech,Finance,2,4.0,4.0,4.0,1,2,5,5,5,5,2,5,5.0,0,0,0,0,0,3,1,1,1,1,0,0,0.0,0.0,1.0,3.0,0,
Company1434,06/06/2013,San Francisco,Tech,Services,2,5.0,4.0,5.0,1,3,5,4,4,4,5,4,5.0,0,0,0,0,0,4,3,2,2,4,0,0,0.0,0.0,3.0,3.0,0,
Company1435,05/18/1998,Boulder,Non-Tech,Services,4,5.0,4.0,6.0,2,4,5,8,4,4,10,4,3.0,0,0,15,0,0,25,15,4,3,4,0,0,10.0,2.5,7.5,1.0,0,
Company1436,07/22/2010,Seattle,Non-Tech,Services,2,3.0,4.0,4.0,2,3,5,5,5,5,1,5,5.0,3,4,4,0,3,4,4,2,1,3,3,0,2.0,0.0,2.0,3.0,5,
Company1437,05/08/1995,Boise,Non-Tech,Services,2,5.0,3.0,3.0,4,2,5,5,5,5,2,5,7.5,3,5,0,5,5,5,5,4,3,1,0,5,5.0,0.0,4.0,3.0,4,
Company1438,12/23/2005,San Francisco,Tech,Services,3,5.0,4.0,5.0,2,2,5,4,5,4,2,5,4.0,3,4,4,4,4,5,5,2,4,4,3,0,1.0,4.0,5.0,3.0,0,
Company1439,10/25/2013,Detroit,Non-Tech,Finance,6,6.0,6.0,6.0,4,3,5,5,8,10,6,8,7.5,0,0,4,0,0,10,3,3,1,5,0,0,0.0,0.0,5.0,7.5,0,
Company1440,09/13/2006,Milwaukee,Non-Tech,Finance,3,3.0,4.0,4.0,2,2,3,5,5,5,1,5,5.0,0,0,0,0,0,1,1,1,1,1,0,0,0.0,0.0,1.0,2.0,0,
Company1441,06/16/2012,Philadelphia,Non-Tech,Finance,1,2.0,4.0,4.0,3,1,5,4,5,5,3,4,5.0,0,0,0,0,0,1,1,1,1,1,0,0,4.0,0.0,1.0,3.0,0,
Company1442,12/11/2012,San Francisco,Tech,Services,2,2.0,4.0,4.0,2,2,5,5,5,5,3,5,5.0,3,4,0,3,4,4,5,1,1,2,0,4,2.0,0.0,2.0,3.0,5,
Company1443,03/16/2006,Philadelphia,Non-Tech,Services,3,5.0,5.0,3.0,1,4,5,4,5,5,3,5,5.0,1,2,0,1,4,2,5,2,4,3,3,2,3.0,1.0,3.0,3.0,3,
Company1444,04/09/2000,Boulder,Non-Tech,Services,5,4.0,4.0,4.0,1,3,5,4,4,4,1,5,5.0,0,4,0,0,0,1,3,3,4,3,0,5,0.0,3.0,2.0,3.0,0,
Company1445,09/14/2009,San Jose,Tech,Services,12,4.0,6.0,3.0,4,4,10,5,4,5,4,10,7.5,12,8,12,1,15,5,15,5,4,5,10,10,2.0,5.0,5.0,1.0,5,
Company1446,01/15/2013,Boston,Non-Tech,Services,6,2.0,6.0,7.5,6,10,1,10,10,5,1,10,5.0,0,0,0,0,0,25,5,2,1,4,0,0,0.0,0.0,2.0,7.5,0,
Company1447,03/06/2009,San Francisco,Tech,Finance,3,3.0,4.0,5.0,4,3,5,5,5,10,4,5,5.0,0,0,0,0,0,1,1,1,2,1,0,0,0.0,0.0,2.0,3.0,0,
Company1448,04/03/2010,San Francisco,Tech,Finance,1,2.0,5.0,4.0,2,1,1,5,4,5,1,5,5.0,0,0,0,0,0,5,5,1,1,1,0,4,0.0,2.0,1.0,1.0,0,
Company1449,12/28/2010,Houston,Non-Tech,Finance,4,5.0,5.0,4.0,2,2,5,5,4,5,2,4,5.0,1,2,4,0,4,4,5,1,2,4,0,2,5.0,0.0,4.0,2.0,0,
Company1450,11/25/2011,Atlanta,Non-Tech,Finance,3,3.0,4.0,3.0,1,2,5,4,4,4,3,5,5.0,0,0,0,0,0,3,5,1,3,5,0,0,0.0,0.0,2.0,1.0,0,
Company1451,03/07/2010,New York,Tech,Services,6,6.0,4.0,6.0,2,3,10,10,10,10,3,10,7.5,6,4,3,3,3,3,6,1,1,1,4,4,5.0,2.0,2.5,7.5,3,
Company1452,11/25/2011,"Washington, D.C.",Non-Tech,Finance,3,2.0,3.0,4.0,2,1,5,5,5,5,1,5,5.0,0,0,0,0,0,3,1,1,1,1,0,0,0.0,0.0,1.0,3.0,0,
Company1453,12/06/2013,New York,Tech,Services,2,3.0,4.0,4.0,1,2,5,5,5,5,1,5,5.0,0,0,0,0,0,3,3,1,2,2,1,0,0.0,4.0,1.0,3.0,0,
Company1454,08/11/2010,San Francisco,Tech,Services,2,3.0,4.0,5.0,2,2,5,5,4,5,3,5,5.0,1,1,0,0,0,2,1,1,2,1,1,0,0.0,0.0,2.0,3.0,1,
Company1455,06/01/2009,Nashville,Non-Tech,Finance,4,5.0,4.0,3.0,1,2,5,4,5,5,4,4,5.0,3,0,0,0,0,3,5,4,5,5,0,0,0.0,0.0,4.0,2.0,0,
Company1456,06/05/1999,San Francisco,Tech,Finance,12,5.0,6.0,4.0,1,10,5,4,5,5,3,10,5.0,0,0,0,0,0,1,15,9,1,1,0,0,0.0,0.0,1.0,3.0,0,
Company1457,01/14/2011,Boston,Non-Tech,Services,12,7.5,6.0,6.0,4,4,10,10,10,10,4,10,7.5,9,8,12,12,12,25,15,3,4,25,6,8,7.5,2.5,10.0,7.5,20,
Company1458,09/09/2013,Boulder,Non-Tech,Other,5,4.0,4.0,4.0,2,2,5,4,5,5,4,5,4.0,0,0,0,0,0,4,1,1,3,1,0,0,0.0,0.0,3.0,1.0,0,
Company1459,07/15/2011,Columbus,Non-Tech,Services,4,4.0,4.0,5.0,2,1,5,4,4,5,3,5,5.0,4,1,4,4,3,2,5,1,5,2,3,4,2.0,2.0,2.0,2.0,5,
Company1460,05/22/2012,San Francisco,Tech,Services,2,4.0,4.0,4.0,2,5,5,5,5,5,2,5,5.0,2,2,5,2,4,2,5,1,1,3,5,2,3.0,5.0,3.0,3.0,5,51614000.0
Company1461,10/18/2012,Indianapolis,Non-Tech,Finance,4,5.0,5.0,5.0,1,3,5,5,5,5,1,5,5.0,0,0,0,0,0,3,5,2,5,3,0,0,0.0,0.0,5.0,1.0,0,
Company1462,04/19/2013,Portland,Non-Tech,Finance,4,4.0,5.0,4.0,3,2,5,4,4,5,3,5,4.0,0,0,0,0,0,3,5,1,2,2,0,0,0.0,0.0,4.0,2.0,0,
Company1463,01/04/2014,San Francisco,Tech,Finance,4,5.0,4.0,4.0,1,3,5,5,4,5,2,5,5.0,0,0,0,0,0,3,4,1,2,4,0,0,0.0,0.0,1.0,2.0,0,
Company1464,12/02/2007,San Diego,Non-Tech,Services,4,5.0,4.0,4.0,2,3,5,3,4,5,5,4,5.0,0,0,0,0,0,3,5,2,1,5,0,0,0.0,0.0,2.0,3.0,0,
Company1465,06/06/2003,St. Louis,Non-Tech,Finance,5,5.0,4.0,4.0,6,5,10,4,4,4,4,4,4.0,0,0,0,0,0,3,12,3,4,2,2,0,0.0,0.0,5.0,1.0,15,
Company1466,04/09/2011,Philadelphia,Non-Tech,Finance,2,3.0,4.0,4.0,1,4,10,6,4,4,5,6,5.0,0,0,0,0,0,15,12,2,4,2,0,0,0.0,0.0,3.0,2.0,0,
Company1467,07/20/2007,San Francisco,Tech,Finance,3,4.0,4.0,5.0,2,3,5,5,5,5,2,5,4.0,0,0,0,0,0,1,1,1,2,1,0,0,0.0,0.0,2.0,3.0,0,
Company1468,04/01/2008,San Francisco,Tech,Finance,12,7.5,6.0,6.0,2,8,10,10,10,10,4,10,7.5,0,0,0,0,0,15,3,3,3,5,0,0,0.0,0.0,7.5,7.5,0,86307000.0
Company1469,07/14/2000,New York,Tech,Services,2,5.0,4.0,4.0,2,1,1,5,4,5,2,4,5.0,1,0,1,1,1,2,3,1,1,1,1,0,1.0,1.0,1.0,2.0,2,
Company1470,07/04/2011,Boulder,Non-Tech,Services,12,5.0,6.0,4.0,2,2,10,6,4,10,4,8,4.0,0,0,0,0,0,3,5,2,5,2,0,0,0.0,0.0,3.0,3.0,0,
Company1471,04/09/2000,Columbus,Non-Tech,Finance,2,5.0,4.0,4.0,1,3,5,5,4,4,2,4,4.0,2,4,4,1,4,5,4,2,5,3,3,4,0.0,0.0,5.0,3.0,5,
Company1472,06/07/2013,San Francisco,Tech,Services,4,5.0,4.0,4.0,2,2,5,4,4,4,4,4,3.0,0,0,0,0,0,5,5,3,4,1,0,0,0.0,0.0,5.0,1.0,0,
Company1473,12/28/2011,New York,Tech,Finance,4,5.0,4.0,4.0,2,2,5,3,4,5,5,3,5.0,1,1,0,2,0,5,4,5,4,1,0,2,0.0,3.0,2.0,1.0,0,
Company1474,01/07/2011,Milwaukee,Non-Tech,Services,2,4.0,4.0,4.0,2,3,5,5,5,5,1,5,5.0,0,0,0,0,0,1,4,1,3,1,0,0,0.0,0.0,1.0,2.0,0,
Company1475,05/08/1995,San Francisco,Tech,Services,6,5.0,5.0,6.0,1,5,5,10,5,10,2,5,7.5,6,4,3,0,5,2,6,4,3,1,4,5,5.0,12.5,1.0,3.0,15,
Company1476,09/09/2005,San Francisco,Tech,Finance,1,5.0,2.0,4.0,2,5,5,4,4,4,3,3,5.0,3,5,5,5,0,4,5,5,2,2,5,0,0.0,0.0,3.0,2.0,0,
Company1477,05/24/2007,Minneapolis,Non-Tech,Finance,1,1.0,4.0,5.0,1,4,1,4,4,4,5,3,4.0,2,4,4,2,4,1,2,2,1,1,2,2,2.0,1.0,1.0,3.0,1,
Company1478,06/01/2012,Boulder,Non-Tech,Finance,2,2.0,4.0,4.0,1,2,5,4,4,5,3,4,5.0,0,0,0,0,0,4,3,2,1,2,0,0,0.0,0.0,2.0,3.0,0,
Company1479,09/23/2008,Phoenix,Non-Tech,Finance,5,6.0,6.0,4.0,2,2,5,3,4,10,5,8,4.0,0,0,0,0,0,10,5,1,1,1,0,0,0.0,0.0,5.0,2.0,0,
Company1480,07/12/2013,Boulder,Non-Tech,Services,2,5.0,4.0,3.0,2,3,5,4,4,5,5,4,5.0,5,0,0,0,0,4,5,4,4,5,2,0,0.0,0.0,4.0,1.0,2,
Company1481,10/28/2012,San Francisco,Tech,Finance,4,5.0,4.0,4.0,1,2,5,4,4,4,1,5,4.0,1,2,2,1,4,4,2,1,3,2,1,4,5.0,3.0,4.0,1.0,0,
Company1482,05/07/2010,San Francisco,Tech,Services,4,5.0,4.0,3.0,2,4,5,5,5,4,1,5,5.0,2,2,3,2,5,4,5,2,3,1,4,2,3.0,4.0,3.0,3.0,5,
Company1483,08/20/2004,San Francisco,Tech,Services,4,5.0,4.0,4.0,1,5,5,5,4,5,2,4,5.0,1,2,3,1,3,4,4,4,5,2,3,0,3.0,2.0,2.0,3.0,5,
Company1484,09/28/2010,Charlotte,Non-Tech,Services,4,3.0,2.0,4.0,2,2,1,5,4,5,2,5,5.0,0,0,0,0,0,2,5,1,1,1,0,0,0.0,0.0,1.0,3.0,0,
Company1485,02/19/2010,Seattle,Non-Tech,Finance,3,3.0,3.0,5.0,2,1,1,4,4,5,3,5,5.0,0,0,4,0,4,1,1,3,4,3,3,3,0.0,0.0,2.0,3.0,5,
Company1486,01/22/2013,San Francisco,Tech,Finance,12,7.5,6.0,6.0,2,6,10,8,10,8,6,6,6.0,9,0,0,9,12,25,15,6,5,10,0,0,0.0,0.0,12.5,2.5,0,
Company1487,09/06/1996,Philadelphia,Non-Tech,Finance,4,5.0,4.0,4.0,2,2,5,4,4,5,4,4,5.0,3,5,5,3,4,3,5,3,5,2,3,3,3.0,1.0,4.0,7.5,3,
Company1488,09/28/2008,Miami,Non-Tech,Finance,2,4.0,4.0,4.0,2,2,2,5,5,5,2,5,5.0,0,0,0,0,0,2,1,1,1,2,0,0,0.0,0.0,1.0,3.0,0,
Company1489,09/28/2008,San Francisco,Tech,Finance,4,4.0,4.0,4.0,2,3,5,5,5,5,2,5,5.0,0,0,0,0,0,2,1,1,1,1,0,0,0.0,0.0,1.0,3.0,0,
Company1490,10/15/2011,San Francisco,Tech,Finance,4,5.0,4.0,5.0,2,4,5,5,4,4,2,5,4.0,0,0,0,0,0,2,4,1,5,2,0,0,0.0,0.0,5.0,3.0,0,
Company1491,03/26/2005,New York,Tech,Finance,4,5.0,4.0,3.0,2,2,5,5,4,4,2,4,4.0,0,0,0,0,0,2,1,1,2,1,0,0,0.0,0.0,1.0,3.0,0,
Company1492,11/14/2012,San Francisco,Tech,Services,4,1.0,4.0,3.0,5,1,5,5,4,5,1,5,5.0,3,2,0,0,4,4,1,1,1,1,0,2,0.0,0.0,3.0,3.0,0,
Company1493,06/01/2012,Boulder,Non-Tech,Finance,2,5.0,4.0,4.0,1,3,5,5,5,5,1,5,5.0,1,2,4,1,3,3,1,1,1,1,2,4,4.0,5.0,2.0,3.0,5,
Company1494,10/22/2006,Denver,Non-Tech,Finance,4,6.0,6.0,3.0,4,2,5,10,10,10,4,10,7.5,0,0,0,0,0,5,6,2,4,5,0,0,0.0,0.0,3.0,2.0,0,
Company1495,05/01/1998,New York,Tech,Finance,4,4.0,4.0,5.0,2,4,5,4,4,4,4,3,4.0,3,4,0,1,5,5,5,4,5,3,0,0,0.0,0.0,5.0,3.0,0,
Company1496,12/03/2012,San Francisco,Tech,Services,3,3.0,4.0,4.0,2,2,5,1,5,5,1,5,4.0,2,0,4,3,4,3,5,2,3,1,3,4,4.0,4.0,3.0,2.0,5,
Company1497,11/29/2007,Los Angeles,Non-Tech,Finance,4,4.0,5.0,4.0,1,2,5,5,5,5,2,5,5.0,0,0,0,0,0,5,1,3,4,3,0,0,0.0,0.0,1.0,3.0,0,
Company1498,12/02/2008,Chicago,Non-Tech,Finance,4,2.0,5.0,3.0,1,3,2,4,5,5,2,5,5.0,0,0,0,0,0,2,1,1,2,1,0,0,0.0,0.0,3.0,3.0,0,
Company1499,08/05/2011,Dallas,Non-Tech,Finance,4,5.0,4.0,5.0,4,2,5,4,4,5,5,4,5.0,0,0,0,0,0,5,5,5,1,15,0,0,0.0,0.0,5.0,0.0,0,
Company1500,10/21/2011,Nashville,Non-Tech,Finance,4,4.0,4.0,3.0,1,3,5,4,5,5,1,5,5.0,0,0,0,0,0,3,5,1,3,5,0,0,0.0,0.0,2.0,1.0,0,
Company1501,01/01/2000,San Francisco,Tech,Services,3,4.5,3.0,7.5,6,2,6,8,5,10,2,10,7.5,0,0,0,1,0,2,1,3,1,1,0,1,0.0,0.0,1.0,7.5,2,
Company1502,09/15/2007,New York,Tech,Finance,6,4.5,6.0,7.5,6,4,10,10,10,10,10,10,7.5,6,0,0,0,0,20,12,3,1,10,0,0,0.0,0.0,5.0,7.5,0,
Company1503,01/22/2013,New York,Tech,Finance,12,7.5,4.0,4.0,2,10,10,8,5,10,6,5,7.5,9,8,0,9,12,10,1,3,5,10,10,0,0.0,10.0,12.5,10.0,15,
Company1504,04/03/2010,Boulder,Non-Tech,Finance,2,2.0,4.0,4.0,1,2,1,5,5,5,1,5,5.0,0,0,4,0,0,2,1,1,1,1,0,0,0.0,4.0,3.0,3.0,0,
Company1505,03/05/1996,San Francisco,Tech,Services,5,5.0,4.0,4.0,2,2,5,4,4,4,4,3,4.0,2,2,4,1,4,4,5,1,3,1,1,4,1.0,3.0,3.0,1.0,5,
Company1506,10/10/2011,Boulder,Non-Tech,Finance,2,4.0,2.0,4.0,1,3,5,5,5,4,3,4,5.0,0,0,0,0,0,1,1,1,1,1,0,0,0.0,0.0,1.0,3.0,0,
Company1507,09/26/2009,San Francisco,Tech,Services,4,2.0,4.0,4.0,2,4,1,4,5,5,1,4,5.0,0,0,3,2,0,1,5,1,3,3,4,0,2.0,0.0,3.0,3.0,5,
Company1508,10/23/2004,New York,Tech,Finance,5,5.0,4.0,4.0,1,2,5,4,5,4,2,5,5.0,0,0,0,0,0,1,1,2,1,1,0,0,0.0,0.0,3.0,3.0,0,
Company1509,12/03/2012,Riverside,Non-Tech,Services,2,3.0,4.0,4.0,2,2,5,5,5,5,4,5,5.0,5,4,4,1,4,4,5,5,3,4,3,3,0.0,3.0,3.0,2.0,5,
Company1510,09/13/2006,San Jose,Tech,Services,2,5.0,4.0,4.0,2,2,5,5,5,5,2,5,5.0,3,0,2,2,0,2,5,1,1,3,2,0,0.0,4.0,3.0,2.0,0,
Company1511,04/22/2010,Omaha,Non-Tech,Services,4,5.0,4.0,4.0,2,5,5,5,5,5,2,5,5.0,4,4,3,5,4,4,4,2,3,2,3,2,2.0,5.0,2.0,2.0,5,
Company1512,06/06/2003,New York,Tech,Finance,5,5.0,4.0,4.0,1,5,5,4,4,4,4,4,4.0,0,0,0,0,0,3,5,3,4,2,0,0,0.0,0.0,5.0,1.0,0,
Company1513,12/18/2010,San Francisco,Tech,Services,2,5.0,4.0,4.0,1,3,5,5,4,5,1,4,5.0,5,1,0,1,0,3,2,1,2,3,0,1,0.0,0.0,2.0,3.0,3,
Company1514,03/16/2006,San Francisco,Tech,Finance,5,5.0,6.0,4.0,2,2,5,3,4,4,6,3,7.5,0,0,0,1,0,10,5,9,4,1,3,0,0.0,0.0,3.0,2.0,0,
Company1515,08/28/2009,New York,Tech,Other,4,2.0,4.0,5.0,2,3,5,5,4,5,5,5,5.0,0,0,0,0,0,5,5,2,5,3,0,0,0.0,0.0,5.0,0.0,0,
Company1516,12/07/2004,Boulder,Non-Tech,Finance,4,3.0,4.0,4.0,2,2,5,4,4,4,3,5,4.0,0,0,0,0,0,4,1,1,1,5,0,3,0.0,0.0,2.0,3.0,0,
Company1517,02/16/2010,San Francisco,Tech,Services,2,5.0,4.0,5.0,2,2,5,5,5,5,1,5,5.0,0,0,3,0,0,4,4,1,3,2,0,2,0.0,0.0,2.0,0.0,5,
Company1518,11/08/2013,Denver,Non-Tech,Services,3,5.0,3.0,4.0,3,2,5,4,4,4,3,4,4.0,0,0,0,0,0,5,4,1,1,3,0,0,10.0,0.0,1.0,3.0,0,
Company1519,10/17/1995,San Francisco,Tech,Finance,4,5.0,4.0,6.0,1,6,10,4,4,4,5,3,4.0,3,4,0,1,0,5,5,5,1,3,0,5,0.0,3.0,2.0,2.0,5,
Company1520,01/14/2011,Palo Alto,Non-Tech,Services,12,7.5,4.0,4.0,2,4,10,4,5,10,1,5,7.5,9,8,12,12,12,5,15,4,3,25,0,8,0.0,2.5,10.0,1.0,4,
Company1521,07/10/2013,Boulder,Non-Tech,Services,2,3.0,4.0,5.0,2,3,1,5,5,5,1,5,5.0,0,0,0,0,0,1,4,1,1,1,0,0,0.0,0.0,3.0,2.0,0,
Company1522,09/15/2006,Denver,Non-Tech,Services,9,6.0,6.0,6.0,4,4,10,6,8,10,6,8,7.5,12,0,0,15,0,25,15,6,4,20,0,4,0.0,0.0,10.0,7.5,10,
Company1523,09/21/2012,Chicago,Non-Tech,Services,2,2.0,4.0,4.0,1,2,5,5,5,5,2,5,5.0,3,0,3,3,4,2,3,1,1,1,2,0,0.0,3.0,1.0,3.0,3,
Company1524,11/25/2009,Boulder,Non-Tech,Finance,12,2.0,4.0,6.0,4,4,4,5,8,5,1,5,5.0,0,0,0,0,0,15,12,1,2,5,0,4,0.0,0.0,3.0,7.5,0,
Company1525,08/28/2009,New York,Tech,Other,1,2.0,4.0,4.0,2,5,5,2,4,5,1,3,5.0,4,2,0,2,4,1,3,2,1,1,0,3,0.0,2.0,1.0,0.0,0,
Company1526,11/26/2010,Phoenix,Non-Tech,Finance,4,4.0,2.0,4.0,2,2,5,4,5,5,3,5,5.0,0,0,0,0,0,1,1,2,2,4,0,0,0.0,0.0,2.0,3.0,0,
Company1527,06/29/1997,San Francisco,Tech,Finance,3,7.5,5.0,4.0,4,5,10,3,8,8,5,6,5.0,0,5,0,1,0,1,5,5,1,5,0,0,0.0,2.0,5.0,3.0,0,
Company1528,09/06/1996,Chicago,Non-Tech,Services,2,5.0,4.0,4.0,2,2,5,4,4,5,4,4,5.0,3,0,5,3,4,3,1,3,5,2,3,3,3.0,1.0,4.0,3.0,3,
Company1529,09/09/2013,San Francisco,Tech,Finance,3,4.0,4.0,5.0,2,3,5,5,5,5,1,5,5.0,0,0,0,0,0,4,1,2,1,3,0,0,0.0,0.0,2.0,3.0,0,
Company1530,10/30/2013,Durham,Non-Tech,Finance,4,5.0,4.0,5.0,2,2,5,5,5,5,2,5,5.0,0,0,0,0,0,3,2,3,3,1,0,0,0.0,0.0,2.0,3.0,0,
Company1531,07/16/2012,Denver,Non-Tech,Services,3,5.0,4.0,4.0,1,4,5,4,5,5,3,5,5.0,3,4,5,3,0,2,5,2,2,3,4,4,4.0,3.0,3.0,2.0,5,
Company1532,11/05/2009,San Jose,Tech,Services,4,5.0,4.0,3.0,1,5,5,5,5,5,3,5,5.0,3,4,4,3,4,5,5,2,5,1,3,0,3.0,4.0,3.0,3.0,5,
Company1533,04/19/2013,San Jose,Tech,Finance,2,2.0,4.0,5.0,1,3,5,5,5,5,3,4,5.0,0,0,0,0,0,1,1,1,1,1,0,0,0.0,0.0,1.0,3.0,0,
Company1534,07/04/2011,Chicago,Non-Tech,Finance,3,5.0,4.5,4.0,4,4,10,8,8,10,2,8,7.5,0,0,0,0,0,20,15,15,1,15,0,0,0.0,0.0,2.0,7.5,0,
Company1535,10/14/2012,Atlanta,Non-Tech,Services,3,4.0,4.0,4.0,1,2,5,4,4,5,4,4,5.0,5,5,3,2,4,3,5,1,3,1,2,2,2.0,1.0,2.0,2.0,3,34109000.0
Company1536,11/21/2009,San Francisco,Tech,Finance,3,7.5,4.0,6.0,4,2,10,5,5,4,6,8,6.0,0,0,0,2,0,4,15,5,3,15,0,0,5.0,4.0,2.0,5.0,0,
Company1537,04/21/2007,San Francisco,Tech,Finance,5,5.0,4.0,4.0,2,2,5,4,4,4,2,4,4.0,0,0,0,5,4,5,4,2,3,2,0,0,0.0,0.0,5.0,2.0,4,
Company1538,08/01/2008,San Francisco,Tech,Finance,4,5.0,4.0,4.0,2,2,5,4,5,4,4,5,5.0,0,0,0,0,0,5,5,4,4,4,0,0,0.0,0.0,5.0,1.0,0,
Company1539,06/14/2013,Los Angeles,Non-Tech,Finance,6,5.0,4.0,5.0,1,2,5,5,4,5,5,5,5.0,0,0,0,0,0,5,1,5,5,5,6,0,10.0,12.5,5.0,0.0,15,
Company1540,06/29/1997,"Washington, D.C.",Non-Tech,Finance,3,5.0,5.0,4.0,1,5,5,3,4,5,5,10,7.5,3,5,5,1,4,5,5,5,4,5,2,2,2.0,2.0,5.0,1.0,5,
Company1541,12/02/2007,San Francisco,Tech,Services,2,4.0,4.0,4.0,1,3,5,5,5,5,1,5,5.0,0,0,0,0,0,2,1,2,1,1,0,0,0.0,0.0,2.0,2.0,0,
Company1542,10/11/2010,San Francisco,Tech,Services,2,3.0,4.0,4.0,1,5,5,5,5,5,2,5,5.0,3,4,4,3,4,2,4,1,2,1,5,4,4.0,5.0,1.0,3.0,4,51666000.0
Company1543,05/30/2006,San Francisco,Tech,Other,3,4.0,4.0,4.0,1,2,5,5,5,5,2,5,5.0,0,0,0,0,0,4,1,1,2,1,0,0,0.0,0.0,1.0,3.0,0,
Company1544,02/12/2010,New York,Tech,Finance,6,6.0,4.5,7.5,8,10,10,8,8,8,10,8,6.0,0,0,0,0,0,5,6,3,1,5,0,0,0.0,0.0,7.5,5.0,0,50173000.0
Company1545,07/04/2011,Boulder,Non-Tech,Services,4,7.5,4.0,5.0,1,4,5,5,8,5,1,5,7.5,2,2,3,1,4,3,15,12,4,1,0,0,1.0,1.0,10.0,2.5,0,
Company1546,02/11/1998,San Francisco,Tech,Finance,4,5.0,4.0,4.0,1,4,5,5,5,5,1,5,5.0,3,0,0,0,0,3,5,2,3,3,5,5,5.0,1.0,3.0,2.0,0,
Company1547,11/01/2007,San Francisco,Tech,Services,4,2.0,4.0,4.0,1,1,5,5,4,4,5,4,4.0,0,5,5,5,4,5,1,4,1,1,5,4,0.0,1.0,1.0,2.0,3,
Company1548,12/23/2011,Miami,Non-Tech,Finance,2,2.0,4.0,4.0,2,2,2,5,5,5,1,5,5.0,0,0,0,0,0,2,1,1,2,1,0,0,0.0,0.0,1.0,3.0,0,
Company1549,09/13/1999,Atlanta,Non-Tech,Finance,3,4.0,5.0,4.0,2,2,5,5,5,5,1,5,5.0,0,0,0,0,0,2,2,1,1,1,0,0,0.0,0.0,2.0,3.0,0,
Company1550,08/01/2008,San Francisco,Tech,Finance,3,4.0,4.0,4.0,2,2,5,4,4,4,4,4,3.0,1,0,2,0,0,5,5,4,3,4,0,0,3.0,3.0,1.0,3.0,0,
Company1551,03/03/2012,San Francisco,Tech,Services,12,6.0,6.0,6.0,4,6,10,8,8,8,8,8,5.0,0,0,0,0,0,15,15,6,3,10,0,6,10.0,0.0,7.5,3.0,0,
Company1552,07/10/2013,San Francisco,Tech,Services,1,3.0,4.0,5.0,4,2,5,2,5,5,2,5,5.0,9,0,0,0,0,1,1,1,1,1,10,0,12.5,2.5,1.0,2.5,5,
Company1553,09/26/2003,San Francisco,Tech,Services,3,5.0,5.0,4.0,2,2,5,3,5,5,5,3,5.0,0,4,3,2,3,2,5,2,4,5,5,5,0.0,0.0,5.0,1.0,3,
Company1554,11/14/2012,New York,Tech,Services,3,4.0,4.0,4.0,2,2,5,4,5,5,3,5,5.0,0,0,0,0,4,4,5,1,3,3,0,0,0.0,0.0,3.0,3.0,0,
Company1555,10/15/2011,San Francisco,Tech,Finance,6,5.0,6.0,5.0,2,2,2,6,8,8,10,6,6.0,0,0,0,0,0,10,12,6,3,10,0,0,0.0,0.0,5.0,7.5,0,
Company1556,01/27/2005,Chicago,Non-Tech,Finance,3,5.0,4.0,4.0,1,2,5,5,5,5,1,3,5.0,0,0,0,0,0,2,4,2,4,3,0,0,3.0,3.0,2.0,3.0,0,
Company1557,06/23/2009,Philadelphia,Non-Tech,Services,4,3.0,4.0,3.0,2,2,5,5,4,5,4,5,5.0,5,4,3,1,4,3,5,5,2,3,2,5,2.0,1.0,3.0,3.0,2,
Company1558,06/28/2012,New York,Tech,Services,4,4.0,4.0,5.0,2,2,5,5,5,5,1,5,5.0,3,0,0,0,4,3,4,1,2,1,0,0,0.0,0.0,2.0,3.0,5,
Company1559,10/06/2006,Baltimore,Non-Tech,Finance,2,4.0,4.0,4.0,1,3,5,5,5,5,2,5,5.0,0,0,0,0,0,1,1,1,1,1,0,0,0.0,0.0,2.0,3.0,0,
Company1560,06/17/2010,Chicago,Non-Tech,Services,1,4.0,4.0,4.0,2,2,5,4,4,4,3,3,4.0,1,4,5,2,3,2,5,3,2,5,3,4,3.0,3.0,2.0,3.0,4,
Company1561,07/12/2013,Chicago,Non-Tech,Finance,2,3.0,4.0,4.0,2,3,5,5,5,4,5,4,5.0,0,0,0,0,0,3,5,1,4,1,0,0,0.0,0.0,3.0,3.0,0,
Company1562,02/15/2010,San Jose,Tech,Finance,3,3.0,4.0,4.0,2,2,5,3,4,5,2,3,5.0,3,4,5,0,0,4,5,5,4,5,0,5,2.0,2.0,5.0,2.0,0,
Company1563,04/22/2010,San Jose,Tech,Finance,4,5.0,5.0,4.0,1,5,5,5,5,5,2,5,5.0,0,0,0,0,0,4,1,3,5,2,0,0,0.0,0.0,2.0,3.0,0,
Company1564,03/18/2007,Boulder,Non-Tech,Services,3,7.5,6.0,4.0,1,2,10,2,5,10,3,5,7.5,9,5,5,3,4,3,1,1,1,4,4,4,0.0,5.0,1.0,7.5,5,
Company1565,02/26/2010,Los Angeles,Non-Tech,Finance,12,7.5,4.0,7.5,2,4,5,2,8,5,6,5,6.0,0,0,0,0,0,15,1,3,2,15,0,0,0.0,2.0,2.5,7.5,0,
Company1566,11/05/2011,Chicago,Non-Tech,Finance,12,3.0,5.0,7.5,2,2,10,5,5,5,2,5,5.0,0,0,0,0,0,15,12,3,1,2,0,0,0.0,0.0,2.0,7.5,0,
Company1567,11/26/2009,San Francisco,Tech,Services,3,5.0,3.0,4.0,3,3,5,4,5,4,3,5,4.0,3,0,5,4,0,5,4,1,1,3,0,0,0.0,2.0,1.0,3.0,0,
Company1568,03/17/2007,"Washington, D.C.",Non-Tech,Services,2,2.0,4.0,3.0,2,2,5,5,5,5,1,5,5.0,0,2,2,2,3,3,1,1,1,1,3,3,0.0,0.0,2.0,3.0,2,
Company1569,03/02/1998,Los Angeles,Non-Tech,Finance,2,4.0,4.0,4.0,2,3,5,5,4,5,1,5,5.0,1,0,0,0,0,2,1,1,1,1,0,0,0.0,0.0,1.0,3.0,0,
Company1570,06/27/2007,Los Angeles,Non-Tech,Finance,1,2.0,4.0,4.0,2,1,1,3,5,5,5,4,5.0,0,0,0,0,0,1,5,4,5,1,0,0,0.0,0.0,2.0,3.0,0,
Company1571,06/28/2012,Detroit,Non-Tech,Finance,3,3.0,4.0,4.0,1,2,5,5,4,5,1,5,5.0,0,0,0,0,0,3,1,1,1,1,0,0,0.0,0.0,2.0,3.0,0,
Company1572,12/02/2007,San Francisco,Tech,Finance,4,4.0,4.0,5.0,1,2,5,5,5,5,1,5,5.0,0,2,0,0,0,4,4,2,1,2,0,4,0.0,0.0,3.0,3.0,5,
Company1573,07/10/2013,Boulder,Non-Tech,Finance,1,2.0,5.0,4.0,1,2,1,4,5,5,3,5,5.0,0,0,0,0,0,1,1,1,1,1,0,0,0.0,0.0,1.0,2.0,0,20253000.0
Company1574,12/02/2007,San Francisco,Tech,Finance,1,4.0,4.0,5.0,2,1,5,4,5,5,3,5,5.0,0,0,0,0,0,1,1,2,2,1,0,0,0.0,0.0,2.0,2.0,0,
Company1575,08/22/2004,Los Angeles,Non-Tech,Finance,3,5.0,4.0,4.0,2,2,5,5,5,5,1,5,5.0,4,4,4,2,4,3,1,1,2,1,2,2,2.0,0.0,2.0,3.0,0,
Company1576,05/08/1995,San Francisco,Tech,Finance,4,5.0,4.0,3.0,2,3,5,5,5,5,2,4,5.0,1,5,2,5,4,2,5,2,3,1,5,5,5.0,4.0,2.0,3.0,0,
Company1577,07/15/2011,San Francisco,Tech,Other,3,5.0,3.0,5.0,2,1,5,4,4,5,5,4,5.0,4,2,0,2,0,5,5,1,5,3,3,4,2.0,3.0,1.0,2.0,3,
Company1578,11/25/2009,El Paso,Non-Tech,Services,5,2.0,4.0,4.0,2,2,4,5,4,4,2,5,4.0,4,2,5,5,4,5,1,2,5,1,3,2,2.0,1.0,2.0,3.0,5,
Company1579,02/21/2013,Portland,Non-Tech,Services,2,4.0,4.0,4.0,1,1,1,5,5,5,1,5,5.0,0,0,3,3,0,2,1,1,2,1,5,5,5.0,0.0,2.0,3.0,3,
Company1580,12/02/2007,San Francisco,Tech,Finance,2,4.0,4.0,5.0,1,3,5,4,5,5,1,3,5.0,0,0,0,0,0,10,1,2,1,3,0,0,0.0,0.0,10.0,2.0,0,
Company1581,05/06/2013,Detroit,Non-Tech,Finance,2,2.0,4.0,4.0,1,2,3,1,4,5,5,4,5.0,0,0,0,0,0,2,1,1,1,1,0,0,0.0,0.0,2.0,2.0,0,
Company1582,09/03/2010,Boulder,Non-Tech,Finance,9,7.5,4.0,7.5,2,2,5,4,4,5,5,4,5.0,0,10,0,0,0,3,15,1,4,3,0,0,0.0,0.0,5.0,2.0,0,
Company1583,10/25/2013,Omaha,Non-Tech,Finance,12,7.5,6.0,6.0,4,6,10,5,5,5,10,5,6.0,0,0,0,0,0,4,15,15,3,5,0,0,0.0,2.0,12.5,2.0,0,
Company1584,08/25/2007,San Francisco,Tech,Services,4,5.0,4.0,3.0,1,5,5,5,5,5,2,5,5.0,3,5,0,0,0,3,5,2,3,1,0,5,0.0,3.0,4.0,3.0,0,
Company1585,10/29/2007,Pittsburgh,Non-Tech,Finance,3,4.0,4.0,3.0,1,3,5,4,5,5,3,5,4.0,0,0,0,0,0,4,4,1,3,5,0,0,0.0,0.0,2.0,2.0,0,
Company1586,04/09/2000,Philadelphia,Non-Tech,Services,3,4.0,5.0,3.0,1,4,5,5,5,5,2,5,5.0,0,0,0,0,0,5,2,1,1,2,2,0,0.0,0.0,3.0,1.0,0,
Company1587,09/20/2013,Dallas,Non-Tech,Finance,3,5.0,4.0,4.0,2,2,5,4,5,5,5,4,5.0,0,4,0,0,5,2,5,2,3,2,5,0,5.0,0.0,3.0,3.0,4,
Company1588,02/26/1998,San Francisco,Tech,Services,9,5.0,6.0,6.0,4,6,10,8,4,10,6,10,7.5,0,0,0,0,0,3,12,6,4,15,0,0,0.0,0.0,10.0,5.0,0,
Company1589,12/03/2013,San Francisco,Tech,Finance,4,5.0,4.0,5.0,2,2,5,4,4,5,4,4,5.0,0,0,0,0,0,3,4,1,1,1,0,0,0.0,0.0,3.0,2.0,0,
Company1590,12/06/2006,San Francisco,Tech,Services,12,7.5,6.0,6.0,2,10,10,10,10,10,4,10,7.5,9,8,12,3,12,10,9,6,3,5,8,8,10.0,10.0,10.0,7.5,5,41364000.0
Company1591,01/20/2012,Omaha,Non-Tech,Services,15,7.5,3.0,7.5,3,8,10,6,8,8,10,6,6.0,15,0,12,9,0,25,15,15,5,20,10,10,10.0,0.0,12.5,2.5,20,
Company1592,02/21/2013,Milwaukee,Non-Tech,Finance,3,5.0,4.0,4.0,1,5,5,5,5,5,1,5,5.0,0,0,0,0,0,5,4,1,2,1,0,5,5.0,0.0,1.0,3.0,0,
Company1593,12/16/2009,Boulder,Non-Tech,Services,6,5.0,4.0,4.0,4,3,5,3,5,4,2,3,4.0,3,0,0,2,0,3,5,2,1,5,5,5,0.0,2.0,2.0,1.0,0,
Company1594,07/20/2007,Philadelphia,Non-Tech,Finance,2,3.0,4.0,4.0,2,2,5,5,5,5,2,5,5.0,0,0,0,0,0,5,4,2,4,3,0,0,0.0,0.0,2.0,3.0,0,
Company1595,04/09/2011,San Francisco,Tech,Finance,12,7.5,4.5,6.0,4,4,10,6,8,8,10,6,6.0,0,0,0,0,0,15,12,9,1,5,0,0,0.0,0.0,5.0,7.5,0,
Company1596,04/26/2013,San Francisco,Tech,Services,9,4.0,3.0,4.0,2,4,10,8,8,5,10,6,6.0,3,0,0,0,0,5,15,3,1,4,0,4,5.0,12.5,10.0,5.0,20,
Company1597,08/15/2005,San Francisco,Tech,Finance,3,5.0,4.5,7.5,1,4,10,8,8,5,10,4,6.0,3,0,12,3,0,2,15,3,3,1,2,4,0.0,12.5,3.0,3.0,0,
Company1598,11/05/2009,San Francisco,Tech,Services,3,5.0,4.0,4.0,2,3,5,5,5,5,2,5,5.0,3,0,4,3,4,5,5,2,2,3,5,1,3.0,4.0,4.0,3.0,5,
Company1599,02/29/2012,San Francisco,Tech,Finance,3,4.0,3.0,3.0,2,2,5,4,5,5,4,5,5.0,0,0,0,0,0,3,4,1,1,2,0,0,0.0,0.0,1.0,3.0,0,
Company1600,10/23/2004,San Francisco,Tech,Services,6,4.5,4.0,4.0,4,2,10,10,5,5,2,5,5.0,1,0,0,0,0,10,1,3,4,1,0,0,5.0,3.0,5.0,3.0,0,
Company1601,08/08/2013,San Francisco,Tech,Finance,9,3.0,4.0,4.0,1,2,10,5,10,5,1,5,5.0,5,1,2,1,1,10,2,1,2,1,5,1,5.0,1.0,2.0,3.0,3,
Company1602,04/03/2010,Boulder,Non-Tech,Finance,1,2.0,4.0,4.0,2,1,1,5,4,5,1,4,5.0,0,0,0,0,0,1,1,1,1,1,0,0,0.0,0.0,1.0,3.0,0,
Company1603,07/22/2010,San Francisco,Tech,Services,2,3.0,4.0,4.0,2,1,5,5,5,5,2,5,5.0,3,4,4,1,3,4,4,2,1,2,3,4,2.0,5.0,2.0,3.0,5,
Company1604,09/04/2009,San Francisco,Tech,Services,4,5.0,4.0,5.0,1,2,5,2,4,5,3,3,5.0,3,3,3,2,0,5,2,5,5,5,1,1,1.0,1.0,5.0,0.0,5,
Company1605,02/27/2013,Boise,Non-Tech,Finance,2,3.0,4.0,4.0,2,1,2,4,5,5,3,5,5.0,0,2,0,4,1,5,5,2,4,5,0,0,0.0,1.0,3.0,3.0,5,
Company1606,04/17/2009,San Francisco,Tech,Finance,12,7.5,6.0,6.0,4,4,10,5,10,10,4,10,7.5,12,8,12,0,15,10,15,3,4,15,10,10,0.0,5.0,10.0,7.5,0,
Company1607,05/30/2006,San Francisco,Tech,Finance,15,5.0,4.0,4.0,1,5,5,4,4,4,4,4,4.0,0,0,0,0,0,3,5,3,5,2,0,0,0.0,0.0,5.0,1.0,0,
Company1608,08/11/2007,San Francisco,Tech,Services,5,5.0,4.0,4.0,2,2,5,4,4,4,3,4,4.0,4,2,5,5,4,20,5,1,3,2,5,4,4.0,5.0,3.0,3.0,5,
Company1609,02/09/2000,Newark,Non-Tech,Finance,3,2.0,4.0,5.0,1,3,4,5,5,5,2,4,5.0,0,0,0,0,0,4,1,1,1,1,0,0,0.0,0.0,1.0,3.0,0,
Company1610,02/15/2010,San Francisco,Tech,Finance,4,5.0,4.0,4.0,2,2,5,2,4,5,5,3,5.0,3,5,5,0,5,2,4,5,5,1,2,0,0.0,1.0,5.0,2.0,0,
Company1611,10/04/2013,San Francisco,Tech,Finance,4,5.0,5.0,5.0,2,4,5,5,8,10,1,8,5.0,0,2,0,0,4,2,15,2,5,2,0,0,0.0,0.0,5.0,3.0,0,
Company1612,12/04/2012,Los Angeles,Non-Tech,Services,3,3.0,5.0,3.0,1,4,5,3,5,5,1,5,5.0,0,0,0,0,0,1,3,1,2,1,0,0,0.0,0.0,2.0,3.0,0,
Company1613,06/13/2006,Miami,Non-Tech,Finance,3,2.0,4.0,5.0,1,5,2,5,5,5,1,5,5.0,0,0,0,0,0,2,1,1,1,3,0,0,0.0,0.0,1.0,3.0,0,
Company1614,02/06/2007,Jacksonville,Non-Tech,Finance,2,3.0,4.0,4.0,1,1,3,4,5,4,3,5,5.0,0,0,0,0,3,3,2,1,2,1,0,4,0.0,0.0,1.0,3.0,0,
Company1615,02/15/2010,San Francisco,Tech,Services,2,4.0,4.0,5.0,3,2,5,3,4,5,5,5,5.0,0,5,5,3,0,5,5,5,5,5,0,0,2.0,1.0,5.0,1.0,5,
Company1616,09/14/2009,San Jose,Tech,Services,12,7.5,6.0,6.0,4,4,10,10,5,10,4,10,7.5,1,8,2,15,0,10,15,3,3,15,3,10,12.5,5.0,10.0,3.0,15,
Company1617,11/22/2007,San Francisco,Tech,Finance,6,7.5,6.0,6.0,2,6,10,8,10,10,10,10,7.5,0,0,0,0,0,5,15,3,1,15,0,0,0.0,0.0,5.0,7.5,0,
Company1618,03/19/2009,San Francisco,Tech,Finance,4,5.0,4.0,4.0,1,3,5,4,4,4,3,4,5.0,0,0,0,0,0,3,5,2,2,1,0,0,2.0,0.0,2.0,3.0,0,
Company1619,07/04/2011,Chicago,Non-Tech,Finance,4,5.0,4.0,4.0,1,3,5,5,5,5,2,4,5.0,0,0,0,0,0,2,1,1,1,3,0,0,0.0,0.0,2.0,3.0,0,
Company1620,11/25/2011,Milwaukee,Non-Tech,Services,2,3.0,4.0,3.0,1,1,1,3,4,5,5,4,5.0,0,4,0,0,3,2,4,2,2,1,0,5,5.0,3.0,2.0,3.0,3,
Company1621,06/20/2011,Philadelphia,Non-Tech,Services,4,7.5,5.0,3.0,1,5,5,5,5,5,2,5,5.0,3,4,5,3,4,5,5,2,5,1,3,3,3.0,1.0,3.0,3.0,5,
Company1622,06/15/2010,St. Louis,Non-Tech,Services,2,4.0,5.0,3.0,4,2,3,8,4,4,10,2,6.0,3,10,12,1,12,25,15,6,3,25,6,6,7.5,2.5,2.0,3.0,20,
Company1623,01/26/2012,Indianapolis,Non-Tech,Services,2,4.5,6.0,7.5,6,2,10,8,10,10,10,10,7.5,6,2,12,3,3,25,12,6,1,10,2,2,2.5,2.5,5.0,7.5,0,
Company1624,03/28/2009,San Francisco,Tech,Services,4,5.0,4.0,4.0,2,3,5,4,4,4,4,4,4.0,4,4,3,3,3,3,5,1,2,2,3,3,3.0,1.0,2.0,2.0,4,38181000.0
Company1625,02/08/2007,Houston,Non-Tech,Finance,4,5.0,5.0,4.0,2,2,5,4,5,5,3,5,5.0,0,0,0,0,0,5,5,4,5,5,0,0,0.0,0.0,4.0,1.0,0,39398000.0
Company1626,09/13/2006,Palo Alto,Non-Tech,Finance,2,4.0,4.0,4.0,2,2,5,5,5,5,2,5,5.0,0,0,0,0,0,2,1,1,1,1,0,0,0.0,0.0,3.0,2.0,0,
Company1627,09/20/2013,Milwaukee,Non-Tech,Finance,2,5.0,4.0,4.0,1,1,1,3,4,5,5,4,5.0,0,0,0,2,3,2,4,2,2,1,0,5,0.0,0.0,2.0,3.0,3,
Company1628,11/13/2013,Omaha,Non-Tech,Finance,5,5.0,4.0,5.0,2,4,5,4,4,4,5,3,4.0,0,0,0,0,0,5,5,3,5,3,0,0,0.0,0.0,5.0,0.0,0,
Company1629,01/20/2012,San Francisco,Tech,Finance,4,7.5,6.0,7.5,2,8,10,8,10,10,10,6,6.0,15,2,12,9,12,10,15,3,5,20,10,10,1.0,10.0,12.5,10.0,20,
Company1630,10/06/2010,San Francisco,Tech,Services,4,5.0,4.0,5.0,3,4,5,4,10,10,3,4,5.0,2,2,4,3,4,2,4,2,3,1,4,2,5.0,4.0,3.0,3.0,3,
Company1631,03/14/2012,San Francisco,Tech,Finance,4,5.0,4.0,4.0,1,4,5,5,5,5,1,5,5.0,0,0,2,0,0,2,4,2,4,3,0,1,0.0,0.0,2.0,3.0,0,
Company1632,11/05/2009,Seattle,Non-Tech,Services,3,5.0,4.0,4.0,2,3,5,5,5,5,2,5,5.0,3,4,4,3,4,5,5,2,2,3,5,4,3.0,4.0,4.0,3.0,5,
Company1633,09/26/2006,Seattle,Non-Tech,Services,12,6.0,6.0,6.0,2,8,10,10,10,10,4,10,7.5,3,4,12,3,12,15,15,3,5,20,4,2,7.5,2.5,7.5,5.0,25,
Company1634,03/27/2013,Indianapolis,Non-Tech,Finance,3,4.0,4.0,4.0,2,1,1,4,5,4,1,5,5.0,0,0,0,0,0,1,1,3,1,1,0,0,0.0,0.0,1.0,3.0,0,
Company1635,12/29/2011,Seattle,Non-Tech,Finance,2,2.0,4.0,4.0,1,2,5,5,5,5,2,5,5.0,0,0,0,0,0,3,3,1,3,2,0,0,0.0,0.0,2.0,3.0,0,19991000.0
Company1636,11/05/2011,San Jose,Tech,Finance,3,4.0,6.0,6.0,4,2,5,5,5,5,4,5,7.5,0,0,0,0,0,2,1,1,4,15,10,10,0.0,0.0,2.0,3.0,0,
Company1637,10/06/2007,Albuquerque,Non-Tech,Services,2,5.0,4.0,3.0,2,2,5,4,4,5,5,3,5.0,0,5,5,0,0,5,1,5,5,5,0,2,0.0,1.0,2.0,0.0,5,
Company1638,09/01/2001,San Jose,Tech,Finance,3,4.0,4.0,4.0,2,5,5,5,5,5,1,5,5.0,1,2,2,1,5,2,3,1,1,1,2,5,2.0,5.0,2.0,3.0,1,
Company1639,08/20/2004,Charlotte,Non-Tech,Services,4,5.0,5.0,4.0,1,5,5,5,5,5,2,5,5.0,1,2,4,1,3,4,5,4,5,2,3,0,2.0,2.0,4.0,2.0,5,
Company1640,10/15/2011,San Antonio,Non-Tech,Finance,2,3.0,4.0,4.0,2,3,5,5,5,5,2,5,5.0,0,0,0,0,0,1,3,1,2,2,0,0,0.0,0.0,1.0,3.0,0,
Company1641,09/03/2010,Los Angeles,Non-Tech,Services,12,4.0,4.0,4.0,2,2,10,6,8,10,10,8,7.5,0,0,15,15,0,3,5,9,4,3,0,0,10.0,0.0,5.0,1.0,0,
Company1642,10/10/2011,New York,Tech,Finance,2,4.0,6.0,5.0,1,3,5,4,5,5,3,6,7.5,0,0,0,0,0,1,1,1,1,1,0,0,0.0,0.0,1.0,1.0,5,
Company1643,10/13/2004,New York,Tech,Services,2,3.0,5.0,3.0,1,5,5,5,5,5,1,5,5.0,1,1,3,1,4,1,3,1,2,1,1,1,1.0,1.0,2.0,3.0,3,42642000.0
Company1644,11/01/2007,Durham,Non-Tech,Services,5,5.0,4.0,4.0,2,4,5,4,5,4,3,3,5.0,0,5,5,5,4,5,5,3,5,4,3,0,3.0,0.0,2.0,3.0,3,
Company1645,03/09/1998,San Francisco,Tech,Services,3,7.5,4.0,5.0,4,3,5,4,4,4,4,3,7.5,3,3,5,2,4,5,4,2,3,25,0,2,2.0,1.0,5.0,1.0,3,
Company1646,11/17/2009,San Francisco,Tech,Finance,3,5.0,4.0,4.0,2,2,5,4,4,5,5,4,4.0,0,0,0,0,0,3,5,1,4,1,0,0,0.0,0.0,5.0,2.0,0,
Company1647,02/01/2012,San Francisco,Tech,Finance,15,5.0,5.0,4.0,2,5,5,4,5,5,3,10,5.0,0,0,0,0,12,5,4,2,3,4,0,6,0.0,0.0,2.0,3.0,0,
Company1648,11/29/2007,Houston,Non-Tech,Finance,3,3.0,4.0,3.0,1,3,5,4,5,5,3,5,5.0,0,0,0,0,0,5,1,1,3,3,0,0,0.0,0.0,4.0,2.0,0,
Company1649,11/26/2010,San Francisco,Tech,Services,5,5.0,4.0,4.0,2,3,5,5,5,5,3,4,5.0,5,0,0,1,0,4,2,2,3,3,0,0,0.0,0.0,4.0,2.0,0,
Company1650,08/02/2011,New York,Tech,Finance,3,4.0,4.0,4.0,2,3,5,4,4,5,4,4,5.0,0,0,0,0,0,5,5,3,3,4,0,0,0.0,0.0,5.0,3.0,0,
Company1651,12/23/2011,New York,Tech,Services,3,5.0,4.0,4.0,2,2,5,4,5,5,2,5,5.0,0,2,0,0,0,1,5,1,1,3,0,0,0.0,3.0,2.0,3.0,5,
Company1652,06/24/2012,San Francisco,Tech,Finance,4,4.0,5.0,3.0,1,5,5,4,5,5,4,5,5.0,0,0,0,0,0,5,5,1,3,5,0,0,0.0,0.0,1.0,1.0,0,
Company1653,05/01/1997,Detroit,Non-Tech,Finance,4,4.0,4.0,4.0,1,2,5,2,4,5,5,4,5.0,0,0,0,2,4,3,5,2,1,5,3,3,0.0,0.0,4.0,3.0,0,
Company1654,02/26/1998,San Francisco,Tech,Services,2,2.0,4.5,4.0,4,6,10,4,4,5,3,4,7.5,0,0,0,0,0,1,12,1,1,1,0,0,0.0,0.0,7.5,5.0,0,
Company1655,04/04/2008,New York,Tech,Services,5,5.0,4.0,4.0,2,3,5,4,4,4,2,4,4.0,15,0,0,0,0,20,5,6,3,25,0,6,0.0,0.0,3.0,7.5,0,
Company1656,12/11/2012,New York,Tech,Services,4,5.0,4.0,4.0,3,1,1,4,5,5,3,5,5.0,0,0,4,0,0,3,2,2,4,1,1,0,0.0,0.0,2.0,3.0,4,
Company1657,08/15/2005,Philadelphia,Non-Tech,Finance,9,5.0,4.0,5.0,1,3,5,4,4,4,10,5,5.0,0,0,4,3,12,5,5,3,5,2,0,4,2.0,12.5,5.0,3.0,0,
Company1658,02/01/2011,New York,Tech,Finance,12,4.0,4.0,4.0,2,3,5,5,5,5,1,5,5.0,0,0,0,0,0,1,1,1,2,1,0,0,0.0,0.0,3.0,2.0,0,
Company1659,09/23/2008,Detroit,Non-Tech,Finance,4,6.0,6.0,6.0,4,4,10,8,8,10,6,8,7.5,0,0,0,0,0,10,3,1,1,5,0,0,0.0,0.0,5.0,7.5,0,
Company1660,03/05/1996,San Jose,Tech,Services,5,5.0,4.0,4.0,2,2,5,4,4,4,4,3,4.0,0,2,4,1,4,4,5,1,3,1,1,4,1.0,3.0,3.0,1.0,0,
Company1661,03/29/2013,Denver,Non-Tech,Finance,4,5.0,4.0,5.0,1,4,5,5,5,5,2,5,5.0,0,0,0,0,0,3,3,1,4,1,0,0,0.0,0.0,3.0,3.0,0,
Company1662,11/25/2009,San Francisco,Tech,Finance,2,2.0,4.0,4.0,2,2,5,5,5,5,1,5,5.0,1,2,5,1,0,3,1,3,2,1,3,4,2.0,0.0,4.0,3.0,1,
Company1663,05/01/1997,Detroit,Non-Tech,Services,2,4.0,4.0,4.0,2,3,5,5,5,5,1,5,5.0,0,0,0,0,0,1,4,1,3,1,0,0,0.0,0.0,3.0,2.0,0,
Company1664,10/14/2013,Milwaukee,Non-Tech,Finance,2,4.0,4.0,3.0,2,2,5,4,5,5,5,5,5.0,0,0,0,0,0,4,5,3,2,1,0,0,0.0,0.0,2.0,3.0,0,
Company1665,05/01/1997,San Jose,Tech,Finance,3,4.0,4.0,3.0,1,2,5,5,5,5,5,5,5.0,4,2,3,2,0,4,3,2,1,1,3,3,2.0,5.0,2.0,3.0,3,
Company1666,12/07/2004,Charlotte,Non-Tech,Services,4,5.0,3.0,5.0,2,4,5,4,4,4,2,5,5.0,0,0,0,0,0,2,5,2,1,4,0,0,0.0,0.0,1.0,3.0,0,
Company1667,10/12/2013,San Jose,Tech,Services,9,7.5,6.0,6.0,4,4,10,10,10,8,4,10,7.5,0,0,0,0,0,5,9,6,4,10,0,0,0.0,0.0,5.0,7.5,0,
Company1668,02/29/2012,Boulder,Non-Tech,Finance,4,4.0,4.0,5.0,2,2,5,4,5,10,4,5,5.0,0,3,0,0,0,3,4,5,5,2,0,0,0.0,0.0,1.0,0.0,0,
Company1669,12/28/2011,Atlanta,Non-Tech,Finance,5,2.0,4.0,4.0,2,2,5,3,5,5,1,3,5.0,0,0,0,0,0,3,1,1,1,1,0,0,0.0,0.0,1.0,2.0,0,
Company1670,03/24/2009,New York,Tech,Finance,2,3.0,4.5,4.0,2,2,5,4,8,8,4,5,5.0,0,3,0,3,4,4,4,2,1,5,0,3,0.0,4.0,2.0,3.0,4,
Company1671,07/10/2004,Boulder,Non-Tech,Services,2,3.0,4.0,4.0,1,2,5,5,10,4,5,5,4.0,2,0,4,0,4,2,5,2,2,3,5,3,2.0,1.0,2.0,3.0,3,
Company1672,12/31/1997,New York,Tech,Services,4,5.0,3.0,6.0,2,6,5,5,10,10,2,4,7.5,0,0,0,1,0,5,6,3,1,5,3,0,3.0,0.0,3.0,3.0,0,
Company1673,10/30/2013,San Francisco,Tech,Finance,3,3.0,4.0,4.0,2,4,5,5,5,5,1,5,5.0,1,0,4,0,0,5,5,1,3,1,0,0,0.0,0.0,2.0,3.0,5,
Company1674,08/13/2011,Jacksonville,Non-Tech,Services,2,1.0,4.0,4.0,2,1,1,4,4,5,3,4,5.0,3,0,4,2,3,1,3,2,1,1,1,2,3.0,5.0,2.0,3.0,3,
Company1675,06/06/2007,Los Angeles,Non-Tech,Services,2,3.0,4.0,4.0,3,2,5,5,5,5,2,5,5.0,1,5,4,2,3,5,3,4,1,2,3,1,3.0,1.0,2.0,1.0,2,
Company1676,03/19/2012,Miami,Non-Tech,Services,9,7.5,6.0,7.5,4,4,10,2,6,5,10,2,6.0,9,8,0,15,15,2,1,15,1,5,10,10,0.0,0.0,1.0,2.5,5,
Company1677,06/04/1996,Houston,Non-Tech,Services,4,5.0,4.0,4.0,2,2,5,4,4,4,3,4,4.0,3,4,4,4,4,5,5,2,4,5,3,3,1.0,2.0,5.0,2.0,3,
Company1678,07/05/1997,Atlanta,Non-Tech,Services,4,5.0,4.0,4.0,1,2,5,5,5,5,2,5,5.0,0,0,0,0,0,5,5,1,3,4,0,0,0.0,0.0,2.0,3.0,0,
Company1679,12/28/2011,Santa Ana,Non-Tech,Finance,6,5.0,6.0,4.0,6,10,5,3,10,4,4,10,4.0,0,0,0,0,0,25,6,9,1,5,0,0,0.0,0.0,4.0,7.5,0,
Company1680,08/19/2006,Los Angeles,Non-Tech,Finance,3,4.0,2.0,4.0,2,2,5,5,5,5,4,4,5.0,0,0,0,0,0,1,5,4,3,3,0,0,0.0,0.0,2.0,1.0,0,
Company1681,02/21/2013,New York,Tech,Services,3,4.0,4.0,4.0,2,2,5,5,5,4,1,5,5.0,0,0,0,0,0,2,1,2,1,1,0,0,0.0,0.0,2.5,3.0,0,
Company1682,12/18/2010,San Francisco,Tech,Services,3,5.0,4.0,4.0,1,3,5,4,4,5,3,4,5.0,0,0,2,0,0,3,5,1,1,3,0,4,0.0,0.0,2.0,3.0,0,
Company1683,02/11/1998,San Francisco,Tech,Services,4,5.0,4.0,4.0,4,4,5,5,5,5,2,3,5.0,5,5,5,4,0,3,5,1,3,2,5,5,3.0,0.0,3.0,2.0,5,
Company1684,04/04/2008,San Diego,Non-Tech,Services,12,6.0,6.0,6.0,2,1,4,4,10,10,6,8,7.5,0,0,12,0,9,20,15,3,3,25,10,6,7.5,0.0,5.0,7.5,0,
Company1685,01/14/2011,San Jose,Tech,Services,2,7.5,3.0,5.0,2,4,4,4,4,4,3,4,4.0,9,0,0,0,12,25,15,1,1,2,6,0,7.5,2.5,2.0,3.0,0,
Company1686,03/29/2013,San Francisco,Tech,Finance,5,5.0,4.0,5.0,1,4,5,5,5,5,3,5,5.0,0,0,0,0,0,3,3,1,4,1,0,0,0.0,0.0,3.0,3.0,0,
Company1687,10/17/1995,San Francisco,Tech,Finance,3,5.0,4.0,4.0,1,4,5,5,5,5,1,5,5.0,0,4,0,0,0,2,4,2,2,3,0,0,0.0,0.0,3.0,3.0,3,
Company1688,10/06/2006,Cincinnati,Non-Tech,Finance,4,5.0,4.0,4.0,1,2,5,4,4,5,4,4,5.0,0,0,0,0,0,3,5,2,4,2,0,0,0.0,0.0,3.0,2.0,0,
Company1689,04/17/2009,San Jose,Tech,Finance,4,5.0,3.0,4.0,2,2,5,5,4,5,2,4,5.0,0,0,0,0,0,10,5,2,2,4,0,0,3.0,0.0,2.0,2.0,0,
Company1690,06/01/2010,San Jose,Tech,Services,4,5.0,4.0,4.0,1,2,5,5,5,5,2,5,5.0,3,3,5,2,4,3,5,3,3,5,3,3,3.0,4.0,3.0,3.0,3,
Company1691,10/15/2012,San Francisco,Tech,Services,3,3.0,4.0,4.0,1,2,5,4,5,5,4,5,5.0,0,0,0,1,0,3,5,2,1,2,0,0,0.0,0.0,2.0,3.0,5,
Company1692,07/16/2012,San Francisco,Tech,Finance,4,5.0,4.0,4.0,1,5,5,4,5,5,3,5,5.0,0,0,0,0,0,3,5,2,2,1,0,0,0.0,0.0,4.0,2.0,0,
Company1693,08/06/2009,San Antonio,Non-Tech,Finance,5,7.5,6.0,6.0,2,2,10,4,10,10,4,10,5.0,0,8,0,0,0,5,5,3,5,10,1,0,12.5,10.0,2.0,10.0,5,
Company1694,06/06/2007,San Francisco,Tech,Finance,4,5.0,4.0,4.0,1,5,5,5,5,5,4,5,5.0,3,0,4,4,0,3,5,3,5,2,0,4,0.0,0.0,4.0,2.0,0,
Company1695,07/12/2013,Detroit,Non-Tech,Services,6,5.0,4.0,4.0,2,3,10,3,4,10,6,4,4.0,0,0,0,0,0,10,5,2,2,5,0,0,0.0,0.0,4.0,3.0,0,
Company1696,11/17/1995,San Francisco,Tech,Finance,2,4.0,5.0,3.0,2,3,5,5,5,5,2,5,5.0,1,2,0,0,3,4,1,4,1,2,0,0,0.0,0.0,2.0,3.0,0,
Company1697,02/16/2010,San Jose,Tech,Finance,2,3.0,4.0,4.0,2,2,5,5,5,5,1,5,5.0,0,0,0,0,0,5,2,1,1,1,0,0,0.0,0.0,1.0,3.0,0,
Company1698,08/03/2012,Kansas City,Non-Tech,Finance,1,2.0,2.0,5.0,2,2,5,4,4,5,3,4,4.0,0,0,0,0,0,4,2,1,2,1,2,1,2.0,3.0,3.0,2.0,0,
Company1699,12/04/1999,Boston,Non-Tech,Finance,3,4.0,4.0,4.0,2,3,5,5,5,5,2,5,5.0,0,0,0,0,0,2,4,2,2,1,0,0,0.0,0.0,2.0,3.0,0,
Company1700,08/25/2006,San Francisco,Tech,Finance,2,3.0,4.0,3.0,1,1,5,4,5,4,4,5,5.0,0,0,0,0,0,3,4,1,2,1,0,0,0.0,0.0,4.0,3.0,0,
Company1701,03/15/2011,Philadelphia,Non-Tech,Services,4,5.0,4.0,4.0,2,2,5,5,4,4,1,4,4.0,3,2,4,2,4,4,5,3,2,1,3,4,3.0,5.0,3.0,3.0,5,
Company1702,11/04/2011,San Francisco,Tech,Finance,3,5.0,4.0,4.0,2,2,5,5,5,5,2,5,5.0,0,0,0,0,0,3,4,1,1,3,0,0,0.0,0.0,2.0,3.0,0,
Company1703,07/18/2011,Cleveland,Non-Tech,Finance,3,2.0,3.0,3.0,1,2,5,4,4,5,2,4,4.0,0,0,0,0,0,1,4,1,1,1,0,0,0.0,0.0,1.0,3.0,0,
Company1704,04/19/2013,San Francisco,Tech,Finance,2,7.5,4.0,5.0,3,3,4,8,4,5,3,4,5.0,0,0,0,0,0,1,1,1,1,1,0,0,0.0,0.0,1.0,3.0,0,
Company1705,10/24/2006,Boulder,Non-Tech,Services,12,7.5,6.0,6.0,4,4,10,10,8,10,10,8,7.5,0,0,5,0,0,20,3,1,5,2,0,4,0.0,0.0,2.5,7.5,0,
Company1706,02/16/2010,Denver,Non-Tech,Finance,2,3.0,4.0,4.0,2,3,5,5,5,5,2,5,5.0,0,0,0,0,0,5,2,1,1,1,0,0,0.0,0.0,3.0,3.0,0,
Company1707,12/17/2006,Detroit,Non-Tech,Finance,2,2.0,4.0,3.0,1,5,1,5,4,5,2,4,5.0,3,4,3,0,4,3,2,2,2,1,5,0,5.0,2.0,2.0,3.0,3,
Company1708,07/22/2010,San Francisco,Tech,Services,2,3.0,4.0,4.0,2,4,5,5,5,5,5,5,5.0,3,4,4,1,3,4,5,2,5,2,2,4,2.0,5.0,2.0,1.0,5,
Company1709,02/11/1998,San Francisco,Tech,Services,4,5.0,4.0,4.0,1,4,5,5,5,5,2,5,5.0,5,5,5,4,5,3,5,1,3,2,5,5,5.0,1.0,3.0,2.0,5,
Company1710,09/21/2012,San Francisco,Tech,Services,4,5.0,4.0,4.0,2,1,5,4,4,5,3,4,5.0,0,2,3,1,4,2,3,1,1,1,2,0,0.0,3.0,3.0,3.0,5,
Company1711,10/29/2010,San Francisco,Tech,Finance,4,5.0,4.0,5.0,2,2,5,5,5,5,2,5,5.0,0,0,0,0,0,1,1,1,1,1,0,0,0.0,0.0,3.0,3.0,0,72176000.0
Company1712,10/17/1995,San Francisco,Tech,Services,4,5.0,4.0,5.0,1,4,5,4,4,5,5,3,4.0,3,0,0,0,4,5,5,2,5,3,0,5,0.0,0.0,5.0,2.0,2,
Company1713,09/19/2009,Chicago,Non-Tech,Services,4,5.0,4.0,4.0,2,3,5,5,4,4,4,4,5.0,0,4,4,0,4,3,5,2,3,1,5,4,4.0,0.0,3.0,3.0,4,
Company1714,07/04/2011,San Francisco,Tech,Finance,3,4.0,4.0,4.0,2,3,5,5,5,5,2,5,5.0,0,0,0,0,0,2,1,1,2,2,0,0,0.0,0.0,2.0,3.0,0,
Company1715,09/13/2006,Philadelphia,Non-Tech,Finance,2,4.0,4.0,4.0,2,3,5,5,5,5,2,4,5.0,0,0,0,0,0,3,1,1,2,1,0,0,0.0,0.0,3.0,2.0,0,
Company1716,09/21/2012,Atlanta,Non-Tech,Services,1,4.0,4.0,4.0,1,5,5,5,5,5,1,5,5.0,2,1,2,1,4,1,3,1,2,2,2,1,4.0,3.0,3.0,3.0,5,
Company1717,05/01/2013,New York,Tech,Finance,2,3.0,4.0,3.0,1,1,3,5,5,4,1,5,5.0,0,0,0,0,0,1,5,1,2,1,0,0,0.0,0.0,1.0,3.0,0,
Company1718,03/29/2013,New York,Tech,Finance,4,5.0,4.0,5.0,1,4,5,5,5,5,2,5,5.0,0,0,0,0,0,3,3,1,4,1,0,0,0.0,0.0,3.0,3.0,0,
Company1719,02/16/2012,Chicago,Non-Tech,Finance,3,5.0,4.0,4.0,1,3,5,4,4,5,5,4,5.0,0,0,0,0,0,2,5,2,3,2,0,0,0.0,0.0,3.0,3.0,0,
Company1720,12/17/2006,Boulder,Non-Tech,Finance,3,5.0,4.0,4.0,2,2,5,5,4,4,2,5,4.0,0,0,0,0,0,3,1,1,2,1,0,0,0.0,0.0,1.0,3.0,0,
Company1721,03/31/2011,Houston,Non-Tech,Finance,5,4.0,4.0,4.0,1,3,5,4,4,4,3,4,4.0,0,0,0,0,0,5,3,1,1,1,0,0,0.0,0.0,4.0,2.5,0,
Company1722,02/01/2012,San Francisco,Tech,Finance,15,7.5,4.5,6.0,4,5,10,10,10,10,4,10,5.0,6,2,6,1,12,20,3,1,2,2,6,2,7.5,12.5,2.0,7.5,10,
Company1723,08/02/2011,Milwaukee,Non-Tech,Finance,3,4.0,4.0,4.0,2,3,5,4,4,5,4,4,5.0,0,0,0,0,0,5,5,3,3,4,0,0,0.0,0.0,2.0,3.0,0,
Company1724,12/28/2011,New York,Tech,Services,4,5.0,4.0,5.0,3,2,5,3,5,5,5,5,5.0,0,0,0,2,0,5,5,5,4,5,0,0,0.0,2.0,5.0,0.0,0,
Company1725,10/10/2013,Tucson,Non-Tech,Finance,5,3.0,4.0,4.0,2,3,5,4,5,4,4,3,4.0,0,0,0,0,0,1,5,1,2,1,0,0,0.0,0.0,1.0,3.0,0,
Company1726,10/10/2011,Atlanta,Non-Tech,Finance,2,4.0,4.0,4.0,2,2,4,4,5,5,3,5,5.0,0,0,0,0,0,4,3,1,1,2,0,0,0.0,0.0,1.0,3.0,0,
Company1727,09/26/2009,San Jose,Tech,Finance,4,5.0,4.0,4.0,2,1,1,4,4,5,1,4,5.0,0,0,0,0,0,3,1,1,1,1,0,0,0.0,0.0,1.0,3.0,0,
Company1728,11/08/2013,San Jose,Tech,Services,3,5.0,3.0,4.0,3,2,5,4,4,4,3,4,4.0,0,0,0,0,0,5,1,1,1,3,0,0,0.0,0.0,1.0,3.0,0,
Company1729,10/06/2010,Palo Alto,Non-Tech,Services,4,5.0,4.0,5.0,2,4,5,5,5,5,1,5,5.0,2,2,4,3,4,2,4,2,3,1,4,2,5.0,4.0,3.0,3.0,3,
Company1730,07/15/2011,San Francisco,Tech,Finance,2,5.0,5.0,4.0,1,2,5,4,5,5,3,4,5.0,2,0,0,1,0,1,5,1,1,5,2,1,2.0,0.0,2.0,1.0,0,
Company1731,09/28/2010,Seattle,Non-Tech,Finance,2,3.0,3.0,4.0,2,2,1,5,4,5,2,4,5.0,0,0,0,0,0,2,3,1,1,1,0,0,0.0,0.0,1.0,3.0,0,
Company1732,02/26/2010,Houston,Non-Tech,Finance,12,7.5,3.0,7.5,4,4,10,8,8,8,6,8,6.0,0,0,0,0,0,15,3,3,2,15,0,0,0.0,0.0,2.5,7.5,0,
Company1733,07/31/2013,Albuquerque,Non-Tech,Services,4,3.0,2.0,4.0,2,2,5,4,5,5,2,5,5.0,0,0,0,0,0,4,2,2,1,4,0,0,0.0,0.0,2.0,3.0,5,
Company1734,11/29/2007,Houston,Non-Tech,Finance,4,3.0,5.0,4.0,2,1,5,5,5,5,3,5,5.0,0,0,0,0,0,3,4,1,2,3,0,0,0.0,0.0,4.0,3.0,0,
Company1735,12/29/2012,San Francisco,Tech,Services,3,5.0,4.0,5.0,2,2,5,1,4,4,5,2,4.0,2,4,4,3,4,3,5,4,1,4,3,4,4.0,4.0,4.0,2.0,5,
Company1736,08/13/2011,San Francisco,Tech,Finance,1,2.0,3.0,4.0,2,2,1,4,4,5,4,4,5.0,0,0,0,0,0,1,1,1,1,1,0,5,0.0,0.0,1.0,3.0,0,
Company1737,11/27/2008,San Francisco,Tech,Finance,1,3.0,4.0,4.0,2,2,1,5,5,5,1,5,5.0,0,0,0,0,0,1,5,1,2,2,0,0,0.0,0.0,2.0,3.0,0,
Company1738,08/06/2009,San Jose,Tech,Finance,3,5.0,4.0,4.0,2,2,5,4,4,5,4,4,5.0,3,0,3,0,3,1,5,1,4,1,5,0,3.0,0.0,4.0,1.0,0,
Company1739,01/26/2012,Tucson,Non-Tech,Services,6,4.5,6.0,7.5,2,2,10,8,10,10,10,10,5.0,6,4,12,3,12,25,12,6,1,10,2,2,2.5,2.5,5.0,7.5,15,
Company1740,10/18/2012,New York,Tech,Finance,2,2.0,4.0,5.0,2,3,5,5,5,5,2,5,5.0,2,0,4,0,4,3,15,1,1,2,1,1,1.0,0.0,2.0,3.0,0,
Company1741,04/22/2010,Louisville,Non-Tech,Finance,4,4.0,5.0,3.0,1,2,5,5,5,5,2,5,5.0,0,0,0,0,0,3,5,2,3,2,0,0,0.0,0.0,4.0,2.0,0,
Company1742,11/26/2010,El Paso,Non-Tech,Services,5,5.0,4.0,4.0,2,3,5,4,5,4,3,4,4.0,3,0,5,0,0,4,5,2,3,1,0,0,3.0,0.0,4.0,2.0,0,
Company1743,07/31/2013,San Francisco,Tech,Services,2,3.0,4.0,4.0,2,2,5,4,5,5,3,5,5.0,0,0,0,0,0,5,5,2,1,4,0,0,0.0,0.0,2.0,3.0,0,
Company1744,12/04/1999,San Jose,Tech,Finance,3,1.0,4.0,4.0,1,3,5,5,4,5,2,5,5.0,0,0,0,0,0,1,3,1,1,2,0,0,0.0,0.0,2.0,3.0,0,
Company1745,10/04/2013,New York,Tech,Finance,4,7.5,4.0,6.0,2,4,10,4,4,4,10,3,7.5,0,0,0,0,0,5,5,4,5,5,0,0,0.0,0.0,5.0,0.0,0,
Company1746,04/12/1997,San Francisco,Tech,Services,3,4.0,4.0,5.0,2,2,5,4,4,4,2,3,4.0,1,5,0,1,3,2,5,3,2,5,3,4,3.0,5.0,1.0,3.0,5,
Company1747,12/03/2012,San Francisco,Tech,Services,15,3.0,6.0,4.0,4,8,10,6,8,8,10,6,5.0,15,8,5,9,4,5,15,2,5,20,3,10,4.0,3.0,3.0,2.5,5,
Company1748,08/01/2008,San Jose,Tech,Finance,4,5.0,4.0,4.0,1,3,5,4,4,4,4,4,3.0,0,0,0,0,0,2,5,4,4,4,0,0,0.0,0.0,5.0,3.0,0,
Company1749,02/07/2007,San Francisco,Tech,Finance,3,5.0,4.0,4.0,1,4,5,5,5,5,1,4,5.0,0,0,0,0,0,2,4,2,2,3,0,0,0.0,0.0,3.0,5.0,0,
Company1750,02/09/2000,New York,Tech,Finance,2,5.0,4.0,4.0,1,2,5,5,4,4,5,5,4.0,0,0,0,0,4,4,1,1,5,1,5,5,5.0,0.0,2.0,2.0,5,
Company1751,06/07/2013,Indianapolis,Non-Tech,Services,6,5.0,6.0,7.5,6,4,5,10,10,5,2,4,7.5,0,0,0,3,0,20,4,3,4,4,1,0,0.0,0.0,5.0,5.0,4,
Company1752,03/06/2009,"Washington, D.C.",Non-Tech,Finance,2,4.0,4.0,5.0,2,2,5,5,5,5,4,5,5.0,0,0,0,0,0,3,5,2,1,1,0,0,0.0,0.0,2.0,3.0,0,
Company1753,07/04/2011,Detroit,Non-Tech,Finance,3,4.0,4.0,4.0,2,3,5,5,5,5,2,5,7.5,0,0,0,0,0,3,1,1,2,1,0,0,0.0,0.0,3.0,5.0,0,
Company1754,12/17/2010,Detroit,Non-Tech,Finance,4,5.0,4.0,5.0,2,2,5,4,5,5,3,5,5.0,0,0,0,0,0,5,5,2,2,1,0,0,0.0,0.0,3.0,3.0,0,
Company1755,06/23/2009,Palo Alto,Non-Tech,Services,3,5.0,4.0,4.0,2,5,5,4,5,5,2,5,5.0,2,2,2,1,3,2,1,3,1,1,4,1,1.0,5.0,1.0,3.0,2,
Company1756,03/27/2013,New York,Tech,Finance,2,5.0,4.0,5.0,1,5,1,5,4,5,2,4,5.0,0,0,0,0,0,1,3,1,4,4,0,0,0.0,0.0,2.0,2.0,0,
Company1757,05/01/2010,San Francisco,Tech,Services,4,4.0,4.0,4.0,2,2,5,4,5,5,4,5,5.0,1,0,4,0,4,3,4,1,4,3,0,3,2.0,3.0,5.0,1.0,5,
Company1758,03/09/1998,San Jose,Tech,Services,3,5.0,4.0,5.0,4,3,5,5,4,4,2,3,4.0,4,3,4,2,4,5,4,6,3,5,2,2,2.0,1.0,3.0,2.0,3,
Company1759,07/18/2011,San Jose,Tech,Finance,1,2.0,4.0,3.0,1,1,1,5,5,5,2,5,5.0,2,2,0,1,0,1,2,1,4,3,0,0,0.0,0.0,2.0,3.0,4,
Company1760,05/01/2009,Philadelphia,Non-Tech,Finance,4,5.0,4.0,5.0,2,3,1,5,5,5,1,5,5.0,0,0,0,0,0,3,2,1,1,1,0,0,0.0,0.0,1.0,3.0,0,
Company1761,08/27/1999,San Francisco,Tech,Finance,2,5.0,4.0,4.0,2,2,5,2,4,5,5,3,5.0,0,0,0,0,0,3,4,1,1,1,0,0,0.0,0.0,2.0,3.0,0,
Company1762,07/14/2000,San Francisco,Tech,Services,2,2.0,4.0,4.0,2,1,1,5,5,5,2,4,5.0,0,0,1,1,0,1,3,3,2,1,1,0,1.0,5.0,1.0,2.0,2,
Company1763,11/17/2009,San Francisco,Tech,Finance,5,5.0,5.0,4.0,2,2,5,3,5,4,5,3,7.5,0,0,0,0,0,4,9,6,1,1,0,0,0.0,0.0,4.0,2.0,0,
Company1764,07/28/2000,Phoenix,Non-Tech,Other,5,5.0,4.0,5.0,2,4,5,4,5,4,5,5,5.0,5,4,3,2,5,5,5,3,5,2,0,3,3.0,3.0,5.0,0.0,0,
Company1765,06/13/2009,New York,Tech,Finance,3,5.0,4.0,4.0,1,5,5,5,4,5,1,5,5.0,0,2,0,0,5,5,1,5,1,5,0,5,5.0,5.0,3.0,3.0,1,
Company1766,08/24/1996,San Francisco,Tech,Finance,4,5.0,4.0,4.0,2,2,5,4,4,5,5,4,5.0,0,0,0,0,4,3,5,1,3,1,0,0,0.0,0.0,3.0,3.0,0,
Company1767,03/27/2013,Minneapolis,Non-Tech,Finance,2,2.0,4.0,4.0,2,1,5,4,4,4,2,5,4.0,0,0,0,0,0,1,5,1,5,1,0,0,0.0,0.0,2.0,2.0,0,
Company1768,08/07/2013,San Francisco,Tech,Finance,6,4.5,6.0,6.0,2,2,2,6,8,4,10,6,6.0,0,0,3,0,3,10,12,1,2,1,0,0,0.0,0.0,3.0,7.5,25,
Company1769,04/22/2008,San Francisco,Tech,Finance,2,4.0,4.0,4.0,1,2,3,1,4,5,5,4,5.0,0,0,0,0,0,1,1,1,1,1,0,0,0.0,0.0,2.0,2.0,0,
Company1770,08/28/2009,Boulder,Non-Tech,Other,1,2.0,4.0,3.0,1,2,5,5,5,5,1,5,4.0,0,0,0,0,0,1,2,1,2,1,0,0,0.0,0.0,1.0,0.0,0,
Company1771,05/01/1998,San Francisco,Tech,Services,4,5.0,4.0,5.0,1,4,5,5,5,5,2,5,5.0,0,0,4,0,4,5,4,4,2,3,0,0,0.0,0.0,4.0,3.0,0,
Company1772,05/18/1998,San Francisco,Tech,Finance,4,5.0,4.0,5.0,2,2,10,5,8,10,2,5,5.0,0,0,15,0,0,3,2,1,2,1,0,0,0.0,0.0,3.0,3.0,0,
Company1773,06/16/2012,Pittsburgh,Non-Tech,Services,1,2.0,4.0,5.0,3,1,4,4,4,5,3,5,5.0,0,0,0,0,0,1,4,1,1,2,0,0,0.0,5.0,1.0,3.0,0,
Company1774,12/20/1997,San Francisco,Tech,Finance,3,5.0,4.0,4.0,2,2,5,5,5,5,3,5,5.0,0,4,5,0,5,5,2,1,2,2,0,0,5.0,0.0,3.0,2.0,4,
Company1775,10/04/2012,Detroit,Non-Tech,Finance,2,4.0,4.0,5.0,1,5,10,5,5,5,2,5,5.0,0,0,0,0,0,10,1,1,1,1,0,0,0.0,0.0,3.0,3.0,0,
Company1776,10/15/2011,Pittsburgh,Non-Tech,Services,2,3.0,4.0,4.0,4,4,5,10,4,5,4,5,5.0,0,0,0,1,0,2,4,3,1,2,2,0,0.0,1.0,3.0,3.0,0,
Company1777,08/01/2000,Louisville,Non-Tech,Finance,4,4.0,2.0,4.0,2,2,5,4,5,5,4,5,5.0,0,0,0,0,0,5,2,2,3,3,0,0,0.0,0.0,3.0,2.0,0,
Company1778,01/27/2005,Los Angeles,Non-Tech,Finance,5,4.0,4.0,4.0,1,2,5,5,4,5,5,4,5.0,3,2,0,0,0,5,4,4,3,2,0,3,0.0,0.0,2.0,3.0,0,
Company1779,08/01/2010,San Francisco,Tech,Services,4,5.0,4.5,7.5,1,5,5,8,8,8,3,5,5.0,0,8,12,3,0,5,5,3,4,1,2,0,0.0,12.5,2.0,5.0,0,
Company1780,02/19/2004,San Francisco,Tech,Finance,2,5.0,4.0,4.0,2,4,2,5,5,5,1,5,5.0,0,0,0,0,0,1,1,1,2,1,0,0,0.0,0.0,4.0,3.0,0,
Company1781,07/10/2013,Seattle,Non-Tech,Services,2,3.0,4.0,3.0,1,2,1,5,5,5,1,5,5.0,0,0,0,0,0,1,1,1,1,1,0,0,0.0,0.0,1.0,3.0,0,
Company1782,12/18/1998,San Francisco,Tech,Finance,4,5.0,4.0,4.0,2,2,5,4,4,4,3,5,5.0,0,0,2,2,5,3,4,1,5,3,0,0,1.0,0.0,2.0,3.0,0,
Company1783,12/17/2010,San Diego,Non-Tech,Services,12,5.0,4.0,6.0,2,2,10,8,10,5,3,5,7.5,15,0,0,15,9,5,15,2,2,25,0,0,7.5,7.5,5.0,7.5,20,
Company1784,07/23/2011,San Francisco,Tech,Finance,1,5.0,5.0,4.0,2,1,1,5,5,5,1,5,4.0,0,0,0,0,0,1,1,1,1,1,0,0,0.0,0.0,1.0,3.0,0,
Company1785,12/31/1997,Riverside,Non-Tech,Services,3,3.0,4.0,4.0,2,3,5,5,5,5,1,4,4.0,3,5,0,0,0,5,5,2,4,2,0,3,0.0,0.0,3.0,3.0,5,
Company1786,11/05/2011,Boston,Non-Tech,Finance,3,5.0,5.0,4.0,2,2,5,5,5,5,2,5,5.0,0,0,0,0,0,5,5,2,2,3,0,0,0.0,0.0,2.0,3.0,5,
Company1787,02/07/2007,San Francisco,Tech,Finance,3,5.0,4.0,4.0,1,4,5,5,5,5,4,5,5.0,0,0,0,0,0,4,2,1,2,1,0,0,0.0,0.0,3.0,3.0,0,
Company1788,10/28/2012,San Francisco,Tech,Other,4,5.0,4.0,4.0,2,2,5,4,5,5,3,5,5.0,0,0,0,0,0,5,5,2,2,5,0,0,0.0,0.0,2.0,2.0,0,
Company1789,11/01/2007,New York,Tech,Services,5,5.0,4.0,4.0,1,4,5,4,4,4,5,3,4.0,3,5,5,5,4,5,5,4,5,4,0,0,4.0,0.0,5.0,0.0,3,
Company1790,12/07/2008,San Francisco,Tech,Services,5,2.0,4.0,5.0,2,2,5,4,4,5,4,4,5.0,0,0,2,0,1,2,5,1,2,2,0,1,5.0,0.0,2.0,3.0,0,
Company1791,11/25/2011,"Washington, D.C.",Non-Tech,Finance,4,7.5,6.0,6.0,2,2,5,8,8,5,1,5,5.0,0,0,0,0,0,25,15,15,1,1,0,0,0.0,0.0,12.5,3.0,0,
Company1792,07/04/2009,Detroit,Non-Tech,Services,3,2.0,4.0,3.0,1,2,1,5,10,5,2,5,5.0,3,4,3,3,3,2,2,1,2,1,5,5,5.0,2.0,2.0,7.5,3,
Company1793,08/25/2007,San Francisco,Tech,Finance,4,5.0,4.0,7.5,1,3,5,4,4,5,3,4,5.0,0,0,0,0,0,2,5,1,3,1,0,0,0.0,0.0,4.0,3.0,0,
Company1794,04/28/2012,San Francisco,Tech,Services,4,7.5,4.0,5.0,2,4,5,4,5,4,1,3,4.0,3,4,3,3,4,2,4,5,5,10,2,5,7.5,3.0,3.0,2.0,5,
Company1795,10/25/2013,San Francisco,Tech,Finance,5,4.0,6.0,4.0,4,6,5,5,5,4,5,6,6.0,1,0,4,0,0,3,15,3,5,1,0,0,0.0,0.0,12.5,3.0,0,
Company1796,02/07/2009,Los Angeles,Non-Tech,Services,2,3.0,4.0,5.0,2,2,5,5,5,5,2,5,5.0,0,0,0,0,0,3,1,1,1,1,0,0,0.0,0.0,3.0,3.0,0,
Company1797,08/03/2012,San Francisco,Tech,Finance,4,5.0,2.0,3.0,2,4,5,4,4,4,4,3,5.0,0,0,0,0,0,5,2,2,2,3,0,0,3.0,0.0,2.0,2.0,0,
Company1798,07/10/2013,Los Angeles,Non-Tech,Services,2,3.0,4.0,5.0,1,4,1,5,5,5,2,5,5.0,0,5,0,0,0,1,3,1,2,1,0,0,0.0,0.0,3.0,3.0,0,
Company1799,07/16/2012,San Francisco,Tech,Finance,3,4.0,4.0,4.0,2,2,5,4,5,4,3,5,5.0,0,0,0,0,0,4,5,1,1,1,0,0,0.0,0.0,1.0,3.0,0,
Company1800,01/31/2012,New York,Tech,Finance,9,7.5,6.0,7.5,2,2,4,2,4,4,10,3,5.0,9,0,0,0,0,25,4,15,1,2,4,4,0.0,0.0,2.0,7.5,0,
Company1801,03/06/2013,Riverside,Non-Tech,Finance,3,4.0,5.0,3.0,2,2,5,5,5,5,3,5,5.0,0,0,0,0,0,2,2,1,1,1,0,0,0.0,0.0,2.0,3.0,0,
Company1802,09/28/2010,New York,Tech,Finance,3,3.0,3.0,4.0,2,2,1,4,5,5,4,4,5.0,3,4,4,0,4,2,3,1,5,1,0,3,0.0,3.0,5.0,3.0,0,
Company1803,01/25/2010,Philadelphia,Non-Tech,Services,4,5.0,4.0,3.0,1,3,5,5,5,5,1,5,5.0,2,2,4,2,4,3,3,1,4,4,3,3,3.0,2.0,2.0,3.0,4,63132000.0
Company1804,06/17/2010,Boulder,Non-Tech,Services,3,1.0,5.0,4.0,2,4,1,4,4,5,5,4,5.0,4,4,4,2,3,3,3,2,1,1,3,2,3.0,5.0,3.0,3.0,4,
Company1805,04/08/2010,San Francisco,Tech,Finance,2,5.0,4.0,4.0,1,2,5,5,5,5,3,4,5.0,0,0,0,0,0,3,5,1,1,3,0,0,0.0,0.0,2.0,3.0,0,
Company1806,06/17/2010,San Francisco,Tech,Services,1,1.0,5.0,4.0,1,4,1,4,4,5,3,4,5.0,4,4,4,3,3,2,5,2,1,1,3,2,3.0,5.0,3.0,3.0,5,
Company1807,03/14/2012,Los Angeles,Non-Tech,Services,3,4.0,4.0,4.0,1,2,5,5,5,5,2,5,5.0,1,2,12,1,1,3,2,1,2,5,1,1,0.0,2.0,1.0,3.0,4,
Company1808,04/22/2010,San Jose,Tech,Services,4,4.0,4.0,4.0,1,2,5,4,5,5,3,5,5.0,12,4,4,0,3,10,5,3,4,2,5,5,12.5,0.0,3.0,3.0,15,
Company1809,07/14/2000,Indianapolis,Non-Tech,Services,1,2.0,4.0,3.0,2,2,5,4,5,5,4,4,5.0,0,0,0,0,1,1,1,1,1,4,5,1,0.0,5.0,2.0,3.0,0,
Company1810,11/27/2011,Charlotte,Non-Tech,Finance,4,5.0,2.0,4.0,2,2,5,4,4,4,3,4,4.0,0,0,0,0,0,3,2,1,2,3,0,0,0.0,0.0,2.0,2.0,0,64126000.0
Company1811,03/31/2011,San Francisco,Tech,Finance,5,5.0,4.0,5.0,2,3,5,10,4,4,3,5,4.0,0,0,0,0,0,5,6,1,3,1,0,0,0.0,0.0,4.0,3.0,0,
Company1812,05/06/2013,San Francisco,Tech,Finance,12,2.0,4.0,6.0,4,4,5,8,10,10,6,10,7.5,0,0,0,0,0,20,15,3,2,15,0,0,0.0,0.0,2.0,3.0,0,
Company1813,11/27/2008,San Francisco,Tech,Finance,12,5.0,4.0,4.0,2,5,5,4,5,5,6,10,7.5,0,5,12,0,9,5,15,3,3,25,0,6,7.5,0.0,5.0,7.5,20,
Company1814,04/04/2008,San Diego,Non-Tech,Services,12,5.0,6.0,6.0,2,2,10,8,10,10,5,10,5.0,15,0,5,15,0,5,5,6,5,25,2,0,2.0,7.5,5.0,0.0,20,
Company1815,10/18/2012,San Francisco,Tech,Finance,4,5.0,4.0,5.0,1,2,5,5,4,5,1,5,5.0,0,0,3,0,4,5,5,2,5,3,0,0,2.0,0.0,5.0,1.0,0,
Company1816,11/05/2009,San Francisco,Tech,Finance,3,2.0,4.0,4.0,2,3,5,4,5,5,2,4,5.0,3,4,0,3,0,1,5,1,1,3,0,0,3.0,4.0,3.0,2.0,5,
Company1817,04/12/1997,San Francisco,Tech,Services,3,4.0,4.0,6.0,2,2,10,4,4,4,5,3,4.0,0,2,2,0,3,2,3,3,2,5,3,3,3.0,3.0,1.0,3.0,5,
Company1818,05/24/2007,San Jose,Tech,Services,1,1.0,4.0,5.0,1,3,1,4,4,4,4,3,4.0,3,0,4,2,4,1,2,2,3,1,2,0,4.0,5.0,3.0,3.0,1,
Company1819,04/04/2008,San Francisco,Tech,Finance,3,4.0,3.0,4.0,2,4,5,5,4,5,1,10,5.0,0,0,12,15,0,20,5,1,1,1,10,0,0.0,7.5,3.0,2.0,0,
Company1820,09/13/2006,New York,Tech,Finance,2,3.0,4.0,4.0,2,2,5,5,5,5,2,5,5.0,0,0,0,0,0,1,1,1,1,1,0,3,0.0,0.0,1.0,2.0,0,
Company1821,05/15/2012,New York,Tech,Finance,2,5.0,4.0,4.0,2,3,5,5,5,5,2,5,5.0,1,1,0,0,1,1,4,1,1,1,1,0,1.0,3.0,2.0,3.0,0,
Company1822,11/14/2012,San Francisco,Tech,Services,4,5.0,4.0,4.0,2,4,5,4,5,5,3,5,5.0,3,2,4,2,4,2,4,1,3,3,2,2,4.0,4.0,3.0,2.0,5,
Company1823,10/26/2009,New York,Tech,Finance,4,5.0,4.0,4.0,1,2,5,5,5,5,1,5,5.0,1,4,0,2,0,3,2,2,2,3,0,0,0.0,1.0,4.0,2.0,0,
Company1824,06/29/1997,Los Angeles,Non-Tech,Finance,3,5.0,3.0,4.0,2,2,5,5,4,5,5,4,5.0,3,5,0,0,4,5,5,2,4,5,2,2,2.0,0.0,5.0,2.0,5,
Company1825,12/12/2011,New York,Tech,Finance,15,4.5,6.0,6.0,1,4,10,5,10,10,8,10,7.5,0,0,0,0,4,20,3,3,2,1,1,0,1.0,0.0,5.0,7.5,4,
Company1826,01/01/2000,San Antonio,Non-Tech,Finance,3,5.0,4.0,4.0,2,5,5,4,5,5,2,5,5.0,2,2,2,1,3,2,1,1,1,1,4,1,1.0,5.0,1.0,3.0,2,
Company1827,11/05/2008,Dallas,Non-Tech,Services,2,2.0,5.0,4.0,2,3,4,4,5,5,3,5,5.0,1,2,0,0,3,5,4,3,2,2,2,0,3.0,3.0,2.0,3.0,3,
Company1828,12/28/2011,Boulder,Non-Tech,Finance,4,5.0,4.0,5.0,3,2,5,3,4,5,5,4,5.0,0,0,0,0,3,5,5,5,5,5,0,4,0.0,0.0,5.0,0.0,0,
Company1829,01/16/2009,San Francisco,Tech,Services,4,5.0,4.0,4.0,1,2,5,5,4,4,2,5,5.0,3,3,5,3,4,4,5,5,3,5,3,3,1.0,4.0,5.0,2.0,4,
Company1830,05/01/2009,New York,Tech,Finance,4,1.0,4.0,5.0,2,4,5,5,4,4,2,3,5.0,0,4,0,0,4,3,2,1,1,5,0,0,1.0,1.0,3.0,3.0,1,
Company1831,04/04/2012,New York,Tech,Finance,5,5.0,4.0,5.0,2,4,5,4,4,4,5,3,4.0,0,0,0,0,0,5,5,3,5,3,0,0,0.0,0.0,5.0,0.0,0,
Company1832,05/12/2013,San Francisco,Tech,Finance,4,4.0,4.0,4.0,2,2,5,5,4,5,1,4,4.0,0,0,0,0,0,1,1,1,1,1,0,0,0.0,0.0,1.0,3.0,0,
Company1833,11/17/2009,Palo Alto,Non-Tech,Finance,5,5.0,6.0,4.0,2,2,5,3,4,10,4,3,4.0,5,0,12,1,0,4,5,1,2,1,2,0,5.0,0.0,4.0,5.0,0,
Company1834,08/07/2013,Milwaukee,Non-Tech,Finance,6,4.5,6.0,7.5,2,2,2,6,8,8,5,10,7.5,6,0,12,3,0,25,12,1,2,10,0,0,0.0,2.5,5.0,7.5,15,
Company1835,11/17/1995,San Francisco,Tech,Finance,5,5.0,5.0,5.0,1,5,5,4,4,4,3,4,5.0,0,0,0,0,0,5,5,3,2,3,0,0,0.0,0.0,5.0,0.0,0,
Company1836,07/12/2013,New York,Tech,Finance,2,2.0,4.0,5.0,2,1,5,5,4,5,2,3,5.0,0,2,4,0,3,3,3,1,1,2,3,0,1.0,1.0,2.0,2.0,0,
Company1837,07/10/2013,San Francisco,Tech,Finance,5,1.0,3.0,4.0,2,2,5,4,4,5,4,4,5.0,0,4,0,5,0,4,5,1,1,2,0,2,0.0,0.0,1.0,3.0,0,
Company1838,12/29/2012,Philadelphia,Non-Tech,Services,3,5.0,4.0,4.0,1,2,5,3,4,5,5,4,5.0,5,0,4,3,3,3,4,1,5,4,4,0,4.0,0.0,2.0,2.0,5,
Company1839,08/28/2009,New York,Tech,Other,3,2.0,4.0,3.0,1,5,5,5,5,5,1,5,5.0,0,0,0,0,0,1,2,1,3,1,0,0,0.0,0.0,1.0,0.0,0,
Company1840,01/22/2011,San Francisco,Tech,Finance,4,5.0,4.0,4.0,2,3,5,4,5,5,3,5,5.0,2,0,0,1,4,4,3,3,5,4,0,0,1.0,0.0,3.0,3.0,4,
Company1841,08/14/2009,San Jose,Tech,Services,3,4.0,4.0,4.0,2,2,5,3,5,4,5,4,4.0,0,0,0,0,0,5,5,3,2,4,0,0,0.0,0.0,5.0,2.0,0,
Company1842,12/17/2010,San Francisco,Tech,Finance,3,4.0,5.0,4.0,2,1,5,4,5,5,4,5,5.0,0,0,0,0,0,5,5,3,1,4,0,0,0.0,0.0,1.0,3.0,0,
Company1843,06/04/1996,Philadelphia,Non-Tech,Services,5,5.0,4.0,4.0,1,3,5,4,4,4,2,5,5.0,2,2,4,1,4,4,3,1,4,5,2,3,3.0,4.0,4.0,2.0,5,
Company1844,10/14/2013,"Washington, D.C.",Non-Tech,Finance,12,7.5,4.0,6.0,2,4,5,8,4,5,4,5,7.5,0,0,0,0,0,4,5,3,3,1,0,0,0.0,0.0,2.0,5.0,0,
Company1845,01/03/2013,Mountain View,Non-Tech,Finance,3,3.0,4.0,4.0,2,2,5,5,5,5,2,4,5.0,0,0,15,0,0,3,1,1,1,2,0,0,0.0,0.0,2.0,7.5,0,
Company1846,05/01/2010,San Francisco,Tech,Finance,3,4.0,5.0,4.0,2,2,5,4,4,5,4,5,5.0,0,0,0,0,0,3,4,1,2,1,0,5,0.0,0.0,3.0,2.0,1,
Company1847,01/27/2005,New York,Tech,Services,3,7.5,6.0,5.0,1,3,10,4,10,10,4,10,7.5,0,8,12,0,0,3,15,1,1,15,0,0,12.5,0.0,1.0,3.0,15,
Company1848,03/27/2013,Boston,Non-Tech,Finance,2,2.0,4.0,4.0,2,1,1,1,5,4,2,4,5.0,0,0,0,0,0,1,1,1,1,1,0,0,0.0,0.0,1.0,2.0,0,
Company1849,05/30/2006,Phoenix,Non-Tech,Finance,5,3.0,4.0,4.0,2,2,5,4,5,5,2,4,5.0,0,0,0,0,0,3,3,2,1,2,0,0,0.0,0.0,2.0,1.0,0,
Company1850,01/26/2012,San Francisco,Tech,Services,6,5.0,6.0,4.0,1,2,5,8,5,10,10,10,7.5,6,4,12,3,4,25,12,2,1,5,3,3,2.5,2.5,5.0,2.0,4,
Company1851,08/25/2007,San Francisco,Tech,Finance,4,5.0,4.0,5.0,1,3,5,4,4,5,3,4,5.0,0,0,0,0,0,3,5,1,5,1,0,0,0.0,0.0,4.0,3.0,0,
Company1852,10/26/2009,San Francisco,Tech,Other,4,4.0,4.0,4.0,1,1,1,5,5,5,1,4,5.0,0,0,0,0,0,1,2,2,2,1,0,0,0.0,1.0,1.0,3.0,0,
Company1853,03/07/2011,San Francisco,Tech,Services,4,5.0,5.0,3.0,1,2,5,5,5,5,1,5,5.0,3,2,3,2,3,5,5,1,3,2,3,3,3.0,0.0,2.0,3.0,4,
Company1854,05/01/1997,Los Angeles,Non-Tech,Services,4,4.0,4.0,4.0,2,2,1,5,4,5,4,4,5.0,5,2,3,1,4,5,3,1,1,1,4,1,2.0,5.0,3.0,3.0,3,
Company1855,04/01/2000,San Francisco,Tech,Finance,4,5.0,4.0,4.0,2,2,5,5,4,4,1,3,4.0,0,0,0,0,0,1,1,2,3,2,0,0,5.0,0.0,3.0,3.0,0,
Company1856,12/25/2009,San Francisco,Tech,Services,12,7.5,7.5,4.5,2,10,10,10,10,10,4,10,7.5,3,4,9,3,3,10,15,3,4,5,6,4,7.5,5.0,10.0,5.0,25,18478000.0
Company1857,10/12/2013,Chicago,Non-Tech,Services,12,7.5,6.0,3.0,2,4,10,4,10,10,4,10,7.5,3,0,0,0,4,4,4,6,4,2,0,0,0.0,5.0,2.0,7.5,0,
Company1858,04/17/2009,San Francisco,Tech,Finance,4,5.0,4.0,3.0,2,6,5,5,5,5,2,10,5.0,0,0,3,0,0,5,12,6,2,1,0,5,0.0,0.0,3.0,3.0,0,
Company1859,12/04/2012,Philadelphia,Non-Tech,Finance,2,4.0,4.0,4.0,2,3,5,4,5,5,2,5,5.0,0,0,0,0,0,1,3,1,1,1,0,0,0.0,0.0,1.0,3.0,0,
Company1860,05/03/2009,Phoenix,Non-Tech,Finance,4,5.0,4.0,5.0,1,4,5,4,4,4,5,3,4.0,0,0,0,0,0,5,1,5,5,4,0,3,0.0,0.0,5.0,2.0,0,
Company1861,02/16/2012,Boston,Non-Tech,Finance,6,4.5,6.0,2.0,2,6,1,5,10,5,1,10,5.0,0,0,0,0,0,10,3,1,1,5,0,0,0.0,0.0,5.0,7.5,0,
Company1862,02/16/2007,New York,Tech,Finance,3,5.0,4.0,4.0,1,2,5,5,5,4,3,5,5.0,0,0,0,0,0,1,2,1,2,2,0,0,0.0,0.0,3.0,2.0,0,
Company1863,09/26/2006,Seattle,Non-Tech,Services,4,6.0,4.0,5.0,2,8,10,10,10,5,4,10,7.5,3,8,0,12,0,5,15,5,5,20,4,0,7.5,0.0,5.0,5.0,25,
Company1864,12/21/2012,San Francisco,Tech,Finance,2,4.0,4.0,4.0,2,2,5,4,4,5,3,5,5.0,0,0,0,0,0,1,1,1,4,1,0,0,0.0,0.0,2.0,3.0,0,
Company1865,01/22/2013,Miami,Non-Tech,Finance,12,7.5,4.0,6.0,2,10,10,5,10,10,6,10,7.5,9,8,12,9,12,10,15,3,1,10,0,10,12.5,12.5,1.0,10.0,10,
Company1866,03/18/2011,Boulder,Non-Tech,Services,4,5.0,4.0,4.0,2,2,5,3,5,5,5,5,4.0,0,0,0,0,0,3,3,3,2,2,0,0,0.0,0.0,3.0,3.0,0,
Company1867,05/04/2012,Seattle,Non-Tech,Services,4,3.0,4.0,3.0,2,2,5,4,5,5,3,5,5.0,3,2,3,1,3,4,3,1,2,5,1,1,1.0,1.0,2.0,3.0,0,
Company1868,10/04/2013,San Francisco,Tech,Finance,12,5.0,4.0,6.0,2,2,5,8,5,4,10,5,7.5,0,0,0,0,0,5,15,15,2,1,0,0,0.0,0.0,5.0,3.0,0,
Company1869,07/05/1997,Boulder,Non-Tech,Finance,3,2.0,4.0,4.0,1,1,1,4,5,5,3,5,5.0,0,0,2,0,0,2,1,1,1,3,0,0,4.0,0.0,1.0,3.0,0,
Company1870,07/31/2013,Seattle,Non-Tech,Services,2,1.0,5.0,4.0,2,4,5,4,4,5,3,5,5.0,0,0,0,0,0,2,5,2,1,1,0,2,0.0,5.0,2.0,3.0,0,
Company1871,06/16/2012,Austin,Non-Tech,Finance,1,2.0,4.0,5.0,3,1,1,5,5,5,3,4,5.0,0,0,0,0,0,2,4,1,1,1,0,0,0.0,0.0,1.0,3.0,0,
Company1872,04/14/2010,Austin,Non-Tech,Finance,4,5.0,4.0,5.0,1,5,5,4,4,4,3,4,4.0,0,0,0,0,0,3,4,1,1,2,0,0,0.0,0.0,2.0,3.0,0,
Company1873,05/30/2006,Charlotte,Non-Tech,Services,5,5.0,2.0,4.0,1,1,5,4,4,4,4,4,4.0,0,0,0,0,0,3,5,3,5,2,0,0,0.0,0.0,5.0,1.0,0,
Company1874,03/16/2007,Miami,Non-Tech,Finance,4,4.0,2.0,7.5,3,1,5,4,4,5,3,4,5.0,0,0,0,0,0,4,2,2,1,3,0,0,0.0,0.0,2.0,3.0,0,
Company1875,02/26/1998,Los Angeles,Non-Tech,Finance,3,7.5,4.0,4.0,2,2,5,4,5,5,4,5,7.5,3,4,4,2,4,3,12,6,5,4,0,0,3.0,3.0,5.0,3.0,0,
Company1876,09/15/2006,Milwaukee,Non-Tech,Services,3,5.0,6.0,5.0,4,4,10,5,4,4,6,3,4.0,3,0,5,2,4,5,15,2,2,20,2,0,2.0,0.0,3.0,7.5,3,
Company1877,11/16/2012,San Francisco,Tech,Finance,4,6.0,6.0,6.0,2,6,5,4,10,10,4,10,7.5,0,0,0,0,3,3,15,1,1,10,0,4,0.0,0.0,7.5,3.0,0,
Company1878,06/13/2006,Milwaukee,Non-Tech,Services,2,4.0,4.0,4.0,2,2,4,3,4,5,5,4,5.0,0,0,0,0,3,5,3,2,3,4,0,0,0.0,0.0,1.0,2.0,0,
Company1879,12/20/1997,San Francisco,Tech,Finance,5,5.0,4.0,5.0,2,4,5,4,4,4,5,5,5.0,0,4,0,0,0,5,5,3,4,3,5,0,0.0,0.0,3.0,3.0,0,
Company1880,04/12/2013,San Francisco,Tech,Services,2,5.0,4.0,5.0,3,1,1,4,5,5,2,5,5.0,0,0,0,0,0,3,3,2,2,2,0,0,0.0,0.0,2.0,3.0,0,
Company1881,07/09/2013,Louisville,Non-Tech,Finance,9,4.5,3.0,7.5,6,2,6,2,8,10,2,4,5.0,0,10,15,0,12,4,6,15,1,5,0,4,0.0,0.0,5.0,7.5,0,
Company1882,03/07/2010,New York,Tech,Finance,4,5.0,4.0,5.0,2,3,5,4,4,4,5,4,4.0,0,0,0,0,3,5,5,1,2,5,0,0,4.0,0.0,3.0,3.0,3,
Company1883,05/01/2012,Philadelphia,Non-Tech,Finance,5,5.0,4.0,5.0,2,2,5,4,4,4,5,5,4.0,2,0,0,0,0,5,5,1,3,3,0,0,0.0,0.0,5.0,0.0,0,
Company1884,07/10/2013,New York,Tech,Finance,12,5.0,3.0,6.0,2,2,5,10,5,10,3,4,5.0,0,0,0,1,0,3,5,1,2,2,0,0,3.0,0.0,3.0,3.0,0,
Company1885,01/27/2005,Seattle,Non-Tech,Finance,4,5.0,4.0,4.0,1,4,5,4,4,5,1,4,5.0,0,0,0,0,0,3,5,5,5,5,0,0,0.0,0.0,3.0,0.0,0,
Company1886,12/11/2012,Seattle,Non-Tech,Services,2,2.0,4.0,4.0,1,5,5,5,5,5,2,5,5.0,2,4,2,0,1,1,4,1,1,1,0,1,4.0,5.0,3.0,3.0,5,
Company1887,11/29/2008,San Francisco,Tech,Finance,4,3.0,4.0,4.0,1,2,5,4,4,4,3,4,5.0,0,3,4,0,0,3,5,1,3,3,0,0,0.0,0.0,4.0,3.0,3,
Company1888,05/24/2007,San Francisco,Tech,Services,6,1.0,4.0,5.0,2,4,1,6,8,4,5,6,6.0,2,0,4,2,4,1,12,6,1,10,2,2,2.0,1.0,1.0,3.0,1,
Company1889,11/26/2010,San Francisco,Tech,Services,4,5.0,5.0,4.0,1,3,5,3,4,5,5,4,4.0,3,0,2,0,0,4,5,3,4,1,5,0,0.0,0.0,4.0,2.0,5,
Company1890,03/31/2011,San Francisco,Tech,Finance,5,5.0,4.0,4.0,1,3,5,4,4,4,3,4,4.0,0,0,0,0,0,5,3,1,3,1,0,0,0.0,0.0,3.0,2.0,0,
Company1891,04/18/2006,Houston,Non-Tech,Services,4,2.0,4.0,4.0,1,5,5,5,5,5,1,5,5.0,2,1,0,1,1,1,3,1,5,1,2,1,0.0,5.0,1.0,3.0,0,
Company1892,05/01/2010,Boston,Non-Tech,Services,3,3.0,5.0,4.0,2,2,5,5,4,10,2,4,5.0,12,0,0,0,0,5,1,1,2,2,0,0,0.0,0.0,2.0,3.0,0,
Company1893,11/17/1995,San Francisco,Tech,Finance,4,5.0,5.0,4.0,1,5,5,4,4,4,3,4,5.0,0,0,0,0,0,2,5,1,1,2,0,0,0.0,0.0,4.0,3.0,0,
Company1894,07/04/2011,Dallas,Non-Tech,Finance,3,4.0,4.0,4.0,2,3,5,5,5,4,2,5,5.0,0,0,0,0,0,2,1,1,1,1,0,0,0.0,0.0,2.0,3.0,0,
Company1895,08/06/2009,"Washington, D.C.",Non-Tech,Finance,3,5.0,4.0,4.0,2,2,5,4,5,5,1,5,4.0,0,0,0,0,0,3,1,1,1,1,0,0,0.0,0.0,4.0,3.0,0,
Company1896,06/01/2010,San Francisco,Tech,Services,5,5.0,4.0,4.0,2,2,5,5,4,4,2,4,4.0,3,2,4,5,4,5,5,2,5,2,5,3,5.0,4.0,5.0,2.0,5,
Company1897,03/01/2008,Seattle,Non-Tech,Finance,3,7.5,6.0,6.0,2,4,10,8,8,10,8,8,7.5,0,0,0,0,0,25,15,9,4,25,0,0,5.0,0.0,10.0,7.5,0,
Company1898,06/01/2010,Dallas,Non-Tech,Services,1,3.0,4.0,4.0,3,1,5,4,4,4,4,4,4.0,0,0,0,0,0,2,3,1,1,1,3,0,0.0,0.0,3.0,3.0,0,
Company1899,12/31/2011,Phoenix,Non-Tech,Services,3,7.5,6.0,4.0,1,2,10,6,8,10,1,5,5.0,12,0,15,15,12,25,1,9,5,25,8,0,10.0,2.5,3.0,2.0,0,
Company1900,12/03/2012,San Francisco,Tech,Services,5,3.0,4.0,4.0,2,2,5,4,5,5,4,5,5.0,0,4,3,1,4,5,3,1,1,1,3,4,0.0,3.0,4.0,2.0,3,
Company1901,10/28/2008,San Jose,Tech,Services,3,5.0,4.0,4.0,2,3,5,4,5,5,2,5,5.0,0,4,5,0,0,5,5,3,3,1,5,0,3.0,0.0,4.0,3.0,0,
Company1902,04/12/2012,Detroit,Non-Tech,Finance,2,2.0,4.0,3.0,1,2,5,5,5,5,1,4,5.0,0,0,0,0,0,2,1,1,1,3,0,0,0.0,0.0,1.0,3.0,0,
Company1903,10/28/2012,San Jose,Tech,Finance,4,5.0,4.0,4.0,2,3,5,4,4,4,3,4,4.0,1,2,2,1,4,4,5,2,3,3,5,5,5.0,4.0,4.0,2.0,1,
Company1904,02/09/2000,Boulder,Non-Tech,Other,4,4.0,4.0,4.0,1,2,5,5,5,5,2,5,5.0,0,0,0,0,0,3,1,1,1,1,0,0,0.0,0.0,1.0,1.0,0,
Company1905,07/31/2013,Albuquerque,Non-Tech,Services,4,3.0,4.0,3.0,2,2,5,4,5,5,3,5,5.0,0,0,0,0,0,1,1,2,1,4,0,0,0.0,0.0,2.0,3.0,0,
Company1906,07/12/2013,Chicago,Non-Tech,Services,4,5.0,4.0,4.0,1,3,5,3,4,5,5,4,5.0,1,0,0,0,0,4,5,4,4,5,0,0,0.0,0.0,4.0,1.0,0,
Company1907,04/18/2006,San Francisco,Tech,Services,4,6.0,6.0,4.0,2,6,10,10,10,5,1,10,5.0,2,0,0,0,0,5,5,2,1,5,0,0,0.0,0.0,5.0,7.5,0,
Company1908,07/23/2011,San Francisco,Tech,Finance,1,1.0,5.0,3.0,5,5,1,5,5,5,1,5,5.0,0,0,0,1,0,1,1,1,1,1,0,0,0.0,0.0,1.0,3.0,1,
Company1909,08/01/2000,Raleigh,Non-Tech,Services,3,4.0,4.0,5.0,3,2,5,4,5,5,4,5,5.0,0,0,0,0,0,5,5,2,3,1,0,0,0.0,0.0,3.0,2.0,0,
Company1910,02/16/2007,New York,Tech,Finance,3,5.0,4.0,4.0,1,2,5,5,4,4,1,5,5.0,0,0,0,0,0,1,5,4,5,2,0,0,0.0,0.0,5.0,2.0,0,
Company1911,07/15/2013,San Diego,Non-Tech,Finance,2,4.0,4.0,4.0,1,2,5,4,4,5,4,4,5.0,0,0,0,0,0,2,3,1,2,1,0,0,0.0,0.0,4.0,1.0,0,
Company1912,04/21/2012,San Jose,Tech,Services,4,5.0,4.0,3.0,1,2,5,5,5,5,2,5,5.0,3,2,3,2,3,4,5,1,4,2,5,3,3.0,3.0,2.0,3.0,3,53375000.0
Company1913,12/03/2012,Detroit,Non-Tech,Finance,2,3.0,4.0,4.0,1,2,5,4,4,5,4,5,5.0,5,4,0,1,4,5,4,2,3,4,0,0,4.0,0.0,3.0,2.0,5,
Company1914,03/24/2008,San Francisco,Tech,Finance,4,5.0,5.0,3.0,1,2,5,4,5,4,4,5,5.0,3,0,0,2,3,2,5,1,4,2,0,0,3.0,4.0,1.0,1.0,4,
Company1915,10/06/2010,Los Angeles,Non-Tech,Services,4,5.0,4.0,4.0,2,2,5,3,5,5,1,5,5.0,0,2,0,3,0,5,5,2,3,1,4,2,0.0,4.0,3.0,3.0,3,
Company1916,10/28/2012,San Francisco,Tech,Finance,4,5.0,4.0,4.0,2,3,5,4,4,4,3,4,4.0,1,2,2,1,4,4,5,2,3,3,5,5,5.0,4.0,4.0,2.0,1,
Company1917,08/13/2009,San Francisco,Tech,Finance,4,5.0,4.0,5.0,1,2,5,4,4,5,3,3,4.0,0,0,0,0,0,5,5,2,1,2,0,0,0.0,0.0,2.0,3.0,0,
Company1918,10/17/2008,New York,Tech,Services,9,7.5,4.0,4.0,2,2,10,5,4,5,10,6,4.0,3,8,12,4,4,5,1,2,2,5,2,3,5.0,12.5,5.0,5.0,20,
Company1919,06/16/2012,San Francisco,Tech,Finance,1,2.0,0.0,5.0,3,1,1,4,4,5,3,4,5.0,0,0,0,0,0,1,1,1,1,1,0,0,0.0,0.0,1.0,3.0,0,
Company1920,10/25/2013,New York,Tech,Finance,3,5.0,3.0,5.0,3,4,5,4,4,4,5,4,4.0,0,0,0,0,0,5,5,1,3,1,0,0,0.0,0.0,3.0,2.0,0,19048000.0
Company1921,11/29/2007,Houston,Non-Tech,Services,9,6.0,5.0,4.0,2,2,5,4,5,5,3,5,5.0,3,2,4,2,0,5,5,1,4,3,0,2,2.0,3.0,4.0,1.0,5,
Company1922,04/18/2008,San Diego,Non-Tech,Services,3,4.0,4.0,4.0,2,2,5,3,4,5,5,5,5.0,4,4,4,5,4,2,5,5,3,5,3,5,5.0,3.0,3.0,2.0,3,
Company1923,12/17/2006,San Francisco,Tech,Other,5,5.0,4.0,5.0,2,4,5,5,8,4,5,3,4.0,5,4,0,2,5,5,1,15,5,1,0,0,3.0,3.0,5.0,2.5,3,
Company1924,05/05/2007,San Francisco,Tech,Finance,2,3.0,4.0,4.0,1,2,5,4,4,4,3,4,5.0,4,0,0,0,0,4,2,1,1,3,0,0,0.0,0.0,2.0,3.0,0,
Company1925,03/06/2009,San Francisco,Tech,Finance,5,5.0,4.0,4.0,1,3,5,5,4,4,1,4,5.0,0,2,3,0,4,1,1,2,4,1,1,0,0.0,1.0,2.0,3.0,0,
Company1926,02/19/2004,San Francisco,Tech,Finance,2,5.0,4.0,4.0,2,2,5,4,5,5,1,5,5.0,0,0,0,0,0,1,1,1,2,1,0,0,0.0,0.0,3.0,3.0,0,
Company1927,12/24/2010,San Francisco,Tech,Services,1,3.0,4.0,4.0,2,2,5,5,5,4,2,3,5.0,0,2,4,5,4,5,5,2,1,1,0,0,0.0,5.0,2.0,3.0,0,
Company1928,03/07/2010,San Francisco,Tech,Services,4,5.0,4.0,4.0,1,3,5,4,5,4,1,4,5.0,3,1,5,5,5,3,2,1,3,1,4,4,4.0,4.0,3.0,3.0,3,
Company1929,02/01/2011,San Francisco,Tech,Finance,3,4.0,4.0,4.0,2,3,5,5,5,5,1,3,5.0,0,2,5,1,5,1,1,1,2,1,0,0,0.0,0.0,3.0,1.0,0,
Company1930,12/28/2010,San Francisco,Tech,Finance,5,5.0,4.0,4.0,1,5,5,5,5,5,2,5,5.0,0,0,0,2,0,4,5,1,4,1,0,2,5.0,0.0,2.0,1.0,4,
Company1931,08/05/2011,San Jose,Tech,Finance,4,5.0,4.0,5.0,2,2,5,4,4,5,5,4,5.0,0,0,0,0,0,5,5,2,5,5,0,0,0.0,0.0,3.0,0.0,0,
Company1932,03/05/2012,Boston,Non-Tech,Finance,6,6.0,5.0,7.5,2,1,10,4,5,5,4,10,5.0,0,0,0,0,0,1,6,1,1,5,0,0,0.0,0.0,2.5,3.0,0,
Company1933,06/05/1999,San Jose,Tech,Finance,12,4.0,6.0,4.0,4,2,10,10,10,10,4,5,7.5,12,0,0,0,15,1,15,3,1,15,10,10,12.5,5.0,10.0,3.0,15,
Company1934,11/17/1995,San Francisco,Tech,Services,4,5.0,4.0,7.5,2,3,5,4,8,4,3,5,5.0,3,4,4,5,5,4,5,3,5,4,4,4,4.0,0.0,4.0,2.0,5,
Company1935,12/20/2003,Minneapolis,Non-Tech,Finance,4,3.0,4.0,4.0,2,2,3,3,5,5,2,5,5.0,4,0,0,0,0,2,3,1,1,1,0,5,5.0,0.0,2.0,2.0,0,
Company1936,11/22/2007,San Francisco,Tech,Finance,3,5.0,5.0,4.0,2,4,5,5,5,5,2,5,7.5,0,0,0,0,0,5,6,3,4,1,0,0,0.0,0.0,3.0,3.0,0,
Company1937,11/01/2006,New York,Tech,Finance,6,5.0,6.0,7.5,6,4,5,4,10,10,5,6,7.5,0,0,0,0,0,5,15,3,2,15,0,0,0.0,0.0,5.0,0.0,0,
Company1938,05/09/2009,Phoenix,Non-Tech,Services,3,4.0,3.0,4.0,2,2,5,5,5,5,2,5,5.0,2,1,2,1,4,2,2,1,2,1,2,3,3.0,5.0,1.0,3.0,5,43167000.0
Company1939,05/02/2008,San Francisco,Tech,Finance,12,5.0,4.0,4.0,1,2,5,4,10,5,3,10,5.0,0,0,0,0,0,2,4,1,1,1,2,0,2.0,1.0,1.0,3.0,5,
Company1940,11/17/1995,New York,Tech,Finance,4,5.0,5.0,4.0,1,5,5,4,4,4,3,4,4.0,0,0,0,0,0,3,5,3,2,2,0,0,4.0,0.0,4.0,2.0,0,
Company1941,04/13/2007,Durham,Non-Tech,Services,12,7.5,4.0,6.0,2,1,5,10,5,10,4,10,7.5,9,0,0,0,0,25,15,3,3,5,6,0,7.5,0.0,10.0,7.5,0,
Company1942,06/28/2012,Detroit,Non-Tech,Finance,3,5.0,4.0,4.0,2,2,5,5,5,4,1,4,5.0,0,0,0,5,4,5,1,1,1,1,0,0,0.0,5.0,2.0,3.0,5,
Company1943,09/20/2013,San Francisco,Tech,Finance,3,5.0,4.0,4.0,1,2,5,4,4,5,5,3,4.0,0,0,0,0,0,1,1,1,3,1,0,0,0.0,0.0,3.0,3.0,0,
Company1944,11/17/2009,San Francisco,Tech,Finance,2,3.0,4.0,4.0,2,1,5,3,4,4,5,3,4.0,3,0,4,1,0,3,5,2,3,1,0,5,0.0,0.0,4.0,2.0,5,
Company1945,06/09/2007,San Francisco,Tech,Finance,6,3.0,4.0,6.0,2,2,5,5,10,5,2,5,5.0,6,0,12,5,0,4,6,1,1,3,4,0,0.0,0.0,2.0,3.0,0,
Company1946,09/01/2010,Seattle,Non-Tech,Finance,1,3.0,4.0,4.0,2,2,1,4,5,5,3,5,5.0,0,0,0,0,0,1,5,1,1,2,0,0,0.0,0.0,2.0,3.0,0,
Company1947,11/27/2008,Charlotte,Non-Tech,Finance,4,5.0,4.0,4.0,1,2,5,4,5,5,3,5,5.0,0,0,0,0,0,3,3,3,1,1,0,0,0.0,0.0,4.0,2.0,0,
Company1948,02/09/2010,San Jose,Tech,Services,2,5.0,4.0,4.0,1,3,5,5,5,5,2,5,5.0,2,2,4,2,0,1,1,1,3,5,3,0,3.0,4.0,2.0,2.0,5,
Company1949,05/16/2008,San Francisco,Tech,Finance,2,5.0,4.0,5.0,2,1,1,5,4,4,1,5,4.0,0,0,0,0,0,3,4,1,5,2,0,0,0.0,0.0,5.0,3.0,0,
Company1950,03/09/1998,Denver,Non-Tech,Services,3,5.0,6.0,5.0,4,3,10,5,4,4,4,3,7.5,3,3,5,1,4,5,4,2,2,2,2,2,2.0,1.0,3.0,2.0,3,
Company1951,06/20/2011,New York,Tech,Services,4,5.0,5.0,3.0,1,5,5,5,5,5,2,5,5.0,3,4,5,3,4,5,5,2,5,1,3,3,3.0,1.0,3.0,3.0,5,
Company1952,12/03/2013,San Francisco,Tech,Finance,4,5.0,4.0,4.0,2,2,5,5,4,5,1,5,5.0,0,0,0,0,0,1,4,1,1,1,0,0,0.0,0.0,3.0,2.0,0,
Company1953,09/01/2010,Louisville,Non-Tech,Finance,1,3.0,3.0,5.0,2,1,1,4,4,5,3,3,5.0,0,0,0,0,0,1,1,1,1,1,0,0,0.0,0.0,2.0,3.0,0,
Company1954,08/06/2009,Los Angeles,Non-Tech,Services,4,5.0,4.0,4.0,2,3,5,4,4,4,3,4,4.0,3,1,3,1,4,3,2,1,1,1,4,4,4.0,2.0,3.0,3.0,0,
Company1955,12/02/2008,San Jose,Tech,Finance,4,5.0,4.0,4.0,2,3,5,4,4,4,3,5,4.0,0,0,0,0,0,2,4,2,2,1,0,0,0.0,0.0,4.0,3.0,0,
Company1956,09/20/2013,San Francisco,Tech,Other,3,3.0,3.0,7.5,1,5,5,4,4,5,3,10,7.5,0,0,0,0,0,5,3,3,1,5,0,0,0.0,0.0,3.0,7.5,0,
Company1957,04/03/2010,San Francisco,Tech,Finance,5,5.0,4.0,4.0,2,1,5,4,5,4,4,4,4.0,0,0,0,0,0,1,5,1,4,2,0,0,0.0,0.0,1.0,3.0,0,
Company1958,06/09/2007,Denver,Non-Tech,Finance,3,3.0,6.0,6.0,4,4,5,10,8,5,2,8,7.5,0,0,0,0,0,20,4,1,3,5,0,0,0.0,0.0,2.0,7.5,0,
Company1959,02/09/2000,Los Angeles,Non-Tech,Other,3,2.0,4.0,4.0,2,2,5,5,5,5,4,5,5.0,0,0,0,0,0,4,5,1,2,4,0,0,0.0,0.0,2.0,3.0,0,
Company1960,01/07/2011,San Francisco,Tech,Finance,2,5.0,4.0,4.0,2,3,5,5,4,5,5,5,4.0,0,0,0,0,0,3,5,1,3,3,0,0,0.0,0.0,3.0,2.0,0,
Company1961,10/22/2006,Seattle,Non-Tech,Services,9,6.0,6.0,6.0,4,6,10,10,4,10,5,10,7.5,0,0,0,0,0,5,6,4,2,5,0,0,4.0,0.0,5.0,3.0,0,
Company1962,03/27/2013,Indianapolis,Non-Tech,Finance,2,2.0,4.0,4.0,1,1,5,4,5,4,2,4,4.0,0,0,0,0,0,1,1,1,1,3,0,0,0.0,0.0,1.0,2.0,0,
Company1963,09/28/2008,Chicago,Non-Tech,Finance,2,4.0,4.0,4.0,2,3,5,5,5,5,5,5,5.0,0,0,0,0,0,2,1,1,4,25,0,0,0.0,0.0,1.0,7.5,0,
Company1964,12/21/2012,Phoenix,Non-Tech,Finance,4,5.0,4.0,5.0,2,1,5,4,5,5,3,5,5.0,0,0,0,0,0,3,5,1,2,1,0,0,0.0,0.0,2.0,2.0,0,
Company1965,04/19/2013,San Francisco,Tech,Finance,2,2.0,4.0,4.0,2,2,4,3,4,4,5,4,5.0,1,0,0,1,0,1,1,3,1,1,0,0,0.0,0.0,1.0,3.0,0,
Company1966,05/04/2012,San Jose,Tech,Services,2,4.0,4.0,5.0,3,2,5,5,5,5,2,5,5.0,1,2,3,1,3,5,1,1,1,2,3,3,3.0,1.0,2.0,1.0,5,
Company1967,04/26/2013,San Francisco,Tech,Finance,3,4.0,3.0,4.0,2,2,5,4,4,5,5,4,5.0,0,0,0,0,4,3,5,2,1,4,0,0,0.0,0.0,3.0,3.0,0,
Company1968,06/24/2012,Nashville,Non-Tech,Services,4,4.0,4.0,4.0,1,2,5,5,5,5,2,5,5.0,3,3,5,3,4,3,2,5,3,5,0,3,3.0,4.0,3.0,2.0,4,
Company1969,11/13/2013,San Francisco,Tech,Finance,3,5.0,4.0,4.0,1,1,5,5,5,5,1,5,5.0,0,0,0,0,0,5,4,2,1,3,0,0,0.0,0.0,1.0,3.0,0,
Company1970,08/25/2007,Indianapolis,Non-Tech,Finance,4,2.0,4.0,4.0,1,3,1,5,4,5,3,4,5.0,0,0,0,0,0,2,5,1,3,1,0,0,0.0,0.0,4.0,3.0,0,
Company1971,03/15/2011,San Francisco,Tech,Services,4,5.0,4.0,4.0,2,2,5,4,4,4,1,4,5.0,3,2,0,2,3,4,5,3,2,1,0,4,0.0,0.0,3.0,3.0,0,
Company1972,01/26/2012,St. Louis,Non-Tech,Services,6,4.5,6.0,7.5,6,2,10,5,10,10,10,10,7.5,6,4,12,3,12,25,12,6,1,10,2,2,2.5,0.0,5.0,3.0,15,
Company1973,10/15/2012,Mountain View,Non-Tech,Services,3,7.5,4.0,6.0,1,2,10,5,8,5,8,8,6.0,0,0,0,0,0,3,1,1,1,10,0,0,0.0,0.0,7.5,3.0,0,
Company1974,10/24/2006,Denver,Non-Tech,Services,12,3.0,6.0,6.0,2,4,10,8,8,10,4,10,7.5,0,0,0,0,0,5,3,2,3,5,0,0,0.0,0.0,2.5,7.5,0,
Company1975,09/10/1998,Portland,Non-Tech,Other,5,4.0,4.0,5.0,2,2,5,4,5,4,3,3,4.0,0,0,0,0,0,4,2,2,2,1,0,0,0.0,0.0,3.0,3.0,0,
Company1976,03/26/2005,Chicago,Non-Tech,Services,4,5.0,4.0,5.0,2,2,5,5,4,5,4,4,5.0,2,2,0,0,4,3,4,1,3,1,0,0,0.0,0.0,3.0,2.0,0,
Company1977,11/05/2009,Omaha,Non-Tech,Services,3,3.0,4.0,4.0,1,2,1,4,5,5,2,5,4.0,2,4,4,0,0,5,5,2,3,3,2,0,2.0,4.0,4.0,3.0,0,
Company1978,07/14/2000,Indianapolis,Non-Tech,Services,2,2.0,4.0,3.0,1,1,5,4,4,4,1,5,5.0,0,0,0,0,0,1,3,1,2,1,0,0,0.0,0.0,2.0,3.0,0,
Company1979,06/01/2012,Seattle,Non-Tech,Finance,2,3.0,4.0,4.0,1,4,5,5,5,5,4,4,5.0,1,2,0,1,3,1,3,1,1,1,2,4,4.0,5.0,2.0,3.0,5,
Company1980,10/14/2013,Bellevue,Non-Tech,Finance,3,4.0,4.0,3.0,2,2,5,4,5,5,4,5,5.0,0,0,0,0,0,4,5,3,2,4,0,0,0.0,0.0,2.0,3.0,0,
Company1981,07/10/2004,Boulder,Non-Tech,Services,2,5.0,4.0,4.0,1,4,5,5,4,5,2,5,4.0,0,2,0,0,0,5,5,2,2,3,5,0,2.0,0.0,3.0,3.0,3,
Company1982,09/15/2011,Boulder,Non-Tech,Finance,4,5.0,3.0,5.0,1,2,5,5,5,5,3,4,5.0,0,0,0,0,4,1,1,1,3,5,3,4,0.0,0.0,3.0,3.0,0,
Company1983,11/25/2011,San Francisco,Tech,Finance,3,4.0,3.0,4.0,2,5,5,5,5,5,1,5,5.0,0,0,0,5,0,3,1,4,1,1,0,5,0.0,0.0,1.0,2.0,0,
Company1984,06/05/1999,Phoenix,Non-Tech,Finance,2,4.0,2.0,4.0,2,2,1,4,5,5,2,5,5.0,0,0,0,0,0,1,1,1,1,1,0,0,0.0,0.0,1.0,3.0,0,
Company1985,06/24/2012,Nashville,Non-Tech,Services,3,4.0,4.0,4.0,2,4,5,5,5,5,1,5,5.0,3,0,0,3,12,2,15,1,1,1,0,0,0.0,0.0,3.0,3.0,0,
Company1986,09/06/1997,Boulder,Non-Tech,Finance,6,6.0,4.0,6.0,2,10,10,10,5,10,2,10,7.5,6,4,0,3,12,4,6,3,1,5,0,4,5.0,0.0,2.0,7.5,15,
Company1987,01/23/2009,Atlanta,Non-Tech,Finance,2,4.0,4.0,4.0,1,2,5,4,5,5,3,5,5.0,0,0,0,0,0,2,1,1,3,1,0,0,0.0,0.0,1.0,3.0,0,
Company1988,06/07/2013,San Francisco,Tech,Services,4,5.0,4.0,6.0,4,2,5,6,4,4,10,4,3.0,15,0,0,0,0,25,5,3,4,20,0,0,0.0,0.0,5.0,1.0,20,
Company1989,08/01/2000,San Francisco,Tech,Finance,3,3.0,4.0,5.0,2,2,5,5,5,5,4,5,5.0,0,0,0,0,0,5,5,2,3,4,1,0,0.0,0.0,3.0,2.0,0,
Company1990,07/28/2000,Denver,Non-Tech,Other,5,5.0,4.0,5.0,2,4,5,4,4,4,5,3,4.0,5,4,3,2,5,5,5,3,5,3,3,3,3.0,3.0,5.0,0.0,3,
Company1991,10/29/2007,Philadelphia,Non-Tech,Finance,2,4.0,4.0,4.0,1,3,5,4,4,4,3,4,4.0,0,0,0,0,0,4,3,1,2,1,0,0,0.0,0.0,1.0,2.0,0,
Company1992,01/14/2011,Sacramento,Non-Tech,Services,12,7.5,6.0,6.0,4,4,10,10,10,10,4,10,7.5,9,8,12,12,12,25,15,3,4,25,6,8,7.5,2.5,10.0,7.5,20,
Company1993,08/08/2013,Palo Alto,Non-Tech,Finance,2,6.0,4.5,7.5,2,4,10,10,10,10,4,10,7.5,0,0,0,0,0,10,3,3,1,5,0,0,0.0,0.0,5.0,3.0,0,
Company1994,05/16/2008,San Jose,Tech,Finance,4,5.0,4.0,5.0,1,3,5,5,5,5,1,5,5.0,0,0,0,0,3,3,4,2,5,2,0,0,0.0,0.0,5.0,3.0,0,
Company1995,06/24/2011,Kansas City,Non-Tech,Services,2,3.0,4.0,4.0,2,5,5,4,4,5,5,4,5.0,0,3,4,1,4,5,4,2,2,2,2,2,2.0,1.0,1.0,3.0,0,
Company1996,12/23/2012,Austin,Non-Tech,Services,4,5.0,3.0,4.0,1,2,4,5,4,4,3,4,4.0,0,0,0,0,0,5,4,1,1,2,0,0,0.0,0.0,2.0,3.0,0,
Company1997,03/07/2010,San Francisco,Tech,Finance,4,5.0,4.0,4.0,1,5,5,4,5,5,3,5,7.5,0,1,0,0,0,3,5,2,5,1,0,0,0.0,0.0,4.0,2.0,0,
Company1998,09/13/2006,Seattle,Non-Tech,Finance,2,3.0,3.0,4.0,2,2,1,5,4,5,2,5,5.0,0,0,0,0,0,2,3,1,1,1,0,0,0.0,0.0,1.0,3.0,0,
Company1999,06/21/2008,Boulder,Non-Tech,Finance,2,3.0,4.0,3.0,1,4,5,5,5,5,2,5,5.0,0,0,0,0,0,1,2,1,1,1,0,0,0.0,0.0,3.0,2.0,0,32588000.0
Company2000,08/06/2009,San Francisco,Tech,Finance,4,5.0,4.0,3.0,1,2,5,4,4,4,2,4,5.0,0,5,0,0,0,5,5,1,3,1,0,5,0.0,0.0,4.0,2.0,0,
Company2001,11/25/2008,San Francisco,Tech,Services,3,5.0,4.0,4.0,2,3,5,4,5,5,3,5,5.0,0,4,0,5,0,3,5,2,5,5,1,4,1.0,0.0,3.0,3.0,0,
Company2002,05/01/2011,Nashville,Non-Tech,Services,4,4.0,4.0,4.0,1,2,5,4,5,5,3,5,5.0,3,5,5,3,4,5,5,3,3,5,2,2,2.0,3.0,3.0,1.0,5,32487000.0
Company2003,11/17/1995,San Francisco,Tech,Finance,4,5.0,5.0,4.0,2,5,5,4,4,4,4,4,4.0,0,0,0,0,0,4,5,3,2,4,0,0,0.0,0.0,4.0,3.0,0,
Company2004,01/22/2013,San Francisco,Tech,Services,12,7.5,4.0,4.0,2,2,5,8,10,4,4,10,3.0,9,8,2,9,5,10,5,3,5,2,1,10,12.5,10.0,12.5,1.0,0,
Company2005,02/16/2012,San Jose,Tech,Finance,4,5.0,5.0,4.0,1,5,5,5,10,10,2,10,5.0,0,0,0,0,0,10,5,3,2,5,0,0,0.0,0.0,4.0,3.0,0,
Company2006,01/01/2000,San Francisco,Tech,Services,3,5.0,4.0,4.0,2,5,5,5,5,5,2,5,5.0,2,2,2,1,3,2,1,1,1,1,4,1,3.0,5.0,1.0,3.0,2,
Company2007,11/01/2007,Chicago,Non-Tech,Finance,5,5.0,4.0,5.0,1,4,5,4,4,4,3,3,4.0,3,5,0,5,4,5,5,1,1,1,5,4,4.0,1.0,5.0,0.0,3,
Company2008,08/30/2013,Boise,Non-Tech,Finance,4,5.0,4.0,4.0,2,2,5,4,4,5,3,5,5.0,4,0,5,0,4,3,5,1,4,5,0,0,0.0,0.0,4.0,1.0,5,
Company2009,07/12/2012,New York,Tech,Services,2,3.0,4.0,4.0,2,2,5,4,5,5,4,5,5.0,2,3,4,0,4,4,4,2,1,4,1,0,1.0,4.0,2.0,3.0,4,
Company2010,02/16/2010,Santa Ana,Non-Tech,Finance,12,7.5,3.0,6.0,2,2,10,5,5,5,1,5,5.0,0,0,0,0,0,5,1,1,3,1,0,0,0.0,0.0,3.0,3.0,0,
Company2011,06/01/2012,Minneapolis,Non-Tech,Finance,2,2.0,4.0,4.0,2,2,4,4,5,5,3,5,5.0,0,0,0,0,4,4,5,5,1,2,1,0,0.0,0.0,5.0,3.0,0,
Company2012,06/08/2000,Los Angeles,Non-Tech,Services,3,4.0,4.0,4.0,2,2,5,4,4,5,4,4,5.0,0,0,0,0,0,5,5,2,2,1,0,0,0.0,0.0,2.0,3.0,0,
Company2013,12/17/2006,Chicago,Non-Tech,Services,3,5.0,4.0,4.0,2,3,5,3,4,4,5,4,4.0,0,0,0,0,0,3,5,2,2,1,0,0,0.0,0.0,2.0,3.0,0,
Company2014,01/26/2012,St. Louis,Non-Tech,Finance,2,4.5,4.0,4.0,2,2,2,4,5,5,3,5,7.5,0,4,0,3,12,25,3,6,1,1,0,0,2.5,2.5,5.0,3.0,0,
Company2015,07/04/2011,Boulder,Non-Tech,Services,12,2.0,4.0,4.0,1,4,1,4,4,5,1,8,7.5,0,0,0,0,0,1,1,12,5,1,0,0,0.0,0.0,10.0,3.0,0,
Company2016,09/09/2010,San Francisco,Tech,Finance,3,4.0,4.0,4.0,2,2,5,5,5,5,2,5,5.0,0,0,0,0,0,3,2,1,1,1,0,0,0.0,0.0,1.0,3.0,0,
Company2017,05/07/2010,San Francisco,Tech,Services,2,7.5,6.0,3.0,1,2,10,3,8,8,8,2,3.0,0,4,3,0,0,15,15,1,3,1,0,2,0.0,4.0,2.0,3.0,0,
Company2018,11/01/2007,San Francisco,Tech,Services,5,4.0,4.0,5.0,2,1,5,4,5,4,2,3,5.0,0,5,5,0,4,4,2,4,1,3,5,4,0.0,1.0,2.0,2.0,0,
Company2019,11/05/2009,New York,Tech,Services,3,6.0,4.0,4.0,2,3,5,5,5,5,2,5,7.5,3,4,0,0,0,5,5,2,2,3,0,4,0.0,0.0,5.0,1.0,0,
Company2020,01/31/2012,New York,Tech,Finance,9,7.5,5.0,4.0,6,2,5,5,5,5,4,4,7.5,0,0,0,0,0,4,5,3,5,2,0,3,0.0,2.5,4.0,2.0,25,
Company2021,10/25/2013,San Francisco,Tech,Services,3,5.0,6.0,6.0,2,2,10,4,5,8,3,4,3.0,2,0,0,0,0,5,5,3,3,2,0,0,1.0,0.0,12.5,2.5,0,
Company2022,03/16/2006,Boulder,Non-Tech,Services,3,5.0,6.0,6.0,1,4,5,4,8,8,3,5,5.0,1,2,2,1,12,2,15,2,3,3,8,2,3.0,2.5,3.0,1.0,20,
Company2023,09/15/2007,Indianapolis,Non-Tech,Finance,4,4.5,6.0,7.5,6,4,10,10,4,10,2,10,7.5,0,0,0,0,0,20,2,3,1,5,0,0,0.0,0.0,5.0,5.0,0,
Company2024,12/17/2010,Philadelphia,Non-Tech,Finance,5,5.0,4.0,5.0,2,2,5,4,5,5,3,5,5.0,0,0,0,0,0,5,5,2,2,1,0,0,0.0,0.0,3.0,3.0,0,
Company2025,03/16/2007,San Francisco,Tech,Finance,4,4.0,4.5,4.0,3,4,5,4,4,5,3,4,5.0,0,0,0,0,0,4,2,2,1,10,0,0,0.0,0.0,2.0,3.0,0,
Company2026,01/15/2013,Chicago,Non-Tech,Finance,1,2.0,5.0,4.0,1,2,1,5,5,5,1,5,5.0,0,0,0,3,0,3,2,2,5,1,3,3,3.0,1.0,4.0,3.0,0,
Company2027,09/20/2013,San Francisco,Tech,Services,4,5.0,3.0,5.0,1,5,5,5,5,4,2,3,4.0,0,5,5,5,5,3,1,5,3,4,5,4,0.0,4.0,4.0,3.0,3,
Company2028,11/22/2009,Louisville,Non-Tech,Finance,4,4.0,4.0,4.0,2,2,5,5,5,5,2,5,5.0,0,0,0,0,0,4,2,1,2,1,0,0,0.0,0.0,2.0,3.0,0,
Company2029,05/03/2009,Boston,Non-Tech,Finance,4,5.0,4.0,6.0,2,4,10,8,4,10,5,8,5.0,0,0,0,0,0,25,5,2,4,25,0,0,0.0,0.0,10.0,2.0,0,
Company2030,10/18/2012,San Francisco,Tech,Finance,3,4.0,3.0,5.0,2,2,5,5,5,5,5,5,5.0,2,0,4,0,4,3,5,1,1,4,1,0,0.0,0.0,3.0,3.0,0,
Company2031,09/09/2010,San Francisco,Tech,Services,3,5.0,4.0,4.0,2,4,5,5,5,5,3,5,5.0,0,0,4,0,0,2,5,2,2,3,3,4,0.0,0.0,1.0,2.0,0,
Company2032,04/18/2006,Minneapolis,Non-Tech,Services,1,2.0,5.0,4.0,1,2,4,4,5,5,1,5,5.0,0,0,2,0,0,1,2,1,2,1,0,1,4.0,5.0,2.0,3.0,0,
Company2033,07/28/2000,Santa Ana,Non-Tech,Finance,5,5.0,4.0,5.0,2,2,5,5,5,5,5,3,4.0,5,0,0,2,0,5,5,3,1,1,3,0,0.0,0.0,3.0,3.0,0,
Company2034,08/20/2004,Austin,Non-Tech,Services,4,5.0,5.0,7.5,1,5,5,5,5,5,2,5,5.0,0,8,4,9,9,4,1,1,5,2,3,2,2.0,2.0,12.5,2.0,5,
Company2035,07/22/2010,Boston,Non-Tech,Services,2,3.0,4.0,2.0,2,1,5,5,10,5,6,5,5.0,3,0,4,1,3,4,4,2,1,2,3,4,2.0,5.0,2.0,7.5,5,
Company2036,02/26/2010,Charlotte,Non-Tech,Finance,2,2.0,3.0,7.5,1,2,1,8,4,5,6,4,6.0,0,0,0,0,0,15,1,1,1,1,0,0,0.0,0.0,1.0,3.0,0,
Company2037,07/20/2007,San Jose,Tech,Finance,2,3.0,4.0,4.0,2,2,5,5,5,5,2,5,5.0,0,0,0,0,0,5,4,2,4,3,0,0,0.0,0.0,2.0,3.0,0,
Company2038,12/03/2012,San Francisco,Tech,Services,6,3.0,4.0,5.0,6,2,10,8,10,5,4,5,7.5,5,4,4,1,12,25,12,2,3,4,2,4,4.0,0.0,5.0,2.0,5,
Company2039,05/04/2012,San Antonio,Non-Tech,Finance,3,4.0,3.0,5.0,2,2,5,4,5,5,1,5,5.0,3,0,3,0,0,3,1,1,1,1,0,4,0.0,1.0,1.0,2.0,5,
Company2040,10/23/2004,New York,Tech,Finance,2,7.5,6.0,4.0,2,10,10,5,5,10,6,10,7.5,0,0,0,9,12,10,1,1,5,1,10,0,0.0,10.0,1.0,3.0,0,
Company2041,06/05/1999,Detroit,Non-Tech,Services,4,2.0,5.0,3.0,1,5,5,4,5,4,2,5,5.0,3,0,2,4,4,1,1,1,1,1,5,5,5.0,4.0,2.0,3.0,3,
Company2042,09/04/2009,Miami,Non-Tech,Services,5,5.0,4.0,5.0,3,2,5,2,4,5,5,3,4.0,3,0,0,2,4,5,5,2,3,5,0,1,1.0,1.0,5.0,0.0,0,
Company2043,04/14/2010,San Francisco,Tech,Finance,4,5.0,4.0,4.0,1,4,5,3,4,4,1,4,4.0,0,0,0,0,0,2,4,1,4,1,0,0,0.0,0.0,3.0,3.0,0,
Company2044,09/21/2012,San Francisco,Tech,Services,4,5.0,4.0,4.0,2,3,5,5,4,5,2,4,5.0,1,2,3,1,4,2,3,1,1,1,2,1,2.0,3.0,3.0,3.0,5,
Company2045,09/07/2010,San Francisco,Tech,Finance,4,5.0,4.0,5.0,3,4,5,4,4,4,1,3,5.0,0,5,3,3,5,3,5,5,5,3,0,5,2.0,3.0,5.0,2.0,5,
Company2046,01/25/2014,San Francisco,Tech,Finance,5,5.0,4.0,4.0,2,2,5,4,4,4,4,3,4.0,0,0,0,0,0,4,5,1,3,1,0,0,0.0,0.0,3.0,1.0,0,11499000.0
Company2047,02/19/2004,Dallas,Non-Tech,Finance,4,5.0,4.0,3.0,1,4,5,4,4,5,1,5,5.0,0,0,0,0,0,2,1,1,1,1,0,0,1.0,1.0,1.0,3.0,0,
Company2048,09/17/2009,"Washington, D.C.",Non-Tech,Other,2,3.0,4.0,3.0,2,5,5,5,5,5,2,5,4.0,0,0,0,4,0,4,5,1,2,4,0,0,0.0,0.0,2.0,3.0,5,
Company2049,08/05/2011,New York,Tech,Finance,9,3.0,6.0,4.0,2,2,5,5,4,5,5,5,5.0,0,0,0,0,0,5,5,6,1,1,0,0,0.0,0.0,5.0,2.0,0,
Company2050,06/15/2010,San Francisco,Tech,Services,2,7.5,6.0,6.0,4,4,10,4,8,8,10,6,5.0,15,5,15,15,4,25,15,12,3,25,6,6,7.5,5.0,5.0,5.0,20,
Company2051,04/13/2007,San Francisco,Tech,Finance,6,4.0,2.0,4.0,2,6,5,4,10,5,4,5,5.0,0,0,0,0,0,1,1,1,1,1,0,0,0.0,0.0,1.0,7.5,0,
Company2052,01/18/2013,San Francisco,Tech,Services,4,5.0,4.0,4.0,2,3,5,3,4,5,5,3,4.0,0,0,4,0,0,3,5,2,2,5,0,0,0.0,0.0,2.0,3.0,0,
Company2053,02/09/2000,Los Angeles,Non-Tech,Services,3,5.0,4.0,4.0,1,3,5,5,5,4,2,5,5.0,0,2,0,0,0,4,1,1,3,1,0,0,4.0,5.0,1.0,3.0,0,
Company2054,06/30/2001,Boulder,Non-Tech,Finance,4,5.0,3.0,4.0,2,1,5,4,5,5,3,4,4.0,0,0,0,0,0,4,5,1,1,2,0,0,0.0,4.0,2.0,2.0,4,
Company2055,06/01/2010,San Francisco,Tech,Services,2,4.0,4.0,5.0,2,4,5,5,5,4,2,4,4.0,0,0,0,0,0,5,5,2,1,3,5,3,5.0,4.0,5.0,2.0,0,
Company2056,04/12/2013,San Francisco,Tech,Services,2,2.0,4.0,5.0,1,1,1,5,5,5,2,5,5.0,0,0,0,0,0,3,3,2,2,2,0,0,0.0,0.0,2.0,3.0,0,
Company2057,08/05/2011,New York,Tech,Finance,4,5.0,4.0,5.0,2,2,5,5,4,5,5,5,5.0,0,0,0,0,0,3,2,5,1,5,0,0,0.0,12.5,5.0,3.0,0,
Company2058,10/29/2007,Columbus,Non-Tech,Finance,3,4.0,4.0,3.0,1,3,5,4,5,4,3,5,4.0,0,0,0,0,0,4,4,1,3,5,0,0,0.0,0.0,2.0,2.0,0,
Company2059,04/04/2012,San Francisco,Tech,Finance,1,2.0,4.0,3.0,1,1,1,5,5,4,5,5,5.0,0,0,0,0,0,1,1,1,5,1,0,0,0.0,0.0,5.0,3.0,0,
Company2060,09/17/2009,New York,Tech,Services,2,5.0,4.0,7.5,1,3,5,5,5,5,2,5,5.0,2,2,0,2,4,5,3,1,3,5,0,3,0.0,4.0,2.0,2.0,5,
Company2061,04/22/2010,San Francisco,Tech,Finance,4,5.0,5.0,3.0,1,5,5,5,5,5,2,5,5.0,0,0,0,0,0,4,5,3,1,1,0,0,0.0,0.0,4.0,2.0,0,
Company2062,05/18/2011,Boulder,Non-Tech,Finance,1,5.0,5.0,2.0,1,1,1,4,5,5,1,5,5.0,0,4,0,3,0,5,2,2,5,1,0,0,0.0,0.0,2.0,3.0,0,
Company2063,10/15/2012,Mountain View,Non-Tech,Finance,3,3.0,4.0,4.0,2,2,5,4,5,5,4,5,5.0,0,0,0,0,0,3,1,4,1,2,0,0,0.0,0.0,2.0,3.0,0,
Company2064,10/15/2011,San Francisco,Tech,Services,2,2.0,4.0,5.0,2,4,5,4,5,5,3,5,5.0,0,0,0,0,0,2,4,1,3,2,0,0,0.0,0.0,2.0,3.0,0,
Company2065,07/04/2008,Memphis,Non-Tech,Finance,12,7.5,6.0,6.0,4,6,10,8,8,4,6,8,6.0,0,0,4,0,0,20,15,3,2,15,0,0,0.0,0.0,10.0,5.0,0,
Company2066,07/12/2012,San Francisco,Tech,Finance,4,5.0,4.0,3.0,1,2,5,5,5,5,2,5,5.0,0,0,0,0,0,1,4,1,5,1,0,0,0.0,0.0,2.0,3.0,0,
Company2067,05/24/2007,San Francisco,Tech,Finance,4,1.0,4.0,5.0,1,4,1,4,4,4,5,5,4.0,2,4,0,2,4,1,2,2,1,1,2,2,2.0,1.0,1.0,3.0,1,
Company2068,09/13/1999,Atlanta,Non-Tech,Other,2,3.0,4.0,4.0,1,2,5,4,5,5,1,5,5.0,0,0,0,0,0,2,3,1,2,2,0,0,0.0,0.0,2.0,3.0,0,
Company2069,04/22/2008,New York,Tech,Services,2,2.0,3.0,4.0,1,2,5,1,5,5,5,4,5.0,0,0,0,0,0,1,1,1,1,1,4,0,1.0,0.0,2.0,2.0,0,
Company2070,08/28/2010,Albuquerque,Non-Tech,Services,1,1.0,4.0,4.0,1,2,1,5,5,5,1,5,5.0,1,1,2,1,4,1,1,1,1,1,4,4,4.0,2.0,2.0,3.0,4,49525000.0
Company2071,08/01/2010,Seattle,Non-Tech,Finance,4,5.0,4.0,4.0,1,3,5,5,5,5,1,5,5.0,0,0,0,0,0,1,1,2,1,1,0,0,0.0,0.0,5.0,3.0,0,
Company2072,03/05/2012,Long Beach,Non-Tech,Finance,6,6.0,4.0,4.0,1,4,5,10,4,5,5,5,5.0,0,0,0,0,0,3,5,9,4,2,0,0,0.0,0.0,2.5,3.0,0,
Company2073,02/11/1998,San Diego,Non-Tech,Finance,4,5.0,4.0,4.0,1,4,5,5,5,5,2,5,5.0,5,5,5,4,0,3,5,1,3,2,5,5,5.0,1.0,3.0,2.0,5,
Company2074,02/01/2012,Houston,Non-Tech,Services,15,7.5,4.5,6.0,4,4,10,10,10,10,4,10,4.0,6,2,6,3,12,20,3,3,2,5,6,6,7.5,12.5,5.0,7.5,10,
Company2075,07/07/2010,San Francisco,Tech,Finance,2,5.0,4.0,4.0,2,2,5,4,5,4,3,5,4.0,0,0,0,0,0,3,5,1,3,1,3,4,3.0,0.0,4.0,3.0,0,
Company2076,10/15/2011,Chicago,Non-Tech,Services,4,5.0,4.0,5.0,2,4,5,5,5,5,2,3,5.0,0,0,0,0,0,2,4,1,3,2,0,0,0.0,0.0,3.0,3.0,0,
Company2077,12/04/1999,San Francisco,Tech,Services,2,5.0,4.0,5.0,1,3,5,5,5,5,3,5,5.0,3,0,4,0,0,3,1,2,5,3,0,0,0.0,0.0,5.0,1.0,0,
Company2078,12/03/2013,San Francisco,Tech,Finance,4,5.0,4.0,5.0,2,2,5,4,4,5,4,4,5.0,0,0,0,0,0,3,3,1,1,1,0,0,0.0,0.0,3.0,2.0,0,
Company2079,11/19/2009,San Francisco,Tech,Finance,4,4.0,2.0,4.0,3,1,5,4,10,5,3,4,5.0,0,0,0,0,0,4,2,2,1,3,0,0,0.0,0.0,2.0,3.0,0,
Company2080,12/04/2012,Chicago,Non-Tech,Services,2,3.0,4.0,3.0,1,4,5,5,5,5,1,5,5.0,0,0,0,0,0,1,3,1,2,1,0,0,0.0,0.0,3.0,3.0,0,
Company2081,07/04/2008,Chicago,Non-Tech,Finance,2,4.0,6.0,6.0,4,6,10,5,5,8,2,5,6.0,0,0,0,0,0,20,1,3,1,15,0,0,0.0,0.0,2.0,5.0,0,
Company2082,11/25/2011,New York,Tech,Services,4,5.0,4.0,4.0,2,2,5,4,5,5,1,4,5.0,3,0,5,3,4,3,5,3,5,1,3,0,0.0,1.0,4.0,3.0,0,
Company2083,02/09/2000,Charlotte,Non-Tech,Finance,4,4.0,4.0,4.0,4,4,5,4,8,8,3,8,5.0,0,4,4,3,0,15,3,3,3,5,0,0,0.0,0.0,3.0,3.0,0,
Company2084,04/12/2013,San Francisco,Tech,Services,2,2.0,4.0,4.0,3,1,1,5,5,5,2,5,5.0,0,0,0,0,0,3,3,2,1,2,0,0,0.0,0.0,2.0,3.0,0,
Company2085,11/03/2012,San Francisco,Tech,Services,4,5.0,3.0,4.0,2,2,5,5,4,4,4,4,3.0,0,0,0,0,4,5,5,4,4,2,0,0,0.0,0.0,5.0,1.0,0,
Company2086,02/09/2010,San Francisco,Tech,Services,4,5.0,4.0,4.0,2,2,5,5,5,5,2,5,5.0,2,2,4,2,0,25,4,1,3,5,3,3,3.0,4.0,2.0,2.0,5,
Company2087,06/28/2012,Denver,Non-Tech,Finance,3,4.0,4.0,5.0,2,2,5,5,4,5,5,4,4.0,0,4,0,0,0,3,1,1,1,1,0,0,0.0,0.0,2.0,2.0,0,
Company2088,10/04/2012,San Jose,Tech,Services,2,2.0,4.0,3.0,2,5,5,5,5,5,2,5,5.0,1,2,4,1,3,4,3,4,1,1,3,0,2.0,2.0,4.0,2.0,5,
Company2089,02/26/2011,Phoenix,Non-Tech,Finance,4,5.0,4.0,4.0,1,2,5,5,5,5,1,4,5.0,2,2,3,1,0,3,2,1,4,4,1,1,1.0,1.0,2.0,2.0,4,
Company2090,01/15/2013,Boston,Non-Tech,Finance,2,4.0,4.0,4.0,2,2,5,2,5,5,5,3,5.0,4,3,3,2,4,1,5,2,5,1,0,0,2.0,0.0,2.0,3.0,3,
Company2091,06/04/1996,San Francisco,Tech,Services,6,5.0,4.0,7.5,6,4,5,4,5,5,3,5,5.0,2,0,3,1,4,5,3,2,4,5,0,0,0.0,2.0,4.0,2.0,0,
Company2092,12/20/1997,San Jose,Tech,Finance,4,5.0,5.0,3.0,2,2,5,5,5,5,3,5,5.0,0,2,3,5,3,5,5,1,3,1,5,0,5.0,1.0,3.0,2.0,4,
Company2093,02/09/2000,Boulder,Non-Tech,Other,3,5.0,4.0,4.0,1,2,5,3,5,5,5,4,5.0,0,0,0,0,0,3,5,1,5,5,0,0,0.0,0.0,1.0,3.0,0,
Company2094,08/05/2011,Baltimore,Non-Tech,Finance,4,5.0,4.0,4.0,2,2,5,4,4,5,5,4,5.0,0,0,0,0,0,5,4,5,5,5,0,0,2.0,0.0,1.0,3.0,0,
Company2095,12/16/2005,San Francisco,Tech,Finance,2,4.0,4.0,4.0,1,3,5,4,5,5,3,5,5.0,0,0,0,0,0,2,4,2,2,1,0,0,0.0,0.0,2.0,3.0,0,40666000.0
Company2096,01/05/2000,San Francisco,Tech,Finance,3,5.0,4.0,4.0,1,5,5,4,4,4,4,4,5.0,0,0,0,5,5,5,5,4,4,2,0,0,0.0,3.0,4.0,1.0,0,
Company2097,10/11/2010,Los Angeles,Non-Tech,Services,4,5.0,6.0,5.0,2,5,10,4,8,8,10,6,4.0,15,10,15,5,4,25,15,6,3,20,8,10,10.0,2.5,7.5,3.0,3,
Company2098,03/29/2013,San Francisco,Tech,Finance,4,5.0,4.0,5.0,1,2,5,5,5,5,1,5,5.0,0,0,0,3,4,3,3,1,4,1,0,0,1.0,0.0,3.0,3.0,0,
Company2099,05/02/2013,San Francisco,Tech,Finance,2,2.0,4.0,4.0,1,3,5,5,5,5,2,5,5.0,3,0,5,0,0,2,4,1,2,1,0,0,0.0,5.0,3.0,3.0,0,
Company2100,06/30/2001,Chicago,Non-Tech,Finance,2,4.0,4.0,4.0,2,3,5,4,4,4,2,5,4.0,1,0,0,1,0,4,4,2,3,3,0,0,5.0,4.0,4.0,3.0,1,
Company2101,03/24/2009,Los Angeles,Non-Tech,Finance,2,3.0,4.0,4.0,2,2,5,4,5,5,4,5,5.0,3,3,4,3,4,4,5,2,2,4,1,4,1.0,3.0,2.0,3.0,5,
Company2102,09/09/2005,San Francisco,Tech,Services,4,5.0,5.0,5.0,1,5,3,5,4,4,3,3,4.0,3,5,0,5,0,4,5,5,3,4,5,4,5.0,4.0,4.0,2.0,3,
Company2103,11/08/2013,New York,Tech,Services,4,5.0,4.0,4.0,3,2,5,3,4,5,2,4,4.0,0,0,0,0,0,5,4,5,2,3,0,0,0.0,0.0,1.0,0.0,0,
Company2104,12/07/2008,San Francisco,Tech,Finance,12,7.5,4.0,4.0,1,2,5,5,5,5,1,5,5.0,15,1,2,15,1,25,2,1,1,25,5,6,5.0,1.0,2.0,3.0,0,
Company2105,12/20/2003,San Jose,Tech,Services,3,5.0,4.0,4.0,2,2,5,3,5,5,1,4,5.0,0,0,4,5,4,2,5,1,1,5,0,0,5.0,0.0,2.0,2.0,0,
Company2106,08/06/2009,San Diego,Non-Tech,Finance,12,5.0,6.0,6.0,1,2,5,3,4,4,6,3,5.0,3,5,12,1,0,5,15,1,3,1,0,2,2.0,0.0,4.0,2.0,0,
Company2107,10/04/2013,Phoenix,Non-Tech,Finance,12,7.5,4.5,5.0,2,4,5,8,4,4,10,3,5.0,0,0,0,0,0,20,5,5,5,15,0,0,0.0,0.0,5.0,1.0,0,
Company2108,05/16/2008,Raleigh,Non-Tech,Finance,3,5.0,4.0,5.0,1,3,5,5,5,5,1,5,5.0,0,0,0,0,0,3,4,2,5,2,0,0,0.0,0.0,5.0,3.0,0,
Company2109,08/15/2005,San Francisco,Tech,Finance,5,7.5,4.5,7.5,2,4,10,4,4,8,4,6,6.0,0,0,12,3,12,5,15,1,2,5,0,0,0.0,12.5,10.0,5.0,20,
Company2110,03/07/2011,Denver,Non-Tech,Services,4,5.0,5.0,6.0,1,4,10,5,5,10,4,5,5.0,3,0,0,0,3,20,6,1,3,2,3,3,3.0,0.0,2.0,3.0,4,
Company2111,09/13/1999,San Jose,Tech,Other,12,4.0,4.0,6.0,4,4,10,10,5,10,1,10,5.0,0,0,0,0,0,10,15,1,4,2,10,0,0.0,0.0,10.0,7.5,15,
Company2112,08/08/2013,Los Angeles,Non-Tech,Finance,9,6.0,4.5,7.5,4,2,1,10,8,10,4,10,7.5,0,0,0,0,12,10,3,3,1,5,0,0,0.0,0.0,5.0,7.5,0,
Company2113,11/01/2006,San Francisco,Tech,Services,5,5.0,6.0,4.0,6,8,10,10,8,4,4,6,7.5,3,2,6,1,12,4,6,3,3,5,2,2,2.5,2.5,2.5,1.0,5,
Company2114,04/28/2012,San Francisco,Tech,Services,15,7.5,4.5,6.0,4,2,10,8,8,8,6,5,6.0,3,4,12,3,3,25,15,3,3,10,2,4,7.5,12.5,7.5,3.0,15,
Company2115,04/21/2007,"Washington, D.C.",Non-Tech,Finance,5,5.0,4.0,4.0,2,2,5,4,4,4,5,4,4.0,0,0,0,0,0,5,5,4,3,1,0,0,0.0,0.0,3.0,1.0,0,
Company2116,12/23/2005,San Francisco,Tech,Services,4,5.0,4.0,4.0,2,3,5,5,4,4,2,4,4.0,3,2,4,4,4,4,5,2,2,3,3,1,1.0,4.0,4.0,2.0,5,
Company2117,04/22/2010,San Francisco,Tech,Finance,4,5.0,5.0,6.0,4,5,5,5,5,5,2,8,5.0,0,0,0,0,0,4,3,1,3,2,0,0,0.0,0.0,2.5,7.5,0,
Company2118,04/09/2011,Jacksonville,Non-Tech,Finance,2,7.5,4.5,6.0,4,4,10,6,8,5,10,6,6.0,3,0,0,0,0,15,12,9,1,5,0,0,0.0,0.0,5.0,3.0,0,
Company2119,03/17/2007,San Francisco,Tech,Services,2,3.0,6.0,5.0,3,2,5,5,5,5,1,5,5.0,1,2,2,2,3,5,1,1,1,2,3,3,3.0,1.0,2.0,1.0,2,
Company2120,06/15/2010,Philadelphia,Non-Tech,Services,12,7.5,6.0,6.0,2,4,10,4,4,8,10,6,6.0,15,3,15,15,12,25,5,12,3,25,0,6,7.5,2.5,5.0,0.0,20,
Company2121,12/21/2012,New York,Tech,Services,4,5.0,4.0,5.0,3,1,5,3,4,5,3,4,5.0,0,0,5,0,0,5,5,1,5,5,0,2,0.0,0.0,2.0,2.0,0,
Company2122,04/06/1998,San Francisco,Tech,Finance,3,3.0,4.0,3.0,4,2,2,5,5,5,4,5,7.5,0,0,0,0,0,4,4,3,1,3,0,0,0.0,0.0,2.5,7.5,0,
Company2123,09/07/2010,San Francisco,Tech,Finance,4,5.0,4.0,5.0,1,3,5,5,4,5,1,5,5.0,0,0,0,0,0,3,5,2,5,1,0,0,0.0,0.0,4.0,1.0,0,
Company2124,02/27/2013,Los Angeles,Non-Tech,Finance,6,7.5,6.0,6.0,4,4,10,10,8,10,4,5,7.5,0,0,12,0,0,20,3,3,3,5,0,0,0.0,0.0,2.5,7.5,0,
Company2125,04/17/2009,Los Angeles,Non-Tech,Finance,3,5.0,4.0,4.0,1,5,5,5,5,5,2,5,5.0,0,0,0,0,0,5,5,3,2,1,0,0,0.0,0.0,5.0,3.0,0,
Company2126,12/07/2004,El Paso,Non-Tech,Services,5,5.0,4.0,4.0,2,2,5,4,5,4,3,4,5.0,4,2,0,1,0,5,4,2,3,2,3,2,3.0,0.0,2.0,3.0,5,
Company2127,04/12/1997,Chicago,Non-Tech,Finance,12,7.5,6.0,6.0,2,10,10,8,10,10,6,10,7.5,9,8,12,9,3,10,15,3,5,10,10,10,3.0,3.0,12.5,10.0,15,
Company2128,12/23/2011,New York,Tech,Finance,6,5.0,6.0,5.0,1,3,10,5,4,10,2,4,7.5,0,0,0,0,4,5,3,2,3,5,0,0,3.0,1.0,3.0,3.0,5,
Company2129,08/25/2010,Honolulu,Non-Tech,Services,3,4.0,4.0,4.0,2,2,5,4,5,5,3,5,5.0,3,5,5,4,4,5,5,1,1,5,2,4,1.0,5.0,1.0,3.0,5,55257000.0
Company2130,04/26/2013,Los Angeles,Non-Tech,Finance,3,5.0,3.0,4.0,2,2,5,4,4,5,4,4,5.0,0,0,0,0,0,3,5,2,3,2,0,0,0.0,0.0,3.0,3.0,0,
Company2131,10/14/2013,Boulder,Non-Tech,Finance,3,1.0,4.0,3.0,2,2,1,4,5,5,4,5,5.0,0,0,0,0,0,4,5,1,1,4,0,0,0.0,0.0,2.0,3.0,0,
Company2132,07/12/2013,Long Beach,Non-Tech,Finance,2,5.0,4.0,5.0,2,2,5,4,5,5,5,3,5.0,0,0,0,0,0,1,1,2,1,1,0,0,0.0,0.0,2.0,2.0,0,
Company2133,11/13/2013,Philadelphia,Non-Tech,Finance,4,5.0,2.0,4.0,2,3,5,4,5,4,3,4,4.0,0,0,4,0,4,5,2,2,1,2,2,0,2.0,0.0,2.0,1.0,0,
Company2134,09/03/2010,New York,Tech,Finance,3,4.0,4.0,4.0,2,6,5,4,4,5,5,10,5.0,0,0,0,0,0,3,5,1,4,3,0,0,3.0,0.0,5.0,2.0,0,
Company2135,04/12/2012,Indianapolis,Non-Tech,Finance,2,4.5,4.0,3.0,2,4,10,5,4,10,2,4,4.0,0,0,0,0,0,3,1,3,2,5,0,0,0.0,0.0,2.0,5.0,0,
Company2136,04/14/2009,Chicago,Non-Tech,Services,6,6.0,6.0,6.0,4,2,10,8,8,4,10,8,7.5,6,4,12,3,3,5,12,3,2,10,6,6,10.0,12.5,1.0,7.5,15,
Company2137,10/11/2010,Houston,Non-Tech,Finance,3,4.0,4.0,4.0,3,1,5,4,5,5,4,5,5.0,3,4,4,2,4,3,5,1,5,4,0,3,3.0,0.0,2.0,3.0,0,
Company2138,11/17/1995,Phoenix,Non-Tech,Finance,4,5.0,5.0,4.0,2,5,5,4,4,4,3,10,4.0,0,0,0,0,0,3,5,3,2,2,0,0,0.0,0.0,4.0,2.0,0,
Company2139,11/25/2008,San Francisco,Tech,Services,4,5.0,3.0,4.0,2,1,5,4,5,5,3,3,5.0,0,0,4,0,0,1,5,1,1,4,4,4,0.0,5.0,3.0,2.0,5,
Company2140,09/23/2008,San Francisco,Tech,Finance,6,6.0,6.0,6.0,4,4,10,8,8,5,6,8,5.0,0,0,0,0,0,10,3,3,1,5,0,0,0.0,0.0,5.0,7.5,0,
Company2141,09/14/2009,Los Angeles,Non-Tech,Services,12,4.0,6.0,6.0,4,2,10,4,10,5,4,10,5.0,12,1,12,15,15,1,15,3,4,5,10,10,2.0,5.0,10.0,7.5,15,
Company2142,01/26/2012,New York,Tech,Finance,6,4.5,6.0,7.5,6,2,10,10,10,10,10,10,7.5,6,0,12,3,12,25,6,1,1,10,2,2,0.0,2.5,2.5,7.5,15,
Company2143,07/16/2012,San Francisco,Tech,Services,4,5.0,4.5,4.0,1,4,5,4,8,8,6,8,5.0,3,4,3,3,4,25,5,2,3,3,2,4,4.0,12.5,3.0,7.5,5,
Company2144,01/14/2011,Palo Alto,Non-Tech,Finance,12,5.0,4.0,6.0,2,3,5,4,4,4,4,3,4.0,0,0,12,0,0,4,3,2,2,2,0,0,0.0,0.0,3.0,3.0,0,
Company2145,06/09/2007,San Francisco,Tech,Finance,3,5.0,4.0,3.0,1,4,5,5,4,4,2,5,5.0,3,0,0,0,0,4,4,1,5,3,0,0,0.0,1.0,2.0,3.0,3,
Company2146,05/02/2008,San Francisco,Tech,Services,4,7.5,4.0,4.0,2,2,10,5,10,10,1,10,7.5,0,0,0,0,0,2,15,3,2,1,0,1,0.0,0.0,7.5,5.0,5,
Company2147,11/26/2010,San Francisco,Tech,Services,5,5.0,4.0,5.0,3,3,5,4,4,4,3,4,5.0,0,0,0,0,0,1,5,2,3,1,0,0,0.0,0.0,4.0,2.0,0,
Company2148,03/17/2007,San Francisco,Tech,Services,2,3.0,4.0,5.0,3,4,5,5,5,5,1,5,5.0,1,0,2,2,0,5,15,1,2,2,3,3,3.0,1.0,2.5,1.0,0,
Company2149,03/01/2008,Los Angeles,Non-Tech,Finance,4,5.0,6.0,6.0,2,4,5,5,4,10,2,8,5.0,0,0,0,0,0,4,15,3,4,1,5,0,0.0,0.0,10.0,7.5,0,
Company2150,06/17/2010,San Francisco,Tech,Services,1,1.0,5.0,4.0,2,4,1,4,4,5,3,4,5.0,4,4,4,2,3,2,3,2,1,1,3,2,3.0,5.0,2.0,3.0,4,
Company2151,04/04/2012,Boston,Non-Tech,Finance,1,5.0,4.0,2.0,4,4,5,5,10,4,5,3,7.5,0,0,0,0,0,1,5,3,5,3,0,0,0.0,0.0,5.0,7.5,0,
Company2152,02/09/2010,Philadelphia,Non-Tech,Finance,4,5.0,4.0,4.0,2,3,5,5,5,5,2,5,5.0,0,2,0,0,0,2,3,1,1,1,0,3,2.0,3.0,2.0,3.0,0,
Company2153,05/18/2011,Chicago,Non-Tech,Finance,3,3.0,4.0,4.0,2,3,5,5,5,5,2,5,5.0,0,2,0,0,3,5,5,2,2,1,3,0,0.0,0.0,1.0,3.0,0,
Company2154,03/06/2013,Albuquerque,Non-Tech,Finance,2,3.0,4.0,4.0,1,2,3,5,5,5,1,5,4.0,0,0,0,0,0,3,2,1,1,1,0,0,0.0,0.0,1.0,3.0,0,
Company2155,09/09/2010,San Francisco,Tech,Finance,3,4.0,4.0,4.0,1,2,5,5,5,5,2,5,5.0,0,0,0,0,0,3,1,1,5,1,0,0,0.0,0.0,1.0,3.0,0,
Company2156,06/29/1997,New York,Tech,Services,3,7.5,6.0,4.0,4,4,10,5,4,5,4,3,4.0,3,5,0,0,0,5,4,5,4,10,2,2,2.0,2.0,5.0,1.0,0,
Company2157,12/02/2007,San Jose,Tech,Finance,2,4.0,4.0,4.0,1,3,5,5,5,5,1,5,5.0,0,0,0,0,0,2,1,2,1,1,0,0,0.0,0.0,3.0,2.0,0,
Company2158,02/19/2010,Miami,Non-Tech,Finance,2,5.0,4.0,4.0,2,2,5,5,5,5,2,5,5.0,0,0,0,0,0,5,5,1,1,3,0,0,0.0,0.0,2.0,3.0,0,
Company2159,04/12/1997,Chicago,Non-Tech,Services,3,4.0,4.0,4.0,2,2,5,4,4,5,5,3,4.0,0,2,4,1,4,2,5,4,3,4,3,0,3.0,0.0,4.0,1.0,5,
Company2160,09/01/2010,San Francisco,Tech,Finance,5,5.0,4.0,5.0,2,4,5,4,4,4,5,3,4.0,5,4,0,0,5,5,5,1,1,3,0,0,0.0,0.0,5.0,1.0,3,
Company2161,05/29/2013,San Francisco,Tech,Services,12,7.5,6.0,4.0,4,2,10,10,5,4,4,10,4.0,0,8,12,0,15,10,15,3,2,1,10,10,12.5,0.0,3.0,7.5,15,
Company2162,03/14/2012,Austin,Non-Tech,Services,3,4.0,4.0,4.0,1,2,5,5,10,5,4,10,7.5,1,2,2,1,1,3,2,1,2,15,1,1,1.0,2.0,1.0,7.5,4,
Company2163,12/23/2005,New York,Tech,Finance,5,7.5,6.0,6.0,4,3,5,10,5,4,2,5,5.0,3,4,4,4,4,3,5,3,3,3,3,2,1.0,4.0,5.0,2.0,5,
Company2164,08/01/2010,Pittsburgh,Non-Tech,Finance,4,4.0,4.0,4.0,1,3,5,5,5,5,2,5,5.0,0,0,0,0,0,1,5,1,4,1,0,0,0.0,0.0,5.0,3.0,0,
Company2165,10/06/2010,San Francisco,Tech,Finance,12,7.5,4.0,3.0,4,4,3,8,4,4,6,2,5.0,0,0,0,0,4,20,5,3,1,1,3,2,3.0,4.0,2.0,3.0,3,
Company2166,06/01/2012,Philadelphia,Non-Tech,Services,4,4.0,4.0,4.0,2,4,5,5,5,5,1,5,5.0,1,2,0,0,0,3,4,1,1,1,0,0,0.0,5.0,3.0,3.0,0,
Company2167,09/17/2009,Denver,Non-Tech,Finance,2,3.0,5.0,3.0,1,4,5,6,5,10,2,8,5.0,12,0,15,15,0,25,4,1,5,4,0,0,10.0,0.0,7.5,3.0,0,
Company2168,01/26/2012,Boulder,Non-Tech,Services,6,5.0,6.0,4.0,6,2,10,8,10,10,3,10,7.5,4,2,5,3,12,25,12,6,1,10,2,4,4.0,2.5,3.0,7.5,5,
Company2169,08/13/2011,Reno,Non-Tech,Finance,9,5.0,3.0,4.0,2,1,5,4,4,4,4,3,7.5,0,0,0,0,0,4,5,1,3,1,0,0,0.0,0.0,3.0,1.0,0,
Company2170,01/27/2005,San Francisco,Tech,Finance,4,3.0,4.0,4.0,1,2,5,4,4,5,3,5,5.0,0,0,0,0,0,3,5,2,4,3,0,0,0.0,0.0,2.0,3.0,5,
Company2171,10/10/2013,San Jose,Tech,Services,2,3.0,4.0,4.0,1,3,5,4,5,5,1,5,5.0,0,0,0,0,0,1,1,1,2,1,0,0,0.0,0.0,2.0,3.0,0,
Company2172,08/02/2011,Newark,Non-Tech,Finance,3,4.0,4.0,4.0,2,3,5,5,4,5,4,4,5.0,0,0,0,0,0,4,5,3,3,4,0,0,0.0,0.0,2.0,3.0,0,
Company2173,08/24/1996,Boston,Non-Tech,Services,2,5.0,4.0,3.0,2,2,5,3,4,5,5,2,5.0,3,4,4,1,4,4,5,5,3,5,5,5,0.0,2.0,5.0,1.0,5,
Company2174,03/15/2008,Detroit,Non-Tech,Finance,1,2.0,5.0,3.0,1,2,1,5,5,5,1,5,5.0,0,0,0,0,0,1,1,1,1,1,0,0,0.0,0.0,1.0,2.0,0,27920000.0
Company2175,02/29/2012,Chicago,Non-Tech,Finance,5,5.0,4.0,7.5,2,2,6,4,5,10,4,10,5.0,0,0,0,0,0,3,6,3,1,10,0,0,0.0,0.0,4.0,7.5,0,
Company2176,10/28/2008,Detroit,Non-Tech,Finance,3,2.0,4.0,4.0,2,3,5,5,5,5,2,5,5.0,0,4,0,0,0,2,4,1,2,1,0,0,0.0,4.0,2.0,3.0,5,
Company2177,06/08/2000,Memphis,Non-Tech,Finance,3,1.0,4.0,4.0,2,5,5,4,4,4,4,4,4.0,0,0,0,0,0,5,3,1,1,1,0,0,0.0,0.0,1.0,3.0,0,
Company2178,01/03/2013,Houston,Non-Tech,Finance,3,4.0,5.0,4.0,2,1,5,5,5,5,1,5,5.0,3,0,0,0,0,2,1,1,1,4,5,0,0.0,1.0,1.0,0.0,0,
Company2179,10/04/2012,San Francisco,Tech,Services,3,4.0,4.0,4.0,2,5,5,4,5,5,1,5,5.0,0,0,0,0,5,1,1,1,1,4,5,0,5.0,0.0,1.0,2.0,4,
Company2180,01/22/2013,San Francisco,Tech,Finance,12,5.0,4.0,5.0,1,5,5,5,10,5,2,5,5.0,1,4,0,0,0,2,5,2,4,1,2,1,2.0,1.0,12.5,10.0,5,
Company2181,09/26/2003,Miami,Non-Tech,Finance,3,4.5,5.0,4.0,1,3,5,5,4,5,2,5,5.0,0,0,0,0,0,2,3,1,2,1,0,0,0.0,0.0,1.0,3.0,0,
Company2182,06/01/2009,San Francisco,Tech,Services,5,5.0,4.0,4.0,1,3,5,4,4,5,3,4,5.0,0,0,0,3,3,4,5,1,4,3,5,5,0.0,0.0,4.0,1.0,3,
Company2183,03/15/2011,Jacksonville,Non-Tech,Services,4,5.0,4.0,4.0,2,2,5,5,4,4,1,5,4.0,3,2,4,2,3,4,5,3,2,1,3,4,3.0,5.0,3.0,3.0,5,
Company2184,11/22/2007,Atlanta,Non-Tech,Finance,6,6.0,6.0,6.0,2,6,10,10,10,10,2,10,7.5,0,0,0,0,0,5,6,3,1,5,0,0,0.0,0.0,5.0,7.5,0,
Company2185,11/22/2007,Philadelphia,Non-Tech,Finance,12,6.0,4.5,6.0,2,4,10,10,10,10,2,6,7.5,0,0,0,0,0,5,6,3,1,5,0,0,0.0,0.0,5.0,7.5,0,
Company2186,01/03/2013,Palo Alto,Non-Tech,Finance,4,5.0,4.0,4.0,2,2,5,5,5,5,4,5,4.0,0,0,0,0,4,3,1,2,3,1,2,0,0.0,2.0,1.0,3.0,0,
Company2187,06/06/2013,San Francisco,Tech,Services,4,5.0,4.0,5.0,2,2,5,4,5,4,3,3,5.0,0,0,5,0,5,5,3,2,4,4,5,5,5.0,0.0,3.0,2.0,0,
Company2188,04/13/2007,New York,Tech,Finance,3,6.0,3.0,6.0,2,1,5,10,5,5,4,10,5.0,0,0,0,0,0,10,3,6,1,5,0,0,0.0,0.0,10.0,7.5,0,
Company2189,09/03/2010,San Francisco,Tech,Finance,2,3.0,5.0,3.0,2,2,5,5,5,5,1,5,5.0,0,0,0,0,0,1,3,1,1,4,0,0,0.0,0.0,2.0,3.0,0,
Company2190,07/31/2013,Albuquerque,Non-Tech,Finance,2,4.0,4.0,4.0,1,2,5,4,5,4,3,5,4.0,0,0,0,0,0,1,5,3,1,1,0,0,0.0,0.0,5.0,3.0,0,
Company2191,12/18/2010,New York,Tech,Services,3,5.0,4.0,4.0,1,3,5,5,4,8,6,4,4.0,0,3,12,0,3,3,4,3,2,10,2,0,2.0,0.0,7.5,7.5,15,
Company2192,07/18/2011,San Francisco,Tech,Finance,1,2.0,4.0,3.0,1,1,1,5,5,5,2,5,7.5,0,0,0,0,0,1,1,1,1,5,0,0,0.0,0.0,1.0,1.0,0,
Company2193,09/06/1996,San Francisco,Tech,Finance,3,4.0,4.0,4.0,2,3,5,4,4,5,3,5,5.0,0,5,5,3,4,4,5,3,5,2,0,3,3.0,1.0,4.0,2.0,3,
Company2194,12/04/1999,San Francisco,Tech,Services,2,4.0,4.0,6.0,1,3,5,5,5,5,2,3,5.0,0,0,12,0,4,5,1,1,5,1,1,0,0.0,0.0,2.0,3.0,0,
Company2195,04/26/2013,Buffalo,Non-Tech,Finance,3,5.0,3.0,4.0,2,2,5,4,4,5,1,4,5.0,0,0,0,0,0,3,5,1,1,3,0,0,0.0,0.0,3.0,3.0,0,
Company2196,12/17/2013,San Francisco,Tech,Finance,3,4.0,2.0,4.0,2,3,5,5,5,5,2,5,5.0,0,0,0,0,0,4,2,1,1,2,0,0,0.0,0.0,2.0,2.0,0,
Company2197,08/30/2013,Chicago,Non-Tech,Services,3,5.0,4.0,4.0,1,2,5,3,5,5,4,5,4.0,3,1,3,1,0,3,2,1,2,2,0,4,4.0,2.0,3.0,3.0,0,
Company2198,12/02/2007,"Washington, D.C.",Non-Tech,Finance,2,4.0,4.0,4.0,1,3,5,5,5,5,4,5,5.0,0,0,0,0,0,4,5,2,2,1,0,0,0.0,0.0,2.0,3.0,0,
Company2199,12/31/2012,San Francisco,Tech,Services,4,5.0,4.0,4.0,1,3,5,5,5,5,2,5,5.0,2,3,3,1,3,4,2,1,2,1,5,2,5.0,2.0,2.0,3.0,4,20586000.0
Company2200,01/31/2012,New York,Tech,Services,9,7.5,4.0,7.5,6,4,5,5,5,5,2,4,7.5,3,4,4,1,3,1,4,15,1,5,0,0,2.0,2.5,5.0,3.0,25,
Company2201,03/05/1996,Chicago,Non-Tech,Services,5,5.0,4.0,4.0,2,2,5,4,4,4,4,3,4.0,2,2,4,1,4,4,5,1,3,1,1,4,1.0,3.0,3.0,1.0,5,
Company2202,11/25/2009,Boulder,Non-Tech,Finance,2,2.0,4.0,4.0,2,2,4,5,5,5,1,5,5.0,1,2,5,1,0,2,1,2,1,1,3,4,2.0,1.0,2.0,3.0,1,
Company2203,04/12/1997,Chicago,Non-Tech,Services,3,4.0,4.0,3.0,2,2,5,4,4,4,2,3,4.0,0,0,2,1,0,2,4,1,2,5,3,3,3.0,3.0,1.0,3.0,0,
Company2204,08/20/2011,New York,Tech,Finance,3,4.0,4.0,4.0,1,4,5,8,5,10,1,10,7.5,0,0,0,0,1,1,3,2,3,3,0,0,0.0,0.0,2.0,3.0,0,
Company2205,09/15/2007,Seattle,Non-Tech,Finance,9,7.5,6.0,7.5,4,4,10,2,6,8,10,10,6.0,9,8,0,0,0,25,15,15,1,5,10,0,12.5,2.5,7.5,2.5,0,
Company2206,02/27/2013,San Francisco,Tech,Finance,2,2.0,4.0,4.0,2,1,1,4,5,5,3,5,5.0,0,0,0,0,0,3,3,1,1,2,0,0,0.0,1.0,2.0,3.0,0,
Company2207,11/26/2009,San Francisco,Tech,Services,4,5.0,4.5,4.0,2,4,5,4,5,4,3,5,4.0,3,5,5,3,2,5,5,3,5,2,3,4,3.0,2.0,7.5,1.0,2,
Company2208,11/22/2012,New York,Tech,Services,2,3.0,4.0,4.0,2,2,5,5,5,5,4,5,5.0,3,3,4,2,4,3,4,3,1,3,1,3,3.0,2.0,2.0,3.0,3,
Company2209,06/06/2007,San Francisco,Tech,Services,4,2.0,4.0,4.0,1,5,5,5,5,5,2,5,5.0,3,5,0,0,1,5,3,4,5,1,2,1,0.0,4.0,4.0,3.0,0,
Company2210,01/03/2013,Memphis,Non-Tech,Finance,3,4.0,5.0,4.0,2,1,5,5,5,5,2,5,5.0,1,0,0,0,0,2,1,1,1,1,0,0,0.0,0.0,1.0,3.0,0,
Company2211,03/14/2012,San Francisco,Tech,Services,3,5.0,4.0,4.0,1,2,5,5,5,5,1,4,5.0,1,0,2,1,1,1,2,1,2,1,0,1,1.0,0.0,1.0,3.0,4,
Company2212,06/05/1999,Chicago,Non-Tech,Services,4,4.0,4.0,4.0,1,2,5,5,4,4,3,4,4.0,3,2,0,2,3,4,5,3,2,1,3,4,0.0,5.0,3.0,3.0,5,
Company2213,04/09/2000,San Francisco,Tech,Finance,4,5.0,3.0,5.0,1,5,5,4,4,4,4,4,4.0,0,0,0,0,0,5,5,1,5,2,0,0,0.0,0.0,5.0,3.0,0,
Company2214,07/23/2011,Boston,Non-Tech,Finance,6,4.5,5.0,6.0,5,1,1,6,8,5,1,5,5.0,0,0,0,0,0,5,12,6,1,1,0,3,0.0,0.0,1.0,7.5,0,
Company2215,09/06/1996,San Francisco,Tech,Services,4,5.0,4.0,4.0,2,2,5,4,4,5,4,4,5.0,3,5,5,3,4,3,5,3,5,2,3,3,3.0,1.0,4.0,3.0,3,
Company2216,10/17/2008,Seattle,Non-Tech,Finance,2,5.0,4.0,5.0,2,2,5,4,5,5,2,5,5.0,0,0,0,0,0,3,15,1,2,1,0,0,0.0,0.0,2.0,3.0,0,
Company2217,09/09/2005,San Jose,Tech,Services,4,5.0,5.0,5.0,1,2,5,5,4,4,1,4,4.0,3,5,5,5,5,4,5,5,3,4,5,4,5.0,4.0,5.0,3.0,3,
Company2218,09/26/2009,San Francisco,Tech,Finance,4,7.5,4.0,4.0,2,5,5,5,4,5,1,4,5.0,9,5,0,5,0,1,1,4,4,1,5,0,0.0,0.0,1.0,7.5,0,
Company2219,02/01/2011,Bellevue,Non-Tech,Finance,2,2.0,4.0,4.0,2,1,5,4,4,5,2,4,5.0,0,0,0,0,0,1,1,1,2,1,0,0,0.0,0.0,3.0,2.0,0,
Company2220,01/28/1998,San Francisco,Tech,Services,4,5.0,4.0,4.0,1,3,5,5,4,4,2,4,4.0,3,4,4,2,4,5,5,2,4,3,5,3,4.0,2.0,4.0,2.0,3,47059000.0
Company2221,05/01/2012,New York,Tech,Services,12,7.5,6.0,6.0,2,6,10,8,10,10,6,10,7.5,6,4,9,3,12,10,15,6,3,10,4,4,5.0,2.5,5.0,7.5,10,31650000.0
Company2222,06/20/2007,Seattle,Non-Tech,Services,3,5.0,4.0,4.0,1,2,5,5,5,5,1,5,5.0,0,0,0,0,0,3,2,1,2,2,0,0,0.0,0.0,1.0,3.0,0,20834000.0
Company2223,02/26/2010,Atlanta,Non-Tech,Finance,12,4.0,4.0,7.5,4,4,5,4,5,5,3,5,6.0,0,0,0,0,0,15,1,1,2,1,0,0,0.0,0.0,1.0,7.5,0,
Company2224,12/18/2010,San Francisco,Tech,Services,3,5.0,4.0,4.0,2,5,5,4,4,4,3,5,5.0,0,5,4,5,0,5,5,1,4,3,0,0,0.0,0.0,4.0,3.0,4,
Company2225,08/20/2004,Atlanta,Non-Tech,Services,4,5.0,5.0,3.0,1,5,5,5,5,5,2,5,5.0,1,2,4,1,3,4,5,4,5,2,3,2,2.0,0.0,4.0,2.0,5,
Company2226,12/28/2010,San Francisco,Tech,Services,4,5.0,5.0,5.0,1,5,5,4,5,5,2,5,5.0,0,2,0,2,4,4,5,1,1,1,5,2,0.0,3.0,4.0,1.0,4,
Company2227,12/17/2010,San Francisco,Tech,Finance,4,5.0,4.0,5.0,2,2,5,5,5,5,3,5,5.0,3,0,0,0,0,5,5,2,2,1,0,0,2.0,0.0,3.0,2.0,0,
Company2228,08/19/2006,Boston,Non-Tech,Finance,3,4.0,4.0,4.0,2,2,5,4,4,5,4,5,5.0,0,0,4,0,0,5,5,4,3,2,0,0,0.0,0.0,4.0,1.0,0,
Company2229,12/18/1998,San Francisco,Tech,Services,4,5.0,4.0,5.0,2,2,5,4,4,4,3,4,3.0,2,3,2,2,5,5,5,3,5,4,0,4,1.0,2.0,5.0,1.0,4,
Company2230,10/17/2008,New York,Tech,Finance,2,3.0,4.0,4.0,2,2,5,4,5,5,3,5,5.0,0,0,0,0,0,1,2,2,1,1,0,0,0.0,0.0,2.0,3.0,0,
Company2231,09/17/2009,San Francisco,Tech,Finance,2,3.0,4.0,3.0,2,5,5,5,5,5,1,5,5.0,0,0,0,0,0,5,3,1,1,4,0,0,2.0,0.0,2.0,3.0,0,
Company2232,11/29/2008,Atlanta,Non-Tech,Services,2,3.0,4.0,3.0,1,4,5,4,4,5,3,4,4.0,0,2,0,0,0,3,5,1,1,1,2,0,0.0,0.0,2.0,3.0,5,
Company2233,09/07/2010,San Francisco,Tech,Finance,4,5.0,4.0,4.0,1,3,5,5,5,5,1,5,5.0,0,0,0,0,0,3,5,2,5,3,0,0,0.0,0.0,5.0,1.0,0,
Company2234,06/01/2010,New York,Tech,Finance,4,4.0,4.0,4.0,2,2,5,4,5,5,2,5,5.0,3,0,4,3,3,3,1,3,1,5,0,5,0.0,0.0,3.0,3.0,0,
Company2235,02/07/2007,San Francisco,Tech,Finance,3,5.0,4.0,7.5,1,4,5,5,5,5,6,5,5.0,0,0,0,0,0,2,3,2,2,3,0,0,0.0,0.0,3.0,3.0,0,
Company2236,10/24/2006,San Jose,Tech,Services,12,7.5,6.0,6.0,4,4,10,10,8,10,4,10,7.5,0,0,0,0,0,25,3,3,3,5,0,0,0.0,2.5,2.5,7.5,0,
Company2237,06/14/2013,Omaha,Non-Tech,Finance,3,5.0,4.0,4.0,1,2,5,5,5,5,1,5,5.0,0,0,0,1,0,1,5,2,2,2,0,0,0.0,0.0,3.0,2.0,0,
Company2238,07/17/2009,San Francisco,Tech,Services,4,5.0,3.0,5.0,2,2,5,5,5,5,1,5,5.0,3,2,4,0,4,3,4,1,2,1,1,1,1.0,3.0,2.0,3.0,5,
Company2239,03/26/2005,Chicago,Non-Tech,Finance,4,5.0,4.0,3.0,2,2,5,4,4,4,2,4,4.0,0,0,0,0,0,2,1,1,2,1,0,0,0.0,0.0,1.0,3.0,0,
Company2240,09/28/2008,New York,Tech,Finance,4,5.0,4.0,4.0,2,3,5,5,5,5,2,5,5.0,1,0,4,2,4,3,1,1,1,1,1,2,1.0,3.0,1.0,3.0,1,
Company2241,11/04/2011,New York,Tech,Finance,4,5.0,4.0,4.0,1,2,5,5,5,5,2,5,5.0,0,0,0,0,0,3,4,1,5,3,0,0,0.0,0.0,2.0,3.0,0,
Company2242,10/23/2004,San Francisco,Tech,Services,1,4.0,4.0,5.0,2,2,5,4,5,5,2,4,5.0,0,4,0,0,0,2,5,2,4,3,0,0,0.0,0.0,1.0,3.0,5,
Company2243,07/30/2010,Milwaukee,Non-Tech,Finance,2,3.0,4.0,4.0,1,2,5,5,5,4,1,4,5.0,1,2,5,1,4,2,1,1,3,1,2,0,0.0,1.0,2.0,3.0,5,
Company2244,09/06/1996,San Francisco,Tech,Services,4,5.0,4.0,4.0,2,2,5,4,4,5,4,4,5.0,3,5,5,3,4,3,5,3,5,2,3,3,3.0,1.0,4.0,3.0,3,
Company2245,11/29/2008,Seattle,Non-Tech,Finance,2,5.0,4.0,4.0,1,1,5,4,4,5,3,5,4.0,0,0,0,0,0,3,5,2,3,3,0,0,0.0,0.0,2.0,3.0,0,
Company2246,01/16/1999,San Francisco,Tech,Finance,5,5.0,4.0,4.0,2,4,5,4,4,5,5,3,4.0,1,0,0,2,0,3,5,3,5,3,0,0,0.0,0.0,5.0,0.0,1,
Company2247,04/14/2009,Boston,Non-Tech,Services,6,6.0,6.0,6.0,4,2,10,8,8,10,10,8,7.5,6,4,12,3,12,5,12,3,2,10,6,6,10.0,12.5,5.0,7.5,15,
Company2248,05/07/2010,Milwaukee,Non-Tech,Finance,3,4.0,5.0,5.0,1,3,5,5,4,4,5,2,3.0,0,4,0,1,5,2,3,3,3,1,3,2,3.0,0.0,2.0,3.0,0,
Company2249,10/29/2011,Stockton,Non-Tech,Finance,3,4.0,3.0,4.0,2,1,5,5,5,5,2,5,5.0,0,0,0,0,0,3,1,1,1,1,0,0,0.0,0.0,2.0,3.0,0,33761000.0
Company2250,03/27/2013,Pittsburgh,Non-Tech,Finance,2,2.0,4.0,4.0,2,1,1,5,4,4,5,4,4.0,0,0,0,0,0,1,1,1,1,1,0,0,0.0,0.0,5.0,2.0,0,
Company2251,09/26/2009,Boulder,Non-Tech,Services,4,7.5,6.0,6.0,1,1,1,4,8,8,3,6,4.0,15,0,15,1,12,25,1,1,3,1,6,0,0.0,2.5,3.0,3.0,20,
Company2252,03/09/1998,Chicago,Non-Tech,Finance,3,5.0,4.0,4.0,1,2,5,4,4,4,3,4,4.0,0,0,0,2,0,2,4,2,2,2,0,0,2.0,0.0,3.0,3.0,0,
Company2253,03/28/2009,Chicago,Non-Tech,Services,2,3.0,4.0,3.0,1,2,1,3,4,5,5,3,5.0,3,2,3,1,3,5,4,3,2,1,3,5,3.0,3.0,2.0,3.0,5,
Company2254,10/15/2011,Las Vegas,Non-Tech,Finance,3,4.0,3.0,4.0,2,2,5,4,5,5,1,5,5.0,0,0,0,0,0,3,1,1,1,1,0,0,0.0,0.0,1.0,3.0,0,
Company2255,05/02/2013,San Francisco,Tech,Finance,2,2.0,4.0,4.0,1,2,5,5,5,5,1,5,5.0,0,0,0,0,0,2,1,1,2,1,0,0,0.0,0.0,2.0,3.0,0,
Company2256,06/26/2010,Memphis,Non-Tech,Finance,1,1.0,4.0,4.0,2,1,1,4,4,4,4,4,4.0,0,0,0,0,0,2,3,1,1,1,0,0,0.0,0.0,1.0,3.0,0,
Company2257,11/26/2010,Boulder,Non-Tech,Services,5,5.0,4.0,4.0,2,3,5,4,4,4,3,4,4.0,0,0,0,0,0,4,5,2,3,3,0,0,0.0,0.0,4.0,2.0,0,
Company2258,06/23/2009,Los Angeles,Non-Tech,Services,2,4.0,4.0,3.0,2,2,5,4,5,5,4,5,5.0,5,4,3,1,0,3,5,3,2,3,0,0,0.0,2.0,3.0,3.0,2,
Company2259,08/02/1995,Los Angeles,Non-Tech,Services,3,5.0,4.0,5.0,2,2,5,1,4,5,4,2,4.0,2,4,5,3,4,3,5,5,1,1,3,4,4.0,4.0,3.0,3.0,5,
Company2260,03/17/2007,San Francisco,Tech,Services,2,3.0,6.0,5.0,3,2,5,5,5,5,1,10,5.0,1,2,0,0,0,25,1,1,1,25,3,0,3.0,1.0,7.5,7.5,0,
Company2261,11/22/2012,Jacksonville,Non-Tech,Services,2,3.0,4.0,4.0,2,2,5,4,5,5,2,5,5.0,3,3,0,2,4,3,5,2,1,3,1,3,0.0,2.0,2.0,3.0,0,
Company2262,06/17/2010,Newark,Non-Tech,Finance,1,4.0,5.0,4.0,1,4,1,4,4,5,4,4,5.0,0,4,0,2,0,2,3,2,1,1,0,0,3.0,0.0,2.0,3.0,4,
Company2263,10/30/2013,New York,Tech,Finance,3,4.0,4.0,4.0,2,2,5,4,4,5,4,5,5.0,0,0,0,0,0,5,5,5,5,5,0,0,0.0,0.0,2.0,3.0,0,
Company2264,08/15/2005,Chicago,Non-Tech,Services,9,7.5,4.0,3.0,4,4,5,8,8,8,10,6,6.0,3,8,12,3,12,5,15,3,2,5,2,4,5.0,12.5,10.0,5.0,20,
Company2265,08/01/2010,Los Angeles,Non-Tech,Services,4,5.0,4.0,4.0,1,5,5,5,5,5,3,5,5.0,0,0,0,0,0,1,5,2,4,1,0,0,3.0,0.0,5.0,3.0,0,
Company2266,10/12/2013,New York,Tech,Services,12,5.0,6.0,6.0,4,4,5,10,10,10,10,10,7.5,0,3,0,0,0,20,5,6,5,10,0,0,1.0,0.0,5.0,0.0,5,
Company2267,10/12/2013,New York,Tech,Services,12,4.0,6.0,5.0,4,4,5,4,4,10,3,10,5.0,4,4,4,0,0,2,5,1,4,10,0,4,2.0,0.0,5.0,7.5,3,
Company2268,08/18/2012,San Francisco,Tech,Services,4,5.0,4.0,4.0,2,5,5,4,5,5,4,5,5.0,0,3,0,0,0,5,5,2,1,1,0,3,0.0,0.0,2.0,3.0,4,
Company2269,12/03/2012,San Francisco,Tech,Services,3,5.0,4.0,5.0,2,2,5,4,5,5,1,5,5.0,0,4,4,0,4,3,5,2,3,4,3,4,0.0,3.0,3.0,1.0,5,
Company2270,01/04/2014,Philadelphia,Non-Tech,Services,4,5.0,4.0,4.0,1,3,5,5,5,5,2,5,5.0,0,0,0,0,0,5,4,1,3,4,0,0,0.0,0.0,2.0,2.0,0,
Company2271,09/17/2009,San Francisco,Tech,Finance,2,5.0,5.0,3.0,1,2,5,5,5,5,1,5,5.0,0,0,0,0,0,1,3,1,2,1,0,0,0.0,0.0,2.0,3.0,0,
Company2272,12/17/2010,San Francisco,Tech,Finance,4,5.0,4.0,5.0,2,2,5,4,5,4,2,5,5.0,0,5,0,4,4,5,5,2,2,1,0,0,0.0,0.0,1.0,3.0,0,
Company2273,11/19/2009,New York,Tech,Services,3,1.5,4.0,4.0,2,2,2,10,4,10,2,10,5.0,0,5,0,3,0,5,3,3,1,2,3,3,0.0,0.0,2.5,2.0,5,
Company2274,11/01/2007,Milwaukee,Non-Tech,Services,4,5.0,4.0,5.0,1,4,5,4,4,5,5,5,4.0,3,5,5,5,4,5,5,3,3,4,5,4,4.0,3.0,5.0,0.0,3,
Company2275,02/26/2011,Milwaukee,Non-Tech,Services,6,4.5,6.0,4.0,2,2,5,6,8,8,1,6,5.0,0,2,3,0,4,3,12,1,4,1,0,1,1.0,0.0,5.0,3.0,0,
Company2276,07/17/2009,Atlanta,Non-Tech,Services,4,3.0,3.0,5.0,2,2,5,5,5,5,1,5,5.0,3,2,4,3,0,3,4,2,2,1,1,0,1.0,0.0,2.0,3.0,0,
Company2277,07/15/2013,New York,Tech,Finance,2,3.0,4.0,4.0,1,1,5,3,4,4,5,5,4.0,2,0,0,0,4,3,5,2,4,2,0,0,1.0,1.0,2.0,2.0,0,
Company2278,10/04/2013,San Francisco,Tech,Finance,5,5.0,4.0,6.0,3,4,1,4,4,5,5,3,4.0,0,0,0,0,0,1,5,3,1,15,0,0,0.0,0.0,5.0,7.5,0,
Company2279,09/09/2010,San Jose,Tech,Services,9,7.5,4.0,7.5,4,4,10,8,5,5,2,6,6.0,3,8,12,15,12,5,15,3,4,15,2,4,5.0,12.5,10.0,5.0,15,
Company2280,11/21/2009,Oklahoma City,Non-Tech,Finance,3,4.0,4.0,4.0,2,1,5,4,5,4,1,5,4.0,1,4,4,2,4,4,1,1,2,1,2,2,2.0,4.0,2.0,2.0,1,
Company2281,03/05/1996,San Francisco,Tech,Finance,12,2.0,6.0,6.0,2,2,10,8,10,10,6,10,7.5,0,0,0,0,0,20,15,3,4,5,0,0,0.0,0.0,12.5,7.5,0,
Company2282,02/29/2012,Chicago,Non-Tech,Services,3,2.0,5.0,4.0,1,2,5,4,5,5,5,5,5.0,1,2,3,1,0,5,3,1,2,3,2,5,2.0,2.0,1.0,1.0,5,
Company2283,10/18/2012,San Francisco,Tech,Finance,3,5.0,4.0,5.0,1,3,5,4,5,5,3,5,5.0,0,0,0,0,0,3,5,1,5,3,0,0,0.0,0.0,1.0,1.0,0,
Company2284,02/11/1998,New York,Tech,Services,4,2.0,4.0,4.0,2,1,5,5,5,5,2,5,5.0,5,0,0,0,0,3,1,1,3,3,0,0,0.0,0.0,3.0,3.0,0,
Company2285,03/31/2011,Indianapolis,Non-Tech,Services,5,4.5,5.0,3.0,1,3,10,5,4,5,2,5,5.0,1,0,4,2,4,4,5,1,4,1,5,0,5.0,0.0,4.0,2.0,0,
Company2286,10/12/2013,San Diego,Non-Tech,Services,12,2.0,4.0,6.0,4,4,10,10,10,5,4,10,7.5,0,0,0,0,0,20,9,6,4,1,0,0,0.0,0.0,5.0,7.5,0,
Company2287,12/23/2005,San Francisco,Tech,Services,12,5.0,4.0,4.0,4,6,10,8,5,5,2,4,6.0,3,2,3,0,4,5,15,1,3,3,0,3,0.0,1.0,7.5,3.0,4,
Company2288,06/18/2007,Seattle,Non-Tech,Finance,3,3.0,4.0,4.0,2,2,5,5,10,5,2,4,5.0,0,0,0,3,0,3,3,2,3,2,0,0,0.0,0.0,2.0,3.0,0,
Company2289,02/26/2010,Atlanta,Non-Tech,Finance,12,7.5,4.0,4.0,4,4,1,4,8,5,6,8,6.0,0,0,0,0,0,1,1,3,1,1,0,0,0.0,0.0,1.0,7.5,0,
Company2290,10/28/2012,Denver,Non-Tech,Finance,4,5.0,4.0,4.0,2,2,5,4,4,5,3,4,4.0,1,0,2,1,0,4,5,2,3,3,5,5,5.0,4.0,3.0,3.0,1,
Company2291,08/14/2009,Boulder,Non-Tech,Services,15,7.5,6.0,7.5,4,8,10,5,8,8,10,6,5.0,15,8,12,9,9,25,15,15,5,20,10,10,10.0,2.5,12.5,2.5,20,
Company2292,07/10/2013,Indianapolis,Non-Tech,Services,1,3.0,4.0,5.0,2,2,1,5,5,5,2,10,5.0,0,0,0,0,0,1,1,1,1,1,0,0,0.0,0.0,1.0,3.0,0,
Company2293,09/06/1996,Minneapolis,Non-Tech,Finance,4,5.0,4.0,4.0,2,2,5,4,5,5,4,4,5.0,0,0,0,3,4,3,5,3,1,2,3,3,3.0,1.0,2.0,3.0,3,
Company2294,08/14/2009,San Francisco,Tech,Finance,4,5.0,4.0,4.0,1,2,5,5,5,5,2,5,5.0,0,0,0,0,0,2,5,1,4,1,0,0,5.0,0.0,2.0,3.0,0,
Company2295,03/29/2013,Raleigh,Non-Tech,Finance,4,5.0,4.0,5.0,1,4,5,5,5,10,2,5,5.0,0,0,0,0,0,3,3,1,4,1,0,0,0.0,0.0,3.0,3.0,0,
Company2296,12/28/2011,New York,Tech,Finance,4,5.0,4.0,5.0,3,2,5,5,5,5,5,4,5.0,1,1,0,0,0,5,5,5,5,1,1,0,1.0,0.0,2.0,3.0,1,
Company2297,10/23/2004,New York,Tech,Finance,4,4.0,4.0,5.0,2,4,5,5,4,4,4,3,5.0,0,0,0,0,0,5,5,4,5,3,0,0,0.0,0.0,5.0,2.0,0,
Company2298,03/18/2007,Los Angeles,Non-Tech,Services,3,3.0,4.0,4.0,1,2,5,4,5,5,3,5,5.0,3,0,5,3,0,3,1,1,1,4,3,4,3.0,5.0,1.0,3.0,5,
Company2299,02/16/2012,Detroit,Non-Tech,Finance,6,4.5,6.0,6.0,4,6,5,5,10,5,2,5,7.5,0,0,0,0,0,2,4,1,2,5,0,0,0.0,0.0,5.0,3.0,0,
Company2300,03/24/2009,Columbus,Non-Tech,Finance,2,3.0,4.0,4.0,2,2,5,4,5,5,2,5,5.0,2,4,4,0,4,4,4,2,1,4,0,4,0.0,4.0,2.0,3.0,5,
Company2301,04/08/2010,San Francisco,Tech,Finance,1,5.0,4.0,4.0,2,1,1,4,5,5,3,5,5.0,0,2,0,0,0,1,1,1,1,1,3,0,0.0,5.0,1.0,3.0,0,
Company2302,06/14/2013,New York,Tech,Finance,2,2.0,4.0,4.0,1,2,2,4,4,5,4,4,5.0,0,0,0,0,0,2,1,1,2,1,0,0,0.0,0.0,2.0,2.0,0,
Company2303,02/26/2010,San Francisco,Tech,Finance,12,5.0,3.0,7.5,4,4,10,8,8,8,6,8,6.0,0,1,0,0,0,15,3,3,2,15,2,0,4.0,0.0,2.5,7.5,0,
Company2304,11/27/2011,San Francisco,Tech,Finance,4,5.0,4.0,4.0,4,2,10,4,5,5,6,5,5.0,0,0,0,0,0,15,5,3,2,1,0,0,0.0,0.0,5.0,3.0,0,
Company2305,04/01/2000,San Francisco,Tech,Finance,12,5.0,6.0,4.0,2,10,10,8,10,10,4,4,7.5,9,8,0,0,0,1,5,3,5,1,0,10,12.5,0.0,12.5,3.0,15,
Company2306,05/11/2009,San Francisco,Tech,Services,1,1.0,4.0,3.0,1,2,1,5,5,5,1,5,5.0,1,1,1,1,1,2,1,1,1,1,1,1,1.0,5.0,1.0,3.0,5,23645000.0
Company2307,07/10/2013,Boulder,Non-Tech,Services,3,4.0,4.0,4.0,2,3,5,4,5,5,2,5,5.0,3,0,0,3,3,3,1,1,1,1,5,0,4.0,2.0,3.0,3.0,0,
Company2308,05/18/2011,Atlanta,Non-Tech,Finance,2,3.0,4.0,4.0,1,2,5,4,4,5,5,4,5.0,0,0,0,0,0,5,5,5,3,5,0,0,0.0,0.0,2.0,3.0,0,
Company2309,08/07/2013,Milwaukee,Non-Tech,Other,4,4.5,3.0,6.0,2,2,5,4,5,5,10,6,5.0,0,4,0,0,0,5,12,2,2,2,0,0,0.0,5.0,5.0,2.0,0,
Company2310,01/16/2009,San Francisco,Tech,Finance,4,4.0,4.0,3.0,1,2,5,5,5,5,1,5,5.0,3,3,0,0,4,1,1,5,3,5,3,0,3.0,4.0,3.0,2.0,0,
Company2311,07/14/2007,Boulder,Non-Tech,Finance,1,2.0,4.0,4.0,2,3,1,5,5,5,1,5,5.0,0,0,0,0,0,3,1,1,1,1,0,0,0.0,0.0,1.0,3.0,0,
Company2312,03/17/2007,San Francisco,Tech,Services,2,3.0,4.0,4.0,3,2,5,5,5,5,2,6,5.0,3,2,2,0,3,5,1,1,5,2,0,3,5.0,1.0,5.0,1.0,2,
Company2313,03/02/1998,Columbus,Non-Tech,Finance,3,3.0,4.0,4.0,2,2,5,5,5,5,3,5,5.0,3,5,5,3,4,3,5,2,1,4,3,4,3.0,0.0,2.0,3.0,5,
Company2314,12/31/1997,Atlanta,Non-Tech,Finance,3,2.0,4.0,5.0,2,3,3,4,5,4,2,4,5.0,0,0,5,0,0,5,5,2,3,2,0,3,3.0,0.0,3.0,3.0,5,
Company2315,08/07/2013,San Francisco,Tech,Finance,6,4.5,6.0,6.0,2,2,2,6,8,8,10,6,6.0,0,0,0,0,0,10,12,6,2,10,0,0,0.0,0.0,5.0,7.5,0,
Company2316,05/02/2013,Detroit,Non-Tech,Services,3,2.0,6.0,3.0,6,4,10,2,5,10,2,5,5.0,0,10,15,1,0,25,15,15,3,5,4,0,5.0,0.0,2.0,3.0,25,
Company2317,07/31/2013,Chicago,Non-Tech,Finance,2,4.0,4.0,4.0,2,2,5,4,4,5,4,5,5.0,0,0,0,0,0,4,5,2,2,4,0,0,0.0,0.0,2.0,3.0,0,
Company2318,06/18/2007,Boise,Non-Tech,Finance,3,3.0,4.0,4.0,2,2,5,5,5,5,2,5,5.0,0,0,0,0,0,3,4,2,1,2,0,0,0.0,0.0,2.0,3.0,0,
Company2319,10/05/2010,San Francisco,Tech,Finance,4,5.0,4.0,4.0,2,4,5,8,8,5,2,5,6.0,3,0,0,5,0,4,5,1,2,2,0,0,4.0,0.0,3.0,3.0,0,
Company2320,11/03/2012,San Francisco,Tech,Services,2,4.0,4.0,3.0,3,5,1,4,5,5,4,5,5.0,5,5,4,0,4,5,3,1,1,1,5,4,1.0,4.0,1.0,3.0,0,
Company2321,02/19/2004,St. Louis,Non-Tech,Finance,5,5.0,4.0,4.0,2,4,5,4,4,4,3,5,5.0,0,0,0,0,0,1,1,1,2,1,0,0,0.0,0.0,4.0,2.0,0,
Company2322,04/12/2012,Seattle,Non-Tech,Finance,12,2.0,4.0,3.0,1,2,1,5,4,10,1,4,5.0,0,0,0,0,0,2,1,1,1,1,0,0,0.0,0.0,1.0,3.0,0,
Company2323,10/06/2007,Boston,Non-Tech,Finance,12,7.5,4.0,3.0,4,6,10,4,5,8,10,6,6.0,0,0,0,0,0,25,15,1,3,5,0,0,0.0,0.0,2.0,2.5,0,
Company2324,12/18/2010,Richmond,Non-Tech,Services,3,3.0,4.0,4.0,1,2,5,4,4,5,3,4,5.0,0,0,0,0,0,5,5,1,1,3,0,0,0.0,0.0,2.0,3.0,0,
Company2325,11/14/2012,San Francisco,Tech,Finance,4,4.0,4.0,4.0,2,2,5,4,5,5,3,5,5.0,3,2,4,2,4,4,5,1,3,3,2,2,2.0,3.0,3.0,2.0,5,
Company2326,09/11/2004,Charlotte,Non-Tech,Finance,4,5.0,2.0,5.0,2,2,5,4,4,4,3,4,4.0,0,0,0,0,0,4,4,1,2,3,0,0,0.0,0.0,1.0,3.0,0,27380000.0
Company2327,06/01/2010,San Francisco,Tech,Services,2,5.0,4.0,4.0,2,2,5,4,4,5,3,5,5.0,0,0,4,3,1,5,5,3,1,1,5,5,5.0,0.0,2.0,3.0,3,
Company2328,12/20/2003,Phoenix,Non-Tech,Finance,4,5.0,4.0,4.0,2,2,5,5,4,5,2,4,5.0,0,3,4,5,0,5,5,3,3,5,3,5,0.0,0.0,4.0,1.0,3,
Company2329,01/05/2000,San Jose,Tech,Services,1,1.0,5.0,4.0,1,2,3,4,4,4,3,3,3.0,0,4,3,2,3,2,3,3,1,1,0,0,3.0,0.0,2.0,3.0,0,
Company2330,10/14/2011,New York,Tech,Finance,2,4.0,4.0,4.0,1,2,5,5,5,5,1,5,5.0,0,0,0,0,0,1,1,1,1,1,0,0,0.0,0.0,3.0,2.0,0,23838000.0
Company2331,03/03/2012,Chicago,Non-Tech,Finance,12,7.5,6.0,6.0,4,6,10,8,8,8,8,8,6.0,0,0,0,0,0,1,15,6,3,10,0,0,0.0,0.0,7.5,5.0,0,
Company2332,03/05/2012,San Jose,Tech,Finance,6,4.0,6.0,3.0,1,3,5,4,10,5,3,10,5.0,0,0,0,0,0,25,6,9,1,5,0,0,0.0,0.0,2.5,3.0,0,
Company2333,04/12/2012,Boston,Non-Tech,Finance,1,2.0,4.0,3.0,1,2,1,5,4,5,1,5,5.0,0,0,0,0,0,2,3,1,2,1,0,0,0.0,0.0,1.0,3.0,0,
Company2334,12/21/2012,Boulder,Non-Tech,Finance,4,5.0,4.0,3.0,2,1,5,5,5,5,3,4,5.0,0,0,0,0,0,1,2,1,1,1,0,0,0.0,0.0,2.0,2.0,0,
Company2335,10/04/2000,San Jose,Tech,Finance,3,4.0,3.0,4.0,2,3,5,5,5,5,1,5,5.0,0,0,0,0,0,2,1,3,1,1,0,0,1.0,0.0,5.0,3.0,0,
Company2336,09/23/2008,Detroit,Non-Tech,Finance,2,5.0,4.0,4.0,4,5,5,4,5,5,3,5,5.0,0,0,0,0,0,1,5,2,4,1,0,0,0.0,0.0,5.0,7.5,0,
Company2337,11/03/2012,San Francisco,Tech,Services,2,2.0,3.0,5.0,4,1,1,4,5,5,4,5,5.0,5,5,3,0,4,5,3,1,1,1,4,0,1.0,5.0,1.0,3.0,5,
Company2338,11/21/2009,Boulder,Non-Tech,Services,2,4.0,4.0,4.0,1,3,5,4,5,5,3,5,5.0,0,0,0,0,3,1,1,1,2,1,0,0,0.0,4.0,2.0,3.0,0,
Company2339,03/06/2013,Riverside,Non-Tech,Finance,4,2.0,4.0,4.0,2,2,5,4,5,5,2,5,5.0,0,0,0,0,0,3,2,1,1,1,0,0,0.0,0.0,1.0,3.0,0,
Company2340,01/01/2000,Boston,Non-Tech,Services,3,5.0,4.0,4.0,2,5,5,5,5,5,2,5,5.0,2,2,2,1,3,2,1,1,1,1,4,1,1.0,5.0,1.0,3.0,0,
Company2341,03/09/2013,Charlotte,Non-Tech,Services,2,4.0,2.0,5.0,2,3,5,5,5,5,2,5,5.0,0,0,0,0,0,1,1,1,1,1,0,0,0.0,0.0,1.0,3.0,0,20554000.0
Company2342,09/09/2010,"Washington, D.C.",Non-Tech,Finance,3,4.0,4.0,4.0,2,2,5,5,5,5,2,5,5.0,0,0,0,0,0,3,2,1,1,1,0,0,0.0,0.0,1.0,3.0,0,
Company2343,08/25/2007,San Francisco,Tech,Finance,3,5.0,4.0,4.0,1,2,5,4,4,5,3,4,5.0,0,0,0,0,0,3,5,2,4,2,0,0,0.0,0.0,3.0,3.0,0,
Company2344,03/26/2005,San Francisco,Tech,Finance,4,5.0,4.0,3.0,2,2,5,5,4,4,2,4,4.0,0,0,0,0,0,2,1,2,2,2,0,0,0.0,0.0,5.0,3.0,0,
Company2345,09/26/2009,San Francisco,Tech,Finance,1,2.0,4.0,4.0,2,3,1,5,5,5,1,5,5.0,0,0,0,0,0,3,1,1,1,1,0,0,0.0,0.0,1.0,3.0,0,
Company2346,02/16/2010,San Jose,Tech,Services,4,5.0,4.0,4.0,1,2,5,5,5,5,2,5,5.0,3,4,5,3,0,5,5,2,5,1,3,3,0.0,1.0,3.0,3.0,4,
Company2347,06/05/1999,San Jose,Tech,Finance,2,4.0,2.0,5.0,2,2,5,4,5,5,3,5,5.0,5,0,0,0,0,1,1,1,1,1,0,4,0.0,0.0,1.0,3.0,0,
Company2348,11/22/2007,Phoenix,Non-Tech,Finance,2,6.0,2.0,4.0,1,2,5,4,10,5,3,5,5.0,0,0,0,0,3,1,1,3,1,1,0,0,0.0,2.0,1.0,3.0,5,
Company2349,07/10/2004,San Francisco,Tech,Services,2,3.0,4.0,4.0,1,2,5,4,4,4,5,3,4.0,2,2,4,2,4,5,5,2,2,3,5,3,2.0,1.0,2.0,2.0,3,
Company2350,06/16/2012,Baltimore,Non-Tech,Finance,4,5.0,4.0,5.0,1,1,1,5,4,5,2,5,5.0,0,0,0,0,0,1,1,1,1,1,0,0,0.0,0.0,1.0,3.0,0,
Company2351,12/24/2010,Chicago,Non-Tech,Services,4,4.0,4.0,4.0,1,2,5,5,5,5,2,5,5.0,4,4,0,5,4,4,4,1,2,2,0,0,2.0,0.0,2.0,2.0,5,
Company2352,06/01/2010,Dallas,Non-Tech,Services,4,4.0,4.0,4.0,1,2,5,4,5,5,2,5,5.0,3,0,4,0,0,5,5,1,3,3,5,5,0.0,0.0,2.0,3.0,0,
Company2353,11/05/2008,New York,Tech,Services,2,2.0,6.0,4.0,2,3,4,10,5,5,3,5,5.0,1,0,3,1,0,25,3,2,2,3,2,5,3.0,3.0,1.0,2.0,3,
Company2354,12/06/2013,Los Angeles,Non-Tech,Services,3,4.0,4.0,5.0,1,2,5,5,5,5,2,5,5.0,0,0,0,0,0,1,3,1,2,2,0,0,0.0,0.0,1.0,3.0,0,
Company2355,09/20/2013,Los Angeles,Non-Tech,Finance,3,5.0,4.0,4.0,3,3,5,4,4,5,5,4,5.0,0,0,0,0,0,2,5,2,3,2,0,0,0.0,0.0,3.0,3.0,0,
Company2356,06/16/2012,San Francisco,Tech,Finance,1,2.0,0.0,7.5,2,2,5,4,8,8,5,4,5.0,0,8,0,0,9,25,1,15,1,1,0,0,0.0,0.0,12.5,3.0,0,
Company2357,07/12/2012,Raleigh,Non-Tech,Finance,2,3.0,4.0,5.0,1,1,1,5,5,5,2,5,5.0,0,0,0,0,0,25,2,1,1,1,0,0,0.0,5.0,3.0,2.0,0,
Company2358,04/12/2013,"Washington, D.C.",Non-Tech,Services,3,2.0,4.0,4.0,2,1,5,4,4,5,1,5,5.0,2,3,4,1,0,4,1,2,2,2,0,2,0.0,0.0,1.0,3.0,0,
Company2359,04/14/2010,Raleigh,Non-Tech,Finance,4,5.0,3.0,4.0,2,2,5,5,5,5,4,5,5.0,0,5,0,3,4,5,2,1,1,1,4,4,0.0,5.0,2.0,3.0,0,
Company2360,03/01/2008,Phoenix,Non-Tech,Finance,4,7.5,4.0,6.0,2,4,10,8,8,5,8,8,7.5,0,0,0,0,1,25,15,9,4,25,0,0,0.0,0.0,10.0,3.0,0,
Company2361,06/15/2008,Boulder,Non-Tech,Finance,3,3.0,6.0,6.0,4,2,2,8,10,10,6,10,7.5,0,0,0,0,0,5,3,3,1,5,0,0,0.0,0.0,2.5,7.5,0,48888000.0
Company2362,12/21/2012,San Francisco,Tech,Finance,4,5.0,4.5,5.0,2,1,5,4,4,10,3,4,5.0,0,0,0,0,0,20,5,15,1,2,0,0,0.0,0.0,2.0,2.0,0,
Company2363,01/15/2013,San Francisco,Tech,Services,3,2.0,4.0,4.0,3,1,1,4,4,5,1,4,5.0,0,1,0,0,0,1,2,1,2,3,0,4,4.0,0.0,1.0,3.0,0,
Company2364,11/02/2000,San Francisco,Tech,Finance,4,5.0,3.0,5.0,2,2,5,5,5,5,1,5,5.0,0,0,0,0,0,1,1,1,1,1,0,0,0.0,0.0,2.0,3.0,0,
Company2365,08/08/2013,San Francisco,Tech,Services,9,3.0,4.5,7.5,1,4,5,10,10,5,5,10,5.0,0,4,0,0,0,5,3,2,5,2,0,0,0.0,0.0,2.0,7.5,0,
Company2366,06/17/2010,Phoenix,Non-Tech,Services,2,1.0,2.0,4.0,2,4,5,4,4,5,3,5,5.0,5,4,4,0,0,2,5,1,3,1,3,4,3.0,3.0,2.0,3.0,4,
Company2367,11/12/2010,San Francisco,Tech,Services,2,4.0,4.0,4.0,1,3,5,5,5,5,2,5,5.0,3,4,2,0,0,5,4,1,3,2,2,0,5.0,5.0,2.0,2.0,5,
Company2368,05/12/2013,Dallas,Non-Tech,Finance,3,5.0,4.0,4.0,2,2,5,5,4,4,3,4,4.0,0,0,0,0,0,5,1,1,2,1,0,2,0.0,0.0,1.0,3.0,3,
Company2369,06/01/2010,Miami,Non-Tech,Finance,5,3.0,4.0,4.0,6,2,5,5,5,5,1,4,5.0,3,2,0,0,0,5,5,1,5,15,5,0,5.0,4.0,1.0,7.5,0,
Company2370,08/09/2013,Los Angeles,Non-Tech,Finance,9,6.0,6.0,6.0,4,4,10,8,10,10,8,10,7.5,0,0,0,0,0,25,15,15,3,20,0,0,0.0,0.0,10.0,2.5,0,37451000.0
Company2371,08/18/2012,Cincinnati,Non-Tech,Services,2,3.0,4.0,4.0,2,2,5,4,5,5,4,5,5.0,2,0,4,0,4,4,4,2,1,2,1,3,1.0,4.0,2.0,3.0,0,
Company2372,12/03/2013,San Jose,Tech,Finance,2,2.0,4.0,4.0,1,2,5,4,4,5,5,3,5.0,0,0,0,0,0,2,3,1,2,1,0,0,0.0,0.0,2.0,2.0,0,
Company2373,03/02/1998,St. Louis,Non-Tech,Finance,3,4.0,4.0,4.0,2,3,5,5,10,10,2,5,5.0,0,0,0,0,0,3,12,1,1,1,0,0,0.0,0.0,5.0,7.5,0,
Company2374,08/23/2013,Los Angeles,Non-Tech,Services,12,4.0,6.0,4.0,2,2,10,4,5,10,4,5,5.0,2,0,4,0,0,4,4,2,4,4,0,3,0.0,4.0,7.5,3.0,0,
Company2375,06/24/2012,Los Angeles,Non-Tech,Finance,4,4.0,4.0,4.0,1,2,5,4,5,5,2,5,5.0,0,0,0,0,0,1,5,4,2,5,0,0,0.0,0.0,2.0,1.0,0,
Company2376,10/30/2013,Dallas,Non-Tech,Finance,3,4.0,4.0,4.0,2,2,5,4,5,5,1,5,5.0,0,0,0,0,0,1,5,1,3,5,0,0,0.0,0.0,2.0,3.0,0,
Company2377,04/03/2010,Houston,Non-Tech,Services,1,2.0,4.0,4.0,2,2,5,5,4,5,3,4,5.0,0,0,0,0,0,1,1,1,1,1,2,0,0.0,2.0,1.0,3.0,0,
Company2378,08/02/1995,Tucson,Non-Tech,Services,3,5.0,5.0,3.0,1,2,5,1,4,5,3,2,4.0,2,4,5,3,4,2,5,2,1,1,3,2,3.0,4.0,3.0,3.0,4,
Company2379,08/01/2008,St. Louis,Non-Tech,Finance,3,5.0,4.0,4.0,6,2,5,4,4,5,10,5,3.0,1,2,2,0,0,2,5,4,3,4,0,0,0.0,0.0,3.0,1.0,3,
Company2380,01/16/2009,Pittsburgh,Non-Tech,Finance,2,4.0,4.0,4.0,1,2,5,4,5,4,3,4,5.0,3,0,5,3,0,5,1,1,2,4,3,3,0.0,0.0,3.0,2.0,4,
Company2381,10/18/2012,San Francisco,Tech,Finance,4,5.0,4.0,5.0,1,3,5,5,4,5,2,5,5.0,0,0,0,0,0,3,5,2,5,3,0,0,0.0,0.0,2.0,3.0,0,
Company2382,07/04/2008,New York,Tech,Finance,12,3.0,6.0,6.0,1,6,10,8,5,8,6,5,6.0,0,0,0,0,0,3,15,2,2,15,0,0,0.0,0.0,2.0,5.0,0,
Company2383,06/08/2000,Louisville,Non-Tech,Finance,3,4.0,4.0,4.0,2,2,5,4,4,5,4,4,5.0,0,0,0,0,0,4,5,3,2,1,0,0,0.0,3.0,2.0,3.0,0,
Company2384,08/22/2004,Denver,Non-Tech,Finance,4,3.0,4.0,4.0,2,2,5,3,4,5,5,4,5.0,0,0,0,0,0,5,5,1,1,5,0,0,0.0,0.0,3.0,3.0,0,
Company2385,08/08/2013,San Diego,Non-Tech,Finance,9,6.0,4.5,7.5,4,4,10,10,5,10,4,10,7.5,0,8,0,0,9,4,5,3,1,5,0,0,0.0,0.0,5.0,7.5,0,
Company2386,01/15/2013,San Antonio,Non-Tech,Finance,1,3.0,4.0,6.0,1,1,1,5,5,5,1,5,5.0,0,4,12,0,0,1,2,1,1,1,0,0,0.0,0.0,2.0,3.0,25,
Company2387,10/04/2012,San Francisco,Tech,Finance,2,4.0,3.0,3.0,2,5,5,5,5,5,1,5,5.0,0,0,0,0,0,1,1,1,1,2,0,0,0.0,0.0,3.0,3.0,0,
Company2388,12/11/2012,Boston,Non-Tech,Services,4,2.0,4.0,4.0,1,2,5,4,5,5,3,5,4.0,0,0,3,3,0,2,4,3,1,3,0,4,2.0,0.0,3.0,3.0,0,
Company2389,04/22/2008,Philadelphia,Non-Tech,Finance,4,4.0,4.0,6.0,1,4,3,5,4,10,6,4,5.0,0,0,0,0,0,10,3,1,1,4,0,0,0.0,0.0,5.0,2.0,0,
Company2390,10/22/2006,San Francisco,Tech,Finance,9,6.0,6.0,4.0,4,6,10,10,10,5,2,10,7.5,0,0,0,0,0,5,6,3,2,5,0,0,0.0,0.0,3.0,7.5,0,
Company2391,06/15/2010,San Jose,Tech,Services,12,7.5,6.0,6.0,4,4,10,4,8,8,10,5,6.0,15,10,15,15,12,25,15,12,3,25,6,6,7.5,2.5,5.0,2.0,20,
Company2392,04/04/2008,San Diego,Non-Tech,Finance,4,6.0,4.0,5.0,2,4,5,8,10,5,6,5,5.0,15,0,0,0,0,1,15,1,1,1,10,1,2.0,3.0,5.0,3.0,20,
Company2393,02/21/2013,Los Angeles,Non-Tech,Services,3,5.0,4.0,4.0,2,2,5,5,5,4,1,4,4.0,3,2,4,2,3,4,5,3,2,1,3,4,3.0,5.0,3.0,3.0,5,
Company2394,08/08/2013,San Jose,Tech,Finance,9,6.0,4.5,7.5,4,1,10,10,4,10,4,10,7.5,0,0,0,0,0,10,3,3,1,5,0,0,0.0,0.0,5.0,7.5,0,
Company2395,06/16/2012,Los Angeles,Non-Tech,Finance,1,2.0,3.0,5.0,3,1,1,4,4,5,3,4,5.0,0,0,0,0,0,5,1,1,1,1,0,0,0.0,0.0,1.0,3.0,0,
Company2396,08/01/2000,Seattle,Non-Tech,Services,3,4.0,4.0,4.0,1,2,5,4,5,5,1,5,5.0,3,5,4,0,5,5,5,4,3,4,0,4,0.0,4.0,2.0,1.0,4,
Company2397,10/11/2010,Portland,Non-Tech,Services,3,4.0,4.0,4.0,2,2,5,4,5,5,4,5,5.0,3,4,4,2,4,3,1,1,5,4,3,3,3.0,3.0,5.0,3.0,0,
Company2398,11/29/2008,Atlanta,Non-Tech,Services,12,2.0,4.0,4.0,4,4,5,10,10,4,3,10,7.5,2,0,12,12,12,3,5,3,3,25,0,1,0.0,1.0,10.0,3.0,3,
Company2399,01/26/2012,San Diego,Non-Tech,Services,3,5.0,6.0,4.0,1,2,10,5,5,5,1,5,7.5,0,4,0,3,0,1,12,6,1,1,2,2,2.5,2.5,5.0,7.5,15,
Company2400,07/18/2011,Columbus,Non-Tech,Finance,1,2.0,4.0,3.0,2,1,5,5,5,5,2,5,5.0,0,0,0,0,3,1,1,1,1,2,0,0,0.0,0.0,1.0,3.0,0,
Company2401,07/31/2013,Albuquerque,Non-Tech,Services,2,3.0,6.0,6.0,2,4,10,4,5,5,3,5,5.0,0,0,0,0,0,10,5,2,1,4,0,0,0.0,0.0,2.0,3.0,0,
Company2402,12/21/2012,San Francisco,Tech,Finance,5,5.0,3.0,5.0,2,1,5,4,4,5,3,4,5.0,0,0,0,0,0,2,5,1,4,2,0,0,0.0,0.0,2.0,2.0,0,
Company2403,05/01/1998,Raleigh,Non-Tech,Finance,2,5.0,6.0,5.0,3,4,1,4,4,10,4,5,4.0,0,0,0,3,0,5,3,4,5,5,0,4,1.0,5.0,2.5,3.0,0,
Company2404,11/21/2009,San Francisco,Tech,Finance,3,4.0,4.0,4.0,2,5,5,5,5,5,1,5,5.0,1,2,2,1,5,2,1,1,1,1,2,0,2.0,5.0,2.0,3.0,1,
Company2405,03/18/2011,Albuquerque,Non-Tech,Services,3,4.0,4.0,4.0,2,2,10,10,5,4,5,5,4.0,0,0,0,0,0,5,5,3,2,4,0,0,0.0,0.0,5.0,2.0,0,
Company2406,03/11/2011,San Diego,Non-Tech,Finance,3,4.0,4.0,4.0,1,2,5,2,4,5,5,4,5.0,0,0,0,0,0,3,5,1,3,1,0,0,0.0,0.0,2.0,3.0,0,23447000.0
Company2407,12/04/1999,Pittsburgh,Non-Tech,Finance,12,4.0,4.0,4.5,1,3,5,10,5,5,2,5,5.0,0,8,0,0,12,1,1,1,5,1,0,0,0.0,0.0,2.0,3.0,0,
Company2408,11/29/2008,San Francisco,Tech,Finance,2,3.0,4.0,4.0,1,2,5,4,4,4,3,4,5.0,0,0,0,0,0,3,5,2,3,3,0,0,0.0,0.0,2.0,3.0,0,
Company2409,08/11/2007,New York,Tech,Services,5,5.0,4.0,4.0,2,2,5,4,4,4,2,4,7.5,4,0,5,5,4,4,5,1,3,2,5,4,4.0,5.0,3.0,3.0,5,
Company2410,07/30/2010,New York,Tech,Services,5,5.0,4.0,4.0,2,2,5,5,4,4,2,4,4.0,4,3,3,5,4,5,4,1,3,2,2,2,3.0,5.0,2.0,3.0,5,
Company2411,11/25/2009,Chicago,Non-Tech,Finance,2,4.0,4.0,4.0,2,2,4,4,5,4,1,5,5.0,1,2,5,1,4,2,1,3,2,1,3,3,2.0,1.0,2.0,3.0,1,
Company2412,10/18/2012,San Francisco,Tech,Services,2,3.0,4.0,4.0,2,2,5,4,4,5,5,4,5.0,2,3,4,1,4,4,4,2,1,2,2,2,2.0,1.0,1.0,3.0,5,
Company2413,09/26/2009,Seattle,Non-Tech,Services,12,2.0,4.0,4.0,2,1,1,5,5,5,1,4,5.0,3,0,12,0,0,1,15,3,1,1,0,2,0.0,0.0,1.0,5.0,0,
Company2414,08/08/2013,Los Angeles,Non-Tech,Services,9,5.0,4.0,4.0,2,2,5,5,10,4,4,10,4.0,3,2,4,2,3,4,5,3,2,1,3,0,3.0,0.0,3.0,3.0,5,
Company2415,10/18/2012,San Francisco,Tech,Services,2,2.0,4.0,5.0,2,3,5,5,5,5,2,5,5.0,2,2,4,1,4,4,3,2,2,2,0,0,1.0,0.0,2.0,3.0,0,
Company2416,04/12/1997,San Francisco,Tech,Services,3,4.0,4.0,4.0,2,2,5,4,4,4,5,3,4.0,2,2,2,1,4,2,5,3,2,5,3,3,5.0,3.0,1.0,3.0,5,
Company2417,12/24/2010,Jacksonville,Non-Tech,Services,2,3.0,4.0,4.0,2,2,5,4,5,5,3,5,5.0,3,4,4,2,4,4,4,3,1,4,3,4,2.0,5.0,2.0,2.0,3,
Company2418,05/07/2010,San Francisco,Tech,Services,2,4.0,5.0,4.0,1,2,5,3,4,5,5,5,3.0,3,5,4,1,5,2,5,3,1,4,3,4,4.0,4.0,4.0,3.0,5,
Company2419,12/23/2011,Houston,Non-Tech,Finance,4,4.0,5.0,5.0,2,2,5,5,5,5,2,5,5.0,0,0,0,0,0,3,1,2,1,1,0,0,0.0,0.0,2.0,3.0,0,37786000.0
Company2420,06/13/2006,Miami,Non-Tech,Services,9,3.0,4.0,4.0,6,4,10,5,8,10,10,5,7.5,9,10,15,0,12,25,1,1,3,5,0,4,5.0,2.5,5.0,7.5,0,
Company2421,04/22/2010,New York,Tech,Finance,3,4.0,4.0,4.0,2,5,5,5,5,5,2,5,5.0,0,0,0,0,4,4,2,3,1,1,0,0,1.0,0.0,2.0,3.0,0,
Company2422,03/06/2009,San Francisco,Tech,Finance,3,5.0,4.0,5.0,2,3,5,5,5,5,2,5,5.0,0,0,0,0,0,1,1,1,2,1,0,0,0.0,0.0,2.0,3.0,0,
Company2423,12/02/2007,St. Louis,Non-Tech,Finance,2,4.0,4.0,4.0,1,3,10,5,5,5,1,5,5.0,0,0,0,0,0,2,1,2,1,1,0,0,0.0,0.0,2.0,3.0,0,
Company2424,07/04/2011,Boulder,Non-Tech,Services,12,7.5,6.0,6.0,2,4,10,6,8,5,10,8,7.5,0,0,0,0,0,15,15,12,2,25,0,0,0.0,0.0,3.0,2.5,0,
Company2425,12/02/2007,Indianapolis,Non-Tech,Finance,3,4.0,4.0,4.0,1,3,5,5,5,5,1,3,4.0,0,0,0,0,0,2,1,2,1,1,2,0,0.0,0.0,2.0,2.0,0,
Company2426,05/01/2012,San Francisco,Tech,Finance,5,5.0,4.0,5.0,2,4,5,4,4,4,5,3,4.0,0,0,0,0,0,5,5,3,5,3,0,0,0.0,0.0,5.0,0.0,0,
Company2427,08/25/2006,San Francisco,Tech,Finance,2,3.0,4.0,4.0,1,1,5,4,5,5,3,5,5.0,0,0,0,0,0,3,5,2,5,1,0,0,0.0,0.0,2.0,3.0,0,
Company2428,02/26/2010,Denver,Non-Tech,Finance,12,7.5,3.0,7.5,4,4,10,8,8,8,6,8,6.0,0,0,0,0,0,15,3,3,2,15,0,0,0.0,0.0,2.5,7.5,0,
Company2429,11/22/2012,New York,Tech,Services,2,3.0,4.0,4.0,2,2,5,4,5,5,4,5,5.0,3,3,4,2,4,3,5,3,1,3,1,3,3.0,2.0,2.0,3.0,3,
Company2430,11/21/1999,New York,Tech,Finance,3,4.0,5.0,3.0,1,4,5,2,5,5,1,5,5.0,0,0,0,0,0,1,2,1,1,1,0,0,0.0,0.0,3.0,3.0,0,
Company2431,09/15/2007,Pittsburgh,Non-Tech,Finance,6,1.5,6.0,7.5,6,4,10,10,10,10,2,10,7.5,0,0,0,0,0,20,3,3,1,5,0,0,0.0,0.0,5.0,7.5,0,
Company2432,04/03/2010,Boulder,Non-Tech,Finance,2,3.0,4.0,4.0,1,2,5,5,4,4,3,4,5.0,0,0,0,0,0,1,5,2,3,3,0,0,0.0,0.0,2.0,3.0,0,
Company2433,10/06/2006,San Francisco,Tech,Finance,4,5.0,4.0,4.0,2,2,5,4,4,4,4,3,4.0,0,0,4,1,0,3,5,2,4,1,0,0,1.0,3.0,3.0,3.0,0,
Company2434,01/22/2013,San Francisco,Tech,Finance,3,5.0,3.0,4.0,2,3,5,5,10,5,2,4,5.0,0,0,12,0,0,3,1,1,1,1,0,0,0.0,0.0,2.0,3.0,4,
Company2435,08/24/1996,San Francisco,Tech,Services,2,5.0,4.0,4.0,2,2,5,3,4,5,5,2,5.0,0,4,4,1,4,4,5,5,3,5,5,5,5.0,2.0,5.0,1.0,5,
Company2436,08/25/2007,San Francisco,Tech,Finance,4,5.0,4.0,5.0,1,2,5,4,4,5,3,5,5.0,0,0,0,0,0,2,5,1,2,1,0,0,0.0,0.0,4.0,3.0,0,
Company2437,12/21/2012,San Francisco,Tech,Finance,4,5.0,3.0,6.0,2,1,5,5,5,5,6,4,5.0,2,0,0,3,4,2,15,2,3,1,0,2,7.5,4.0,3.0,3.0,3,
Company2438,02/19/2010,Las Vegas,Non-Tech,Finance,3,3.0,4.0,4.0,2,2,4,5,5,5,3,4,5.0,0,0,5,0,4,2,1,2,1,2,0,4,0.0,1.0,2.0,3.0,0,
Company2439,09/17/2009,San Francisco,Tech,Finance,2,3.0,5.0,3.0,1,5,5,6,5,5,10,5,5.0,0,0,0,0,0,1,5,1,1,10,0,0,0.0,0.0,2.0,7.5,0,
Company2440,07/12/2013,Boulder,Non-Tech,Finance,4,2.0,4.0,4.0,2,1,5,3,5,4,5,4,5.0,0,0,0,0,0,1,5,1,5,3,0,0,0.0,0.0,1.0,1.0,0,
Company2441,11/27/2011,San Francisco,Tech,Services,2,2.0,4.0,7.5,1,4,2,4,4,10,4,8,5.0,0,0,0,0,0,15,3,1,3,10,0,0,0.0,0.0,2.0,3.0,0,
Company2442,03/28/2009,Palo Alto,Non-Tech,Services,2,1.0,4.0,5.0,2,4,1,4,4,4,5,3,4.0,5,4,4,2,4,1,2,2,1,3,2,5,2.0,1.0,1.0,3.0,1,
Company2443,02/26/1998,San Francisco,Tech,Services,2,7.5,4.0,4.0,2,5,10,10,10,5,2,5,5.0,0,0,0,0,0,10,12,6,4,3,0,0,0.0,0.0,7.5,5.0,0,
Company2444,06/27/2007,New York,Tech,Finance,3,5.0,4.0,4.0,2,3,5,3,4,5,5,4,5.0,3,5,5,3,0,5,5,4,3,2,0,0,3.0,1.0,2.0,3.0,0,
Company2445,10/04/2013,Philadelphia,Non-Tech,Finance,12,7.5,6.0,6.0,4,4,10,8,8,10,10,6,7.5,0,0,0,0,0,20,15,3,2,15,0,0,0.0,0.0,5.0,7.5,0,
Company2446,09/20/2013,Detroit,Non-Tech,Finance,3,5.0,3.0,4.0,2,3,5,5,5,5,2,5,5.0,0,0,0,0,0,3,1,1,1,1,0,0,0.0,0.0,2.0,3.0,0,
Company2447,12/21/2012,New York,Tech,Finance,4,5.0,3.0,5.0,2,2,5,4,4,5,3,4,5.0,0,0,0,0,0,2,1,1,4,2,0,0,0.0,0.0,2.0,3.0,0,
Company2448,07/10/2004,Boulder,Non-Tech,Services,2,3.0,4.0,4.0,1,2,5,4,4,4,4,3,4.0,2,2,0,2,0,5,5,2,2,1,2,3,2.0,1.0,2.0,2.0,3,
Company2449,08/14/2009,Atlanta,Non-Tech,Finance,4,5.0,4.0,4.0,1,3,5,5,5,5,2,5,5.0,0,0,0,0,0,3,5,1,4,5,0,0,0.0,0.0,2.0,3.0,0,
Company2450,03/24/2008,Detroit,Non-Tech,Finance,2,6.0,4.0,4.0,4,3,5,4,5,5,2,10,5.0,0,0,0,0,0,2,3,6,2,1,0,0,0.0,0.0,1.0,3.0,0,
Company2451,07/20/2007,"Washington, D.C.",Non-Tech,Finance,3,3.0,4.0,4.0,2,2,5,5,5,5,2,5,5.0,0,0,0,0,0,5,5,2,4,4,0,0,0.0,0.0,2.0,3.0,0,
Company2452,12/21/2011,Riverside,Non-Tech,Finance,4,5.0,4.0,4.0,2,2,5,4,4,5,4,4,5.0,0,0,0,0,0,5,5,3,3,5,0,0,0.0,0.0,4.0,3.0,0,72018000.0
Company2453,08/08/2013,San Francisco,Tech,Services,9,6.0,4.0,6.0,4,6,10,10,10,8,8,10,7.5,0,0,0,0,0,15,15,1,3,5,0,0,0.0,0.0,5.0,7.5,0,
Company2454,06/01/2010,Dallas,Non-Tech,Services,3,3.0,6.0,4.0,2,4,5,4,5,5,8,10,7.5,0,4,4,0,4,5,15,12,3,5,0,5,5.0,3.0,3.0,2.0,0,
Company2455,03/17/2007,San Jose,Tech,Services,2,3.0,4.0,5.0,3,2,1,5,5,5,1,5,5.0,1,2,4,0,3,2,1,1,1,2,3,5,3.0,1.0,1.0,3.0,2,
Company2456,07/04/2011,Boulder,Non-Tech,Other,3,4.0,4.0,6.0,1,2,5,5,8,5,10,5,7.5,0,0,0,0,0,2,6,1,2,2,0,0,0.0,0.0,2.0,3.0,0,
Company2457,11/25/2008,Boulder,Non-Tech,Services,4,5.0,4.0,4.0,2,3,5,4,5,5,3,5,5.0,3,4,4,5,5,4,5,1,5,4,4,4,4.0,5.0,3.0,2.0,5,
Company2458,03/19/2012,Boston,Non-Tech,Services,2,7.5,6.0,7.5,4,4,10,2,6,8,10,2,6.0,9,8,15,15,15,25,15,15,1,5,10,10,12.5,2.5,7.5,3.0,5,
Company2459,09/04/2009,San Francisco,Tech,Services,4,5.0,4.0,5.0,3,2,5,2,4,5,5,3,5.0,3,3,3,2,4,5,4,1,3,5,1,0,3.0,1.0,5.0,7.5,5,
Company2460,09/21/2012,San Francisco,Tech,Services,4,5.0,4.0,4.0,2,3,5,5,4,5,2,4,5.0,1,2,3,1,4,2,3,1,1,1,2,1,2.0,3.0,3.0,3.0,5,
Company2461,10/17/2008,San Francisco,Tech,Finance,2,4.0,4.0,4.0,1,2,3,1,4,5,5,4,5.0,0,0,0,0,0,1,1,1,4,1,0,0,0.0,0.0,2.0,2.0,0,
Company2462,11/26/2009,San Francisco,Tech,Services,3,5.0,4.0,4.0,2,4,5,4,5,5,4,5,4.0,3,5,5,4,2,5,5,3,3,20,5,4,3.0,2.0,4.0,1.0,5,
Company2463,02/16/2007,New York,Tech,Finance,2,5.0,4.0,4.0,1,2,5,5,5,5,1,4,5.0,0,0,0,0,0,1,5,1,2,5,0,0,0.0,0.0,3.0,2.0,0,
Company2464,06/04/1996,Miami,Non-Tech,Services,4,5.0,3.0,4.0,2,2,5,5,5,5,2,5,5.0,2,1,3,1,4,5,15,4,4,5,2,1,1.0,2.0,4.0,7.5,3,
Company2465,04/26/2013,Buffalo,Non-Tech,Finance,2,2.0,3.0,4.0,2,2,4,10,4,5,3,5,5.0,1,0,3,0,0,3,5,3,2,5,0,5,0.0,3.0,3.0,2.0,0,
Company2466,08/02/2011,Portland,Non-Tech,Services,3,4.0,4.0,4.0,2,2,5,4,5,5,1,4,5.0,0,0,0,0,0,2,1,1,1,1,0,0,0.0,0.0,2.0,3.0,0,
Company2467,10/10/2013,Las Vegas,Non-Tech,Finance,2,3.0,4.0,4.0,2,3,5,5,5,5,2,5,5.0,0,0,0,0,0,1,1,1,2,1,0,0,0.0,0.0,1.0,3.0,0,
Company2468,03/16/2006,Sacramento,Non-Tech,Services,2,5.0,5.0,3.0,1,3,5,4,5,5,3,5,5.0,1,2,0,1,4,3,5,2,3,3,3,2,3.0,1.0,3.0,3.0,0,
Company2469,08/01/2008,San Francisco,Tech,Services,6,5.0,4.0,4.0,2,2,10,5,4,4,2,4,4.0,4,0,3,5,12,5,6,1,4,2,4,2,3.0,5.0,2.0,3.0,15,
Company2470,08/20/2011,Boulder,Non-Tech,Finance,2,4.0,4.0,4.0,2,2,5,5,4,5,2,5,5.0,0,0,0,0,0,1,3,4,1,3,0,0,0.0,0.0,2.0,3.0,0,
Company2471,06/20/2011,Kansas City,Non-Tech,Finance,4,5.0,4.0,3.0,2,5,5,5,5,5,2,5,5.0,0,4,0,3,4,5,5,2,5,1,0,3,0.0,1.0,3.0,3.0,5,
Company2472,05/04/2012,Tucson,Non-Tech,Finance,3,3.0,4.0,5.0,2,2,5,4,4,5,3,4,5.0,0,0,0,0,0,2,5,1,2,3,0,0,0.0,0.0,2.0,3.0,0,
Company2473,07/12/2013,Boulder,Non-Tech,Services,4,5.0,4.0,4.0,1,3,5,5,4,5,2,4,5.0,0,2,3,0,0,4,5,2,4,1,2,1,0.0,0.0,4.0,3.0,0,
Company2474,07/30/2010,San Francisco,Tech,Finance,4,5.0,4.0,7.5,6,2,5,5,4,10,3,4,4.0,0,2,3,0,0,25,4,1,1,2,2,0,0.0,5.0,2.0,2.0,5,
Company2475,06/06/2003,Seattle,Non-Tech,Finance,5,5.0,4.0,4.0,1,5,5,4,5,4,4,4,4.0,0,0,0,0,0,3,5,3,4,2,0,0,0.0,0.0,5.0,3.0,0,
Company2476,03/24/2008,San Francisco,Tech,Finance,2,3.0,4.0,3.0,1,2,5,4,4,5,3,4,5.0,0,0,0,0,0,2,1,1,1,1,2,0,0.0,0.0,1.0,3.0,0,
Company2477,11/14/2012,Dallas,Non-Tech,Services,4,5.0,4.0,4.0,2,2,5,4,5,5,3,5,5.0,3,2,4,2,4,4,5,1,3,3,2,2,2.0,3.0,3.0,2.0,5,
Company2478,06/27/2007,Minneapolis,Non-Tech,Finance,3,2.0,4.0,4.0,2,2,5,3,4,5,5,4,5.0,0,0,0,0,0,5,5,4,3,4,0,0,0.0,0.0,4.0,1.0,0,
Company2479,06/28/2012,Houston,Non-Tech,Finance,3,5.0,4.0,4.0,2,2,5,4,5,5,3,5,5.0,0,0,3,0,0,5,5,1,1,1,0,1,0.0,0.0,4.0,1.0,3,
Company2480,04/26/2013,Buffalo,Non-Tech,Services,3,4.0,3.0,4.0,2,3,5,4,5,5,2,5,5.0,0,0,4,0,0,3,5,1,3,4,5,0,0.0,0.0,3.0,3.0,0,
Company2481,08/22/2004,Tucson,Non-Tech,Finance,2,3.0,4.0,4.0,2,2,5,4,4,5,3,4,5.0,0,0,0,0,0,2,2,1,4,1,0,0,0.0,0.0,2.0,3.0,0,
Company2482,05/01/2013,Miami,Non-Tech,Finance,2,4.5,4.0,3.0,6,1,3,5,5,5,1,10,5.0,0,0,0,0,0,1,1,1,2,15,0,0,0.0,0.0,1.0,3.0,0,
Company2483,11/22/2012,San Francisco,Tech,Services,2,6.0,4.0,4.0,2,2,5,4,5,5,4,5,5.0,3,3,4,2,4,3,5,3,1,3,1,3,3.0,2.0,2.0,3.0,15,
Company2484,05/30/2006,San Francisco,Tech,Services,5,4.0,4.0,4.0,1,3,5,4,4,4,2,4,5.0,0,4,0,3,4,3,5,1,5,2,0,4,0.0,1.0,5.0,1.0,0,
Company2485,11/04/2011,San Diego,Non-Tech,Finance,4,5.0,4.0,4.0,1,2,5,5,5,5,2,5,5.0,0,0,0,0,0,3,4,1,5,3,0,0,0.0,0.0,2.0,3.0,0,
Company2486,12/03/2012,Omaha,Non-Tech,Services,3,3.0,4.0,4.0,2,2,5,4,5,5,4,5,5.0,0,4,0,1,0,5,5,4,3,4,0,4,4.0,0.0,3.0,1.0,5,
Company2487,10/28/2012,San Francisco,Tech,Services,6,5.0,2.0,5.0,2,10,5,4,4,4,3,4,4.0,6,4,0,0,12,4,2,1,2,5,4,4,0.0,12.5,4.0,7.5,1,
Company2488,08/27/1999,Boulder,Non-Tech,Finance,2,5.0,4.0,4.0,2,2,5,4,4,5,5,3,5.0,0,0,4,0,0,4,4,1,1,2,0,2,2.0,0.0,1.0,3.0,0,
Company2489,03/16/2007,Louisville,Non-Tech,Finance,4,5.0,4.0,4.0,1,1,5,4,4,5,3,5,5.0,0,0,2,0,0,4,2,1,1,3,0,0,0.0,0.0,2.0,3.0,0,
Company2490,11/27/2008,San Francisco,Tech,Finance,4,5.0,4.0,5.0,1,5,5,4,5,5,5,5,4.0,5,0,0,0,5,3,5,2,5,1,0,0,0.0,0.0,4.0,2.0,0,
Company2491,04/03/2010,San Francisco,Tech,Finance,1,2.0,4.0,4.0,2,1,1,5,4,5,1,4,5.0,0,0,0,0,0,1,1,1,1,1,0,0,0.0,0.0,1.0,3.0,0,
Company2492,11/16/2012,Miami,Non-Tech,Finance,2,5.0,4.0,4.0,2,2,5,4,5,5,4,5,5.0,0,0,0,0,0,3,4,1,1,1,0,0,0.0,0.0,2.0,3.0,0,
Company2493,04/09/2011,San Jose,Tech,Services,12,6.0,4.5,6.0,4,4,10,8,8,8,10,6,7.5,0,0,0,15,9,15,15,9,3,25,0,6,0.0,0.0,5.0,7.5,20,
Company2494,10/24/2006,San Francisco,Tech,Finance,12,7.5,6.0,4.0,4,4,10,10,8,10,4,8,7.5,0,0,0,0,0,20,3,3,3,5,0,0,0.0,0.0,2.5,7.5,0,
Company2495,09/26/2009,Boston,Non-Tech,Finance,3,2.0,5.0,4.0,2,1,1,4,5,5,1,5,5.0,0,0,0,0,0,5,4,1,3,1,0,0,0.0,0.0,2.0,3.0,0,
Company2496,10/15/2011,Detroit,Non-Tech,Services,4,5.0,4.0,5.0,2,4,5,5,5,5,2,5,5.0,0,0,3,0,3,5,5,1,3,2,0,0,1.0,0.0,3.0,3.0,3,
Company2497,03/06/2013,San Francisco,Tech,Finance,2,3.0,4.0,4.0,2,2,2,5,4,5,1,4,5.0,0,0,0,0,0,3,2,1,1,1,0,0,0.0,0.0,2.0,3.0,0,
Company2498,08/25/2006,San Francisco,Tech,Services,2,3.0,4.0,4.0,1,1,5,4,5,5,3,5,5.0,3,5,0,0,0,3,4,2,1,4,0,4,0.0,0.0,2.0,3.0,0,
Company2499,01/18/2013,Chicago,Non-Tech,Finance,4,2.0,4.0,5.0,2,3,5,3,5,4,2,5,4.0,2,2,4,1,4,3,5,1,1,2,1,1,0.0,0.0,2.0,0.0,0,
Company2500,10/10/2013,Oakland,Non-Tech,Services,2,3.0,4.0,5.0,2,3,5,5,5,5,2,5,5.0,0,0,0,0,0,1,3,1,2,1,0,2,0.0,0.0,1.0,3.0,0,
Company2501,04/18/2006,San Jose,Tech,Services,5,2.0,4.0,4.0,2,6,10,5,10,4,4,5,5.0,0,0,2,0,1,10,3,1,2,5,2,1,0.0,0.0,10.0,7.5,5,
Company2502,04/26/2013,San Francisco,Tech,Services,4,5.0,4.0,5.0,2,4,5,4,5,5,1,5,5.0,0,0,4,0,4,3,4,2,3,1,4,0,5.0,4.0,3.0,3.0,0,
Company2503,03/16/2010,San Francisco,Tech,Services,2,4.0,3.0,4.0,2,3,5,5,5,4,1,5,4.0,2,2,2,1,4,2,1,1,2,1,5,3,5.0,5.0,2.0,3.0,5,38367000.0
Company2504,03/30/2002,Seattle,Non-Tech,Finance,4,5.0,4.0,4.0,1,4,5,5,5,5,3,5,5.0,0,0,0,0,0,3,3,1,1,2,0,0,0.0,0.0,3.0,7.5,0,
Company2505,10/06/2010,El Paso,Non-Tech,Services,4,2.0,5.0,5.0,2,2,4,5,5,5,1,5,5.0,1,2,5,1,3,4,1,4,1,1,4,4,5.0,1.0,2.0,2.0,3,
Company2506,04/01/2000,San Francisco,Tech,Services,4,5.0,4.0,4.0,1,4,5,4,5,4,3,5,4.0,5,0,0,4,0,5,4,2,3,2,0,0,5.0,0.0,3.0,2.0,5,
Company2507,12/17/2010,Philadelphia,Non-Tech,Services,4,3.0,4.0,4.0,2,2,5,4,5,5,3,5,5.0,0,0,0,0,0,5,5,2,3,1,0,0,0.0,0.0,2.0,3.0,0,
Company2508,01/23/2009,San Francisco,Tech,Finance,2,4.0,4.0,4.0,1,2,5,4,5,5,3,5,5.0,0,0,0,0,0,2,1,1,1,1,0,0,0.0,0.0,1.0,2.0,0,
Company2509,07/04/2008,San Francisco,Tech,Services,12,7.5,6.0,6.0,4,4,10,8,8,5,6,8,5.0,3,0,0,0,0,2,15,3,3,2,0,0,0.0,0.0,10.0,5.0,0,
Company2510,07/20/2007,Cincinnati,Non-Tech,Finance,4,5.0,4.0,4.0,2,2,5,4,5,5,2,5,5.0,0,0,0,0,0,3,5,1,4,1,0,0,0.0,0.0,3.0,3.0,0,
Company2511,10/06/2006,Boulder,Non-Tech,Finance,4,5.0,4.0,4.0,2,2,5,4,4,5,4,4,5.0,0,0,0,0,0,3,5,2,4,2,0,0,0.0,0.0,3.0,2.0,0,
Company2512,09/09/2005,Houston,Non-Tech,Services,3,5.0,5.0,4.0,1,5,5,4,4,5,3,3,5.0,3,5,5,5,5,4,5,5,1,4,5,4,5.0,4.0,3.0,3.0,0,
Company2513,03/17/2007,Boston,Non-Tech,Finance,2,4.0,4.0,5.0,1,2,5,5,5,5,1,5,5.0,1,0,0,0,0,2,1,1,1,1,0,0,3.0,0.0,2.0,3.0,0,
Company2514,12/11/2012,San Jose,Tech,Services,2,2.0,4.0,4.0,2,2,4,4,5,5,3,5,5.0,3,4,4,3,4,2,4,1,1,4,2,4,2.0,5.0,2.0,3.0,5,
Company2515,05/03/2009,Milwaukee,Non-Tech,Finance,4,5.0,4.0,5.0,1,1,10,8,4,5,8,3,4.0,0,4,0,0,0,5,5,5,5,15,0,0,0.0,3.0,5.0,2.0,0,
Company2516,01/26/2012,St. Louis,Non-Tech,Finance,6,4.5,6.0,7.5,2,2,10,5,4,10,2,10,7.5,6,0,0,0,12,25,1,6,1,1,2,2,2.5,2.5,5.0,7.5,0,
Company2517,02/29/2012,San Francisco,Tech,Finance,3,5.0,3.0,3.0,2,2,5,4,5,5,4,5,5.0,0,0,0,0,0,3,4,1,1,2,0,0,0.0,0.0,1.0,3.0,0,
Company2518,03/15/2011,Atlanta,Non-Tech,Services,4,4.0,4.0,4.0,2,2,5,5,4,5,1,4,4.0,0,2,4,0,3,4,2,3,2,2,3,0,0.0,5.0,3.0,3.0,5,
Company2519,05/06/2013,San Francisco,Tech,Services,2,3.0,4.0,4.0,1,3,5,5,5,5,1,5,5.0,0,0,0,0,0,1,1,1,2,1,0,0,0.0,0.0,2.0,3.0,0,
Company2520,10/18/2012,Boulder,Non-Tech,Finance,4,5.0,5.0,5.0,1,1,5,5,5,5,1,5,5.0,0,0,0,0,0,3,2,3,5,3,0,0,0.0,0.0,5.0,1.0,0,
Company2521,02/09/2000,San Francisco,Tech,Other,3,4.0,4.0,3.0,1,2,5,5,5,5,2,5,5.0,0,0,0,0,0,4,1,1,3,1,2,0,2.0,3.0,1.0,3.0,0,
Company2522,06/07/2013,Boston,Non-Tech,Services,4,5.0,5.0,4.0,1,5,5,4,4,5,3,3,4.0,3,0,0,0,5,4,5,5,4,4,5,4,5.0,0.0,5.0,3.0,3,
Company2523,08/13/2011,San Francisco,Tech,Services,4,7.5,3.0,4.0,2,1,1,8,4,5,4,4,4.0,0,0,0,0,0,3,1,2,1,1,0,0,0.0,0.0,1.0,3.0,0,
Company2524,04/19/2013,Los Angeles,Non-Tech,Finance,2,3.0,4.0,4.0,2,3,5,4,5,5,4,4,5.0,0,0,4,0,4,4,4,2,1,4,1,3,0.0,3.0,2.0,3.0,0,
Company2525,07/12/2013,Philadelphia,Non-Tech,Services,4,5.0,4.0,4.0,1,2,5,5,5,5,5,5,5.0,0,0,0,0,0,5,4,1,3,4,0,0,0.0,0.0,2.0,2.0,0,
Company2526,08/25/2007,San Francisco,Tech,Finance,4,3.0,4.0,4.0,1,2,5,4,5,5,3,4,5.0,0,0,0,0,0,5,5,1,3,2,0,0,0.0,0.0,5.0,3.0,0,
Company2527,01/26/2012,San Jose,Tech,Services,6,4.5,6.0,7.5,6,2,10,10,10,10,10,10,7.5,6,4,12,3,15,25,15,6,4,10,2,4,2.5,2.5,5.0,7.5,15,
Company2528,03/07/2011,San Francisco,Tech,Services,4,5.0,5.0,3.0,1,2,5,5,5,5,1,5,5.0,3,3,3,3,3,5,5,1,3,2,3,3,3.0,4.0,2.0,3.0,4,
Company2529,06/14/2013,San Francisco,Tech,Finance,3,5.0,4.0,4.0,1,2,5,5,5,5,1,5,5.0,0,0,0,0,0,1,5,2,2,2,0,0,0.0,0.0,3.0,2.0,0,
Company2530,11/21/2009,New York,Tech,Services,3,4.0,6.0,6.0,2,2,5,5,10,5,1,5,5.0,12,4,4,2,4,3,1,1,2,15,10,2,2.0,4.0,2.0,3.0,1,
Company2531,12/28/2011,New York,Tech,Services,5,5.0,4.0,4.0,2,2,10,3,4,4,5,3,4.0,0,0,0,0,0,10,5,1,1,1,0,0,0.0,0.0,5.0,7.5,0,
Company2532,11/08/2011,San Mateo,Non-Tech,Services,2,2.0,4.0,4.0,2,2,4,4,5,5,4,5,5.0,0,0,0,0,0,5,4,2,1,2,0,0,0.0,0.0,1.0,3.0,0,32730000.0
Company2533,08/01/2008,Boulder,Non-Tech,Finance,4,5.0,4.0,4.0,2,2,5,4,4,4,5,4,3.0,0,4,0,0,0,5,5,4,4,4,2,0,0.0,0.0,5.0,1.0,0,
Company2534,12/23/2011,New York,Tech,Finance,2,4.0,4.0,4.0,1,2,3,5,5,5,4,5,5.0,0,0,0,0,0,1,1,1,3,1,0,0,0.0,0.0,3.0,3.0,0,
Company2535,03/16/2006,Louisville,Non-Tech,Services,3,5.0,2.0,4.0,1,1,5,5,5,5,3,5,5.0,1,0,2,1,0,4,5,2,3,3,0,0,3.0,0.0,2.0,3.0,3,
Company2536,07/23/2011,Boston,Non-Tech,Services,1,1.0,5.0,4.0,5,1,5,4,5,5,3,5,3.0,2,0,2,2,0,1,1,1,1,1,0,0,1.0,0.0,5.0,3.0,0,
Company2537,09/10/1998,San Jose,Tech,Other,2,5.0,4.0,4.0,2,2,5,4,5,4,4,8,5.0,0,0,12,0,0,4,1,1,3,1,0,0,0.0,0.0,1.0,2.0,0,
Company2538,05/03/2009,Detroit,Non-Tech,Finance,4,5.0,4.0,5.0,1,4,5,4,4,5,5,4,5.0,0,0,0,0,3,5,5,1,5,1,0,0,2.0,2.0,2.0,2.0,3,
Company2539,12/23/2012,San Francisco,Tech,Services,2,5.0,6.0,5.0,2,4,4,4,4,10,3,10,7.5,0,0,0,0,0,4,15,15,4,25,0,0,0.0,5.0,7.5,7.5,0,
Company2540,03/28/2009,Milwaukee,Non-Tech,Services,2,3.0,6.0,6.0,2,2,5,3,8,8,10,4,6.0,3,4,3,0,0,10,4,6,2,1,0,5,0.0,0.0,5.0,3.0,3,
Company2541,12/20/1997,Bellevue,Non-Tech,Services,4,5.0,4.0,4.0,2,2,5,4,5,5,3,5,5.0,4,4,5,5,5,5,3,2,4,4,0,5,5.0,1.0,3.0,2.0,0,
Company2542,08/22/2004,Denver,Non-Tech,Finance,4,5.0,4.0,4.0,2,2,5,4,4,5,5,4,5.0,0,0,0,0,0,3,5,2,4,2,0,0,0.0,0.0,3.0,3.0,0,
Company2543,10/18/2012,San Francisco,Tech,Finance,4,5.0,4.0,5.0,1,3,5,5,5,5,1,5,5.0,0,0,0,0,0,3,5,2,5,3,0,0,0.0,0.0,5.0,1.0,0,
Company2544,03/26/2005,San Francisco,Tech,Finance,4,2.0,4.0,4.0,1,5,5,5,5,4,2,4,4.0,2,0,0,1,1,1,1,1,2,1,0,0,4.0,5.0,3.0,3.0,0,
Company2545,12/23/2011,San Francisco,Tech,Finance,2,4.0,4.0,4.0,1,2,5,5,5,5,2,5,5.0,0,0,0,0,0,1,1,1,1,1,0,0,0.0,0.0,3.0,3.0,0,
Company2546,04/14/2009,Milwaukee,Non-Tech,Services,6,6.0,6.0,6.0,4,2,10,8,8,10,10,8,7.5,6,4,12,3,12,5,12,3,2,10,6,6,10.0,12.5,5.0,7.5,15,
Company2547,10/10/2013,New York,Tech,Finance,4,5.0,5.0,4.0,1,2,5,5,5,4,2,5,4.0,3,5,2,4,0,3,5,3,2,2,5,5,5.0,4.0,4.0,3.0,5,
Company2548,07/10/2013,San Francisco,Tech,Finance,5,5.0,3.0,5.0,1,4,1,4,4,5,4,4,5.0,0,0,0,2,0,2,5,1,1,2,0,0,3.0,5.0,2.0,3.0,0,
Company2549,08/01/2010,San Francisco,Tech,Finance,4,5.0,4.0,4.0,1,5,5,5,5,5,3,5,5.0,0,0,0,0,0,1,5,2,4,1,0,3,0.0,0.0,5.0,2.0,0,
Company2550,11/26/2010,San Francisco,Tech,Other,3,4.0,4.0,4.0,1,2,5,3,4,5,3,4,4.0,4,0,0,0,4,4,5,5,2,2,3,0,0.0,3.0,4.0,3.0,0,
Company2551,10/23/2004,San Diego,Non-Tech,Finance,4,4.0,4.0,4.0,2,2,5,4,5,5,3,5,3.0,0,0,0,2,5,1,5,1,1,1,0,0,0.0,0.0,1.0,3.0,4,
Company2552,07/10/2013,Dallas,Non-Tech,Finance,2,2.0,4.0,4.0,2,2,1,5,5,5,2,5,5.0,1,0,0,0,0,1,1,1,1,1,0,0,2.0,0.0,1.0,3.0,0,
Company2553,02/11/1998,Reno,Non-Tech,Services,4,5.0,4.0,4.0,6,4,5,5,5,5,2,5,7.5,5,5,5,0,5,3,5,1,3,2,5,5,5.0,1.0,3.0,2.0,5,
Company2554,06/27/2007,Philadelphia,Non-Tech,Finance,3,3.0,4.0,4.0,2,3,5,5,4,5,2,5,5.0,0,0,0,0,0,3,1,4,1,1,0,0,0.0,0.0,4.0,3.0,0,
Company2555,10/04/2012,San Francisco,Tech,Finance,2,4.0,4.0,3.0,4,4,10,10,5,4,4,5,5.0,0,0,0,0,0,1,1,3,1,1,0,0,0.0,0.0,3.0,0.0,0,
Company2556,06/17/2010,San Antonio,Non-Tech,Services,1,3.0,3.0,4.0,3,1,5,4,5,5,3,5,5.0,0,0,3,2,0,5,4,2,1,1,0,0,0.0,5.0,2.0,3.0,0,
Company2557,10/04/2000,Palo Alto,Non-Tech,Other,3,5.0,4.0,3.0,1,3,5,5,5,5,1,5,5.0,0,0,0,0,0,2,1,2,1,1,0,0,0.0,0.0,5.0,3.0,0,
Company2558,11/13/2013,Cleveland,Non-Tech,Other,1,2.0,4.0,4.0,1,5,5,5,5,4,1,5,4.0,0,0,0,0,0,5,2,1,2,1,2,0,4.0,5.0,1.0,3.0,0,
Company2559,02/19/2004,Atlanta,Non-Tech,Finance,2,5.0,4.0,4.0,2,4,5,5,5,5,1,5,5.0,0,0,0,0,0,1,1,1,2,1,0,0,0.0,0.0,4.0,3.0,0,
Company2560,06/04/1996,New York,Tech,Finance,4,5.0,4.0,4.0,1,3,5,5,5,5,3,5,5.0,0,0,0,0,4,1,5,2,4,2,0,0,0.0,2.0,2.0,3.0,0,
Company2561,08/11/2010,New York,Tech,Finance,3,4.0,2.0,5.0,2,2,5,4,5,4,1,4,4.0,0,0,0,0,0,5,3,2,1,1,0,0,0.0,0.0,2.0,3.0,0,
Company2562,08/20/2004,San Jose,Tech,Services,4,5.0,5.0,6.0,1,5,5,5,5,5,2,5,5.0,1,2,4,1,3,4,5,4,5,2,3,2,2.0,2.0,4.0,2.0,5,
Company2563,09/06/1997,San Francisco,Tech,Services,6,7.5,4.5,6.0,4,10,10,10,10,10,2,10,7.5,6,4,0,3,12,5,6,3,1,5,4,4,7.5,12.5,2.5,7.5,15,
Company2564,09/19/2009,Newark,Non-Tech,Services,3,5.0,4.0,3.0,1,3,5,4,4,5,4,4,5.0,3,0,4,4,4,3,5,2,2,1,5,4,0.0,5.0,2.0,3.0,4,
Company2565,04/22/2008,New York,Tech,Finance,2,5.0,4.0,4.0,2,2,5,2,4,5,5,3,5.0,0,0,0,0,0,2,4,1,1,2,0,0,0.0,0.0,2.0,3.0,0,
Company2566,05/06/2013,San Francisco,Tech,Services,2,3.0,4.0,4.0,1,3,5,5,5,5,1,4,5.0,0,0,0,0,0,1,1,1,2,1,0,0,0.0,0.0,2.0,3.0,0,
Company2567,09/27/2011,San Francisco,Tech,Services,12,7.5,6.0,6.0,4,4,10,8,10,10,6,10,7.5,0,0,0,0,0,25,15,6,4,20,0,0,0.0,0.0,7.5,5.0,0,49523000.0
Company2568,09/13/2006,San Francisco,Tech,Finance,2,3.0,4.0,4.0,2,2,5,5,5,4,3,3,4.0,0,0,0,0,4,1,5,1,5,1,0,4,4.0,5.0,1.0,3.0,0,
Company2569,09/01/2010,Seattle,Non-Tech,Finance,1,3.0,3.0,5.0,2,1,1,4,4,5,3,3,5.0,0,0,0,0,0,1,1,1,1,1,0,0,0.0,0.0,2.0,3.0,0,
Company2570,05/15/2012,San Francisco,Tech,Other,4,5.0,4.0,4.0,2,2,5,4,4,5,3,5,5.0,0,0,0,2,0,5,4,2,3,5,0,2,0.0,0.0,2.0,3.0,1,
Company2571,05/04/2012,San Francisco,Tech,Services,6,4.5,6.0,6.0,4,8,10,10,10,10,4,10,7.5,6,4,12,6,12,5,9,3,2,5,8,8,10.0,12.5,5.0,7.5,25,48830000.0
Company2572,08/02/2010,Boston,Non-Tech,Services,2,2.0,4.0,3.0,2,2,4,4,5,4,3,5,5.0,3,4,4,5,3,4,4,1,2,2,2,5,2.0,5.0,2.0,3.0,5,
Company2573,11/25/2011,San Francisco,Tech,Finance,12,7.5,3.0,6.0,2,2,5,5,4,8,6,8,5.0,0,0,0,0,0,3,1,1,1,15,0,0,0.0,0.0,10.0,5.0,0,
Company2574,07/30/2010,Phoenix,Non-Tech,Finance,5,5.0,4.5,4.0,2,2,5,8,4,4,2,8,4.0,4,2,0,5,4,5,4,1,3,2,0,2,3.0,5.0,5.0,3.0,5,
Company2575,02/15/2010,San Francisco,Tech,Services,4,5.0,4.0,4.0,3,2,5,3,4,5,5,3,5.0,3,5,5,3,5,5,5,4,5,5,2,2,2.0,1.0,5.0,1.0,5,
Company2576,05/16/2008,Austin,Non-Tech,Finance,5,2.0,4.0,5.0,2,3,5,4,5,4,1,4,4.0,0,0,0,0,0,3,4,2,1,2,0,0,0.0,0.0,5.0,0.0,0,
Company2577,04/13/2007,San Francisco,Tech,Services,2,6.0,4.0,6.0,1,1,1,3,10,10,5,10,5.0,0,4,0,0,3,10,4,2,1,1,0,0,0.0,3.0,10.0,3.0,0,
Company2578,03/03/2012,San Francisco,Tech,Services,12,7.5,6.0,6.0,4,6,10,8,4,8,8,8,6.0,0,0,0,0,0,15,15,1,3,10,0,0,0.0,0.0,7.5,5.0,0,
Company2579,08/30/2013,Boulder,Non-Tech,Services,4,5.0,4.0,4.0,1,2,5,3,4,5,4,4,5.0,0,3,0,0,0,2,5,4,3,2,0,0,0.0,0.0,4.0,2.0,0,
Company2580,09/13/2006,San Jose,Tech,Other,4,5.0,5.0,3.0,1,5,5,5,5,5,2,5,4.0,3,5,2,4,4,2,5,3,2,1,5,5,5.0,0.0,4.0,3.0,5,
Company2581,10/28/2008,San Francisco,Tech,Services,3,5.0,5.0,4.0,2,3,5,4,5,5,4,5,5.0,3,4,0,4,5,5,5,1,3,3,5,0,3.0,4.0,4.0,3.0,5,
Company2582,11/05/2011,San Francisco,Tech,Finance,3,5.0,5.0,4.0,2,2,5,5,5,5,2,5,5.0,1,0,0,0,0,5,1,1,2,2,0,0,0.0,0.0,2.0,3.0,0,
Company2583,01/05/2000,San Francisco,Tech,Finance,1,2.0,4.0,5.0,1,2,1,5,4,5,2,3,5.0,0,0,0,0,0,1,5,1,2,1,0,0,0.0,0.0,2.0,3.0,0,
Company2584,12/18/2010,New York,Tech,Services,2,5.0,3.0,4.0,1,3,1,4,4,5,3,4,5.0,0,0,0,0,0,3,5,1,1,3,0,0,0.0,0.0,2.0,3.0,0,
Company2585,05/18/1998,Boulder,Non-Tech,Finance,6,5.0,6.0,6.0,2,4,5,8,5,5,1,5,5.0,15,0,0,0,0,25,1,6,2,20,8,10,10.0,2.5,7.5,3.0,0,
Company2586,07/15/2011,New York,Tech,Services,4,4.0,3.0,5.0,2,1,5,4,4,5,3,4,5.0,4,2,4,4,3,2,5,1,5,2,3,4,2.0,2.0,2.0,2.0,3,
Company2587,11/22/2012,Jacksonville,Non-Tech,Services,4,3.0,4.0,4.0,1,2,5,4,5,5,2,4,5.0,3,3,4,4,4,4,5,2,3,3,0,5,3.0,2.0,2.0,2.0,3,
Company2588,04/22/2008,San Francisco,Tech,Finance,2,4.0,4.0,4.0,1,2,5,5,4,5,5,4,5.0,0,0,0,0,0,1,1,1,1,1,0,0,0.0,0.0,2.0,2.0,0,
Company2589,08/02/2010,New York,Tech,Finance,2,5.0,4.0,4.0,1,2,5,4,5,5,3,5,5.0,0,2,4,2,0,4,4,1,2,1,0,4,0.0,0.0,1.0,2.0,5,
Company2590,03/06/2009,St. Louis,Non-Tech,Finance,6,4.0,4.0,5.0,1,3,10,5,5,5,2,5,5.0,6,0,0,3,0,1,1,1,2,2,0,0,0.0,2.5,2.0,3.0,0,
Company2591,11/26/2010,Kansas City,Non-Tech,Services,5,5.0,4.0,4.0,2,3,5,4,4,5,1,4,4.0,0,0,0,0,0,4,5,1,3,3,0,0,0.0,0.0,4.0,2.0,0,
Company2592,09/28/2008,San Diego,Non-Tech,Finance,2,4.0,4.0,4.0,2,2,5,5,5,4,2,4,5.0,0,0,0,0,0,2,1,1,1,1,0,0,0.0,0.0,1.0,3.0,0,
Company2593,04/11/2012,San Francisco,Tech,Finance,3,4.0,4.0,5.0,2,2,5,5,5,5,2,5,5.0,0,0,0,0,0,1,3,1,3,1,0,0,0.0,0.0,2.0,3.0,0,30044000.0
Company2594,12/21/2012,New York,Tech,Finance,4,5.0,5.0,5.0,2,1,5,4,4,5,3,4,5.0,0,0,0,0,0,2,5,1,4,2,0,0,0.0,0.0,2.0,3.0,0,
Company2595,05/01/2009,San Francisco,Tech,Finance,4,5.0,4.0,5.0,2,2,5,5,5,4,2,5,5.0,0,0,3,5,4,5,2,1,3,2,0,0,0.0,5.0,2.0,3.0,0,
Company2596,06/04/1996,Philadelphia,Non-Tech,Finance,1,2.0,4.0,4.0,2,2,1,5,5,5,1,5,5.0,0,0,0,0,0,3,12,1,4,1,0,1,1.0,0.0,1.0,3.0,0,
Company2597,05/16/2008,San Jose,Tech,Finance,4,5.0,4.0,5.0,1,3,5,5,5,5,2,5,5.0,0,0,0,0,0,3,4,2,5,2,0,0,0.0,0.0,5.0,3.0,0,
Company2598,03/28/2009,Milwaukee,Non-Tech,Services,2,3.0,4.0,3.0,2,1,1,3,4,4,1,5,5.0,0,0,0,0,3,2,4,2,2,1,5,5,0.0,3.0,2.0,3.0,3,
Company2599,12/17/2006,San Francisco,Tech,Finance,3,5.0,4.0,4.0,2,5,5,5,4,4,2,4,4.0,0,0,0,0,0,4,1,2,2,1,0,0,0.0,0.0,2.0,3.0,0,
Company2600,05/16/2008,San Francisco,Tech,Finance,4,5.0,4.0,5.0,1,3,5,5,5,5,1,5,5.0,0,0,0,0,0,3,1,2,5,2,0,0,0.0,0.0,5.0,3.0,0,
Company2601,10/05/2010,Seattle,Non-Tech,Services,4,3.0,4.0,4.0,2,3,3,5,5,5,1,5,5.0,0,0,0,0,1,4,1,1,1,1,0,0,0.0,0.0,3.0,2.0,0,
Company2602,06/01/2009,Milwaukee,Non-Tech,Services,3,3.0,4.0,6.0,1,4,5,6,8,10,10,5,7.5,3,0,0,0,0,15,5,12,4,5,0,5,0.0,3.0,3.0,2.5,0,
Company2603,04/04/2008,San Diego,Non-Tech,Finance,4,5.0,4.0,5.0,2,3,5,8,10,10,6,10,7.5,0,0,0,0,9,4,3,6,3,2,0,6,7.5,7.5,2.5,3.0,20,
Company2604,05/01/2010,San Francisco,Tech,Finance,4,5.0,4.0,5.0,2,2,5,4,4,5,4,4,5.0,0,0,0,0,0,3,4,1,2,1,0,0,0.0,0.0,3.0,2.0,0,
Company2605,07/10/2013,San Francisco,Tech,Finance,4,5.0,3.0,4.0,1,2,5,4,4,5,4,4,5.0,0,0,0,0,0,3,5,2,4,2,0,0,0.0,0.0,3.0,2.0,0,
Company2606,10/18/2012,San Diego,Non-Tech,Services,4,5.0,4.0,5.0,2,3,5,5,5,4,1,5,4.0,0,0,0,0,0,4,5,2,5,3,0,0,0.0,0.0,5.0,1.0,0,
Company2607,11/27/2011,San Francisco,Tech,Services,12,5.0,4.5,4.0,4,4,10,8,8,8,2,8,6.0,0,0,0,0,0,15,5,3,1,10,0,0,0.0,0.0,2.0,7.5,0,
Company2608,03/05/1996,San Francisco,Tech,Finance,12,7.5,6.0,6.0,2,2,10,4,5,10,6,5,5.0,0,0,0,0,0,10,5,2,2,1,0,0,0.0,0.0,12.5,3.0,0,
Company2609,02/09/2000,Los Angeles,Non-Tech,Other,12,4.0,6.0,4.0,1,6,5,8,8,8,2,6,5.0,0,0,0,0,0,25,1,15,2,1,0,0,0.0,0.0,1.0,2.5,0,
Company2610,12/28/2011,Durham,Non-Tech,Finance,4,5.0,4.0,5.0,2,1,5,4,5,5,5,5,5.0,0,0,0,0,0,5,5,3,5,5,0,0,2.5,0.0,5.0,3.0,0,
Company2611,09/10/1998,San Francisco,Tech,Services,2,3.0,4.0,4.0,2,2,5,4,4,5,5,3,4.0,2,3,4,1,4,4,5,2,1,2,2,0,2.0,0.0,3.0,3.0,5,
Company2612,03/05/2012,New York,Tech,Services,15,6.0,6.0,7.5,4,10,10,6,10,8,4,10,6.0,0,0,12,0,0,25,6,9,5,20,0,10,0.0,0.0,2.5,7.5,20,
Company2613,12/02/2007,Pittsburgh,Non-Tech,Finance,2,5.0,4.0,4.5,1,2,5,10,5,5,1,5,5.0,0,0,0,0,0,2,5,3,3,1,0,0,3.0,0.0,2.0,7.5,0,
Company2614,02/16/2010,San Antonio,Non-Tech,Finance,3,3.0,4.0,4.0,2,2,5,4,4,5,4,4,5.0,0,0,0,0,0,5,2,1,2,1,0,0,0.0,0.0,2.0,3.0,5,
Company2615,01/16/2009,Phoenix,Non-Tech,Services,4,5.0,4.0,4.0,1,2,5,5,5,5,2,5,5.0,3,3,5,0,0,1,1,5,3,1,0,0,3.0,4.0,1.0,3.0,4,
Company2616,11/19/2009,Bellevue,Non-Tech,Services,4,1.5,4.5,4.5,1,2,2,4,10,10,4,10,5.0,0,0,0,0,0,2,3,3,1,5,0,0,2.0,0.0,1.0,7.5,0,
Company2617,03/29/2013,San Francisco,Tech,Finance,4,5.0,4.0,5.0,1,4,5,5,5,5,2,5,5.0,0,0,0,0,0,3,3,1,4,1,0,0,0.0,0.0,3.0,3.0,0,
Company2618,06/13/2006,Detroit,Non-Tech,Finance,4,5.0,4.0,5.0,3,2,2,4,4,5,1,5,4.0,0,0,0,0,0,2,2,1,1,2,0,0,0.0,0.0,1.0,2.0,0,
Company2619,06/06/2007,Boulder,Non-Tech,Finance,3,4.0,4.0,4.0,2,2,5,4,5,5,4,5,6.0,3,5,4,4,5,5,12,4,3,4,5,4,0.0,4.0,4.0,1.0,4,
Company2620,05/01/1997,Chicago,Non-Tech,Services,2,2.0,4.0,4.0,2,2,5,2,5,5,2,3,5.0,4,2,3,2,0,4,1,1,2,1,3,3,0.0,2.0,2.0,3.0,5,
Company2621,09/06/1997,Buffalo,Non-Tech,Services,6,6.0,3.0,6.0,2,2,10,4,4,5,2,10,5.0,3,0,0,3,0,3,6,1,1,5,4,0,5.0,12.5,3.0,7.5,15,
Company2622,09/09/2010,Dallas,Non-Tech,Finance,4,3.0,4.0,4.0,2,2,5,4,5,5,1,5,5.0,0,4,0,0,3,5,2,1,1,1,0,0,5.0,0.0,1.0,3.0,0,
Company2623,10/23/2004,Boulder,Non-Tech,Finance,2,4.0,4.0,4.0,1,2,5,5,5,5,2,5,6.0,0,0,0,0,0,1,1,1,1,1,0,0,0.0,0.0,1.0,3.0,0,
Company2624,06/29/1997,Los Angeles,Non-Tech,Services,3,5.0,5.0,4.0,1,5,5,3,4,5,5,3,5.0,3,5,5,1,4,5,5,5,4,5,2,2,2.0,2.0,5.0,1.0,5,
Company2625,12/16/2009,San Francisco,Tech,Services,4,5.0,4.0,5.0,2,2,5,3,4,5,3,3,4.0,3,5,0,5,0,4,5,5,3,5,5,4,5.0,0.0,4.0,1.0,3,
Company2626,11/13/2009,Newark,Non-Tech,Services,2,3.0,4.0,4.0,2,2,5,4,5,5,4,5,5.0,2,0,0,3,4,4,1,2,1,1,0,3,1.0,0.0,2.0,3.0,4,
Company2627,10/15/2012,San Jose,Tech,Services,12,3.0,4.0,3.0,4,4,5,5,5,5,1,10,5.0,0,0,0,0,0,1,5,1,2,1,0,0,0.0,0.0,3.0,3.0,0,
Company2628,02/16/2007,Boston,Non-Tech,Finance,3,5.0,4.0,3.0,2,4,5,4,5,5,5,5,5.0,0,0,5,0,0,2,5,1,5,4,0,4,0.0,0.0,5.0,3.0,0,
Company2629,12/11/2012,Durham,Non-Tech,Services,2,2.0,4.0,4.0,2,2,4,4,5,5,3,5,5.0,3,4,0,3,4,5,4,1,1,2,2,4,2.0,5.0,3.0,3.0,5,
Company2630,12/01/2007,San Francisco,Tech,Finance,4,5.0,4.0,4.0,1,3,5,5,5,5,2,5,5.0,0,0,0,0,0,3,3,1,3,1,0,0,0.0,0.0,2.0,3.0,0,36005000.0
Company2631,06/18/2007,Indianapolis,Non-Tech,Services,2,7.5,4.0,4.0,3,2,5,6,5,5,10,5,5.0,1,2,2,9,0,5,1,15,1,2,3,0,0.0,2.5,12.5,1.0,0,
Company2632,03/26/2005,Tucson,Non-Tech,Finance,4,5.0,4.0,3.0,2,2,1,5,4,4,2,4,4.0,0,0,0,0,0,2,1,1,2,1,0,0,0.0,0.0,2.0,3.0,0,
Company2633,06/09/2007,Boulder,Non-Tech,Finance,3,4.0,4.0,4.0,2,3,5,5,5,5,2,5,5.0,0,0,0,0,0,4,1,1,1,3,0,0,0.0,0.0,2.0,3.0,0,
Company2634,08/28/2009,San Francisco,Tech,Finance,1,2.0,4.0,4.0,1,5,5,5,4,4,3,5,4.0,0,0,0,0,0,1,4,1,2,1,0,0,0.0,0.0,1.0,3.0,0,
Company2635,11/27/2006,San Francisco,Tech,Finance,4,5.0,4.0,4.0,1,4,5,5,5,5,2,5,5.0,0,0,0,0,0,3,5,1,4,2,0,0,0.0,0.0,3.0,3.0,0,39828000.0
Company2636,11/26/2010,Buffalo,Non-Tech,Services,5,4.0,6.0,6.0,4,4,5,10,4,10,3,10,4.0,0,8,0,0,12,4,5,2,1,25,0,0,0.0,0.0,3.0,2.0,0,
Company2637,10/18/2012,San Jose,Tech,Services,2,2.0,4.0,4.0,1,3,5,5,5,5,2,5,5.0,2,4,4,1,4,5,3,1,1,3,3,4,1.0,0.0,3.0,3.0,3,
Company2638,04/22/2010,Nashville,Non-Tech,Finance,4,4.0,5.0,3.0,1,2,3,1,5,5,2,4,5.0,0,0,0,0,0,1,1,3,5,2,0,0,0.0,0.0,2.0,2.0,0,
Company2639,09/17/2009,New York,Tech,Finance,2,5.0,5.0,3.0,2,5,5,4,4,5,1,5,5.0,0,0,0,0,0,1,5,4,5,4,0,0,0.0,0.0,2.0,3.0,0,
Company2640,11/05/2009,San Jose,Tech,Services,6,4.5,6.0,4.0,6,2,10,5,10,5,10,10,5.0,6,4,12,3,12,25,5,2,1,10,2,2,2.5,4.0,5.0,7.5,15,
Company2641,10/30/2013,Durham,Non-Tech,Finance,2,5.0,4.0,4.0,2,1,5,4,5,5,3,4,4.0,0,0,0,0,0,3,5,3,3,2,0,0,0.0,0.0,4.0,2.0,0,
Company2642,03/07/2010,San Francisco,Tech,Services,4,5.0,4.0,4.0,1,3,5,4,5,4,2,10,4.0,6,1,4,1,3,3,2,1,4,1,4,4,4.0,2.0,3.0,7.5,3,
Company2643,04/12/1997,San Francisco,Tech,Services,3,5.0,4.0,4.0,2,2,5,4,5,4,5,3,4.0,1,2,2,1,3,2,5,3,2,1,3,3,5.0,3.0,1.0,3.0,5,
Company2644,03/05/1996,Omaha,Non-Tech,Finance,12,3.0,4.0,4.0,2,10,5,4,4,10,6,10,7.5,0,0,0,0,0,10,15,2,4,4,0,0,0.0,0.0,12.5,7.5,0,
Company2645,03/26/2005,Milwaukee,Non-Tech,Finance,4,5.0,4.0,3.0,2,2,5,5,4,4,2,4,4.0,0,0,0,0,0,2,1,1,2,1,0,0,0.0,0.0,1.0,3.0,0,
Company2646,10/15/2012,San Francisco,Tech,Finance,3,3.0,3.0,4.0,2,2,5,4,5,5,4,5,5.0,0,0,0,0,0,3,5,2,1,2,0,0,0.0,0.0,3.0,3.0,0,
Company2647,12/17/2010,San Francisco,Tech,Services,3,5.0,4.0,5.0,1,5,5,4,5,5,3,3,5.0,0,5,5,0,0,5,5,5,2,1,0,0,0.0,0.0,3.0,3.0,0,
Company2648,07/04/2011,San Francisco,Tech,Services,5,7.5,6.0,4.0,2,4,10,6,8,10,10,8,7.5,0,0,5,0,0,15,15,12,5,2,0,0,0.0,0.0,10.0,2.5,0,
Company2649,12/18/2010,San Francisco,Tech,Finance,2,5.0,4.0,4.0,1,2,5,4,5,5,3,5,5.0,0,0,0,0,0,1,5,1,1,3,0,0,0.0,0.0,2.0,3.0,0,
Company2650,02/16/2012,Seattle,Non-Tech,Services,2,4.5,6.0,4.0,2,4,10,4,5,10,2,10,7.5,0,0,0,0,0,10,3,15,2,5,0,0,0.0,0.0,7.5,7.5,0,
Company2651,01/04/2014,Los Angeles,Non-Tech,Services,4,5.0,4.0,4.0,1,3,5,4,5,5,2,5,5.0,0,0,0,0,0,5,4,1,3,4,0,0,0.0,0.0,2.0,2.0,0,
Company2652,01/26/2012,San Francisco,Tech,Finance,1,4.5,6.0,7.5,6,1,10,8,10,10,10,5,7.5,6,4,12,3,0,25,12,6,1,1,0,0,2.5,0.0,5.0,3.0,15,
Company2653,11/26/2010,New York,Tech,Services,2,5.0,4.0,3.0,2,4,5,5,5,5,1,4,4.0,0,0,0,0,0,4,3,1,2,3,0,0,0.0,0.0,3.0,2.0,0,
Company2654,12/30/2011,Seattle,Non-Tech,Finance,2,5.0,4.0,4.0,2,2,5,3,5,5,1,5,5.0,0,1,0,1,0,3,3,4,2,5,0,0,0.0,0.0,3.0,1.0,3,
Company2655,06/27/2007,Los Angeles,Non-Tech,Finance,2,4.0,4.0,4.0,2,2,5,3,4,5,5,3,4.0,0,0,0,0,0,5,5,2,4,2,0,0,0.0,0.0,4.0,2.0,0,
Company2656,11/22/2012,Jacksonville,Non-Tech,Services,4,5.0,5.0,4.0,1,5,5,5,5,5,2,5,5.0,3,5,3,5,5,2,5,3,1,3,5,5,5.0,2.0,4.0,3.0,5,
Company2657,12/03/2012,Houston,Non-Tech,Services,4,3.0,4.0,4.0,2,5,5,4,5,5,3,5,5.0,5,4,0,1,4,5,5,3,3,2,3,4,1.0,3.0,3.0,1.0,5,
Company2658,11/17/2009,San Francisco,Tech,Finance,5,5.0,4.0,4.0,2,2,5,4,4,4,3,3,4.0,0,0,0,0,0,3,5,1,3,2,0,0,0.0,0.0,4.0,2.0,0,
Company2659,09/09/2013,San Francisco,Tech,Finance,3,4.0,4.0,4.0,2,3,5,5,5,5,1,5,5.0,0,0,0,0,0,4,1,2,1,1,0,0,0.0,0.0,1.0,3.0,0,
Company2660,07/17/2009,San Francisco,Tech,Services,2,5.0,3.0,5.0,1,3,5,5,5,5,1,5,5.0,3,2,0,3,4,3,5,1,3,1,1,4,3.0,0.0,3.0,3.0,5,
Company2661,04/18/2008,Bellevue,Non-Tech,Finance,3,4.0,6.0,4.0,2,2,5,5,5,5,1,4,5.0,6,0,0,0,0,2,2,1,2,5,0,4,5.0,0.0,3.0,3.0,15,
Company2662,10/12/2013,Detroit,Non-Tech,Finance,12,6.0,6.0,6.0,4,4,10,10,10,10,4,10,7.5,0,0,0,0,0,20,9,3,4,10,0,0,0.0,0.0,5.0,7.5,0,
Company2663,04/26/2013,Columbus,Non-Tech,Finance,3,4.0,3.0,4.0,2,1,5,5,4,5,5,4,5.0,1,0,0,1,3,4,4,2,1,4,0,4,0.0,5.0,3.0,3.0,0,
Company2664,06/15/2010,Philadelphia,Non-Tech,Finance,4,5.0,2.0,6.0,4,4,5,4,4,8,2,6,5.0,15,10,15,15,12,25,15,1,3,2,0,3,0.0,2.5,5.0,5.0,0,
Company2665,12/02/2008,Portland,Non-Tech,Finance,3,4.0,5.0,3.0,1,3,5,5,5,5,2,5,5.0,0,0,0,0,0,25,2,2,1,25,0,0,0.0,0.0,3.0,7.5,0,
Company2666,08/25/2007,New York,Tech,Finance,2,4.0,3.0,5.0,4,5,5,4,4,4,5,4,4.0,0,0,0,0,0,1,2,1,1,1,0,0,0.0,0.0,3.0,2.0,0,42193000.0
Company2667,12/06/2013,Chicago,Non-Tech,Services,2,3.0,4.0,4.0,1,2,5,3,4,5,1,5,5.0,0,0,0,0,0,2,3,1,2,2,0,0,0.0,0.0,1.0,3.0,0,
Company2668,06/01/2010,Dallas,Non-Tech,Services,4,4.0,4.0,4.0,2,4,5,4,5,5,3,5,5.0,3,2,4,3,0,5,5,4,1,5,5,5,5.0,3.0,2.0,3.0,3,
Company2669,02/29/2012,Boulder,Non-Tech,Finance,1,2.0,4.0,4.0,2,1,1,4,5,5,3,5,5.0,0,0,0,0,0,1,4,1,1,1,0,0,0.0,0.0,1.0,3.0,0,
Company2670,08/28/2009,San Francisco,Tech,Other,1,2.0,4.0,3.0,4,5,5,5,5,5,1,8,7.5,0,0,0,15,0,1,2,1,2,1,0,0,0.0,0.0,1.0,3.0,0,
Company2671,03/15/2011,Palo Alto,Non-Tech,Services,3,5.0,4.0,4.0,2,3,5,5,5,5,2,5,5.0,3,2,4,3,4,3,5,2,2,3,5,4,3.0,4.0,4.0,3.0,5,
Company2672,03/09/1998,San Francisco,Tech,Finance,4,6.0,4.0,6.0,2,4,5,5,10,4,2,10,4.0,0,0,5,0,0,5,4,5,1,4,0,2,0.0,0.0,5.0,2.0,0,
Company2673,11/26/2009,San Francisco,Tech,Services,4,5.0,5.0,4.0,1,4,5,4,5,4,3,5,4.0,3,5,5,4,2,5,5,3,3,2,5,4,3.0,2.0,3.0,1.0,2,
Company2674,12/16/2009,San Francisco,Tech,Services,3,5.0,4.0,4.0,2,2,5,5,4,5,2,3,5.0,3,4,3,2,5,4,5,5,3,5,5,5,3.0,2.0,5.0,1.0,4,
Company2675,08/11/2010,Chicago,Non-Tech,Finance,2,3.0,4.0,5.0,2,2,5,4,4,5,3,4,5.0,0,0,0,0,0,2,5,1,2,1,0,0,0.0,0.0,2.0,3.0,0,
Company2676,06/27/2007,Los Angeles,Non-Tech,Finance,3,5.0,6.0,4.0,4,2,10,3,4,5,5,4,5.0,0,0,15,0,0,25,5,4,3,4,0,6,0.0,0.0,4.0,1.0,0,
Company2677,08/20/2004,San Francisco,Tech,Services,3,3.0,5.0,4.0,1,2,5,5,5,5,2,5,5.0,1,2,4,1,1,4,2,1,2,3,3,1,2.0,2.0,4.0,3.0,0,
Company2678,11/26/2009,Oakland,Non-Tech,Services,4,5.0,5.0,4.0,1,4,5,4,5,5,3,5,4.0,3,5,5,4,2,5,4,3,3,2,5,4,3.0,2.0,3.0,1.0,2,
Company2679,09/03/2010,Chicago,Non-Tech,Finance,3,4.0,4.0,4.0,2,2,5,4,4,5,5,4,4.0,0,0,0,0,0,3,5,1,4,3,0,0,0.0,0.0,5.0,2.0,0,
Company2680,07/20/2007,New York,Tech,Finance,2,3.0,4.0,5.0,2,2,5,5,5,4,3,4,5.0,0,0,0,0,0,5,4,2,3,3,3,0,0.0,0.0,2.0,3.0,0,
Company2681,12/02/2007,San Francisco,Tech,Finance,2,4.0,5.0,4.0,1,3,5,5,5,5,1,5,5.0,1,2,4,0,4,5,1,1,1,1,0,0,0.0,3.0,4.0,2.0,0,
Company2682,09/10/1998,San Francisco,Tech,Other,1,5.0,4.0,5.0,2,2,3,4,4,4,4,3,4.0,2,0,0,2,0,1,5,2,1,1,2,2,0.0,1.0,1.0,3.0,0,
Company2683,06/06/2007,Boulder,Non-Tech,Finance,3,4.0,4.0,4.0,2,3,5,4,5,5,1,5,5.0,3,0,0,0,0,4,1,2,1,1,0,0,4.0,0.0,1.0,3.0,0,
Company2684,12/07/2008,Seattle,Non-Tech,Services,2,3.0,4.0,4.0,1,2,5,4,5,5,2,5,5.0,5,0,0,1,1,2,2,1,2,1,0,1,0.0,1.0,5.0,3.0,3,
Company2685,11/13/2013,Tucson,Non-Tech,Finance,4,5.0,2.0,4.0,2,2,5,4,4,10,3,4,4.0,0,0,0,0,0,5,2,2,1,2,0,0,0.0,0.0,2.0,3.0,0,
Company2686,03/16/2007,San Francisco,Tech,Finance,6,4.5,6.0,6.0,2,1,10,8,10,8,6,6,5.0,0,8,0,0,0,10,12,6,5,10,10,0,0.0,0.0,5.0,10.0,15,
Company2687,12/07/2008,San Francisco,Tech,Finance,4,4.0,4.0,4.0,1,2,5,4,5,4,4,4,4.0,0,0,0,0,1,2,5,1,3,1,0,1,0.0,1.0,2.0,3.0,0,
Company2688,12/24/2010,San Francisco,Tech,Services,4,5.0,4.0,4.0,2,2,5,5,5,5,2,5,5.0,4,4,3,5,4,5,4,2,3,4,3,2,0.0,5.0,2.0,2.0,5,
Company2689,12/18/1999,San Francisco,Tech,Services,4,5.0,4.0,4.0,2,4,5,4,4,4,5,3,4.0,5,5,5,5,5,5,5,5,3,1,5,5,5.0,1.0,5.0,1.0,5,135752000.0
Company2690,08/07/2013,New York,Tech,Finance,1,4.5,6.0,7.5,2,2,2,6,8,10,4,6,7.5,0,0,0,0,0,1,1,1,1,1,0,0,0.0,0.0,5.0,7.5,0,
Company2691,11/14/2012,San Francisco,Tech,Services,4,5.0,4.0,5.0,1,3,5,4,4,5,3,5,5.0,3,0,4,0,0,4,5,2,3,3,2,2,2.0,3.0,3.0,2.0,0,
Company2692,08/15/2005,San Francisco,Tech,Services,4,5.0,4.5,7.5,2,5,5,8,4,8,2,4,6.0,1,4,5,1,4,5,15,3,2,3,3,4,5.0,12.5,10.0,3.0,5,
Company2693,07/17/2009,San Francisco,Tech,Finance,4,5.0,3.0,5.0,2,2,5,4,5,4,1,5,4.0,3,2,0,3,0,4,4,2,2,1,1,1,1.0,3.0,4.0,3.0,0,
Company2694,06/23/2009,Mountain View,Non-Tech,Services,2,3.0,4.0,3.0,2,1,5,4,5,5,4,5,5.0,5,4,3,1,4,3,5,3,2,3,2,5,5.0,2.0,3.0,3.0,2,
Company2695,06/23/2009,Reno,Non-Tech,Finance,2,4.5,4.0,7.5,2,2,2,4,5,10,4,10,7.5,0,0,0,1,4,3,5,3,2,3,0,0,5.0,0.0,3.0,7.5,2,
Company2696,09/09/2013,San Jose,Tech,Finance,3,4.0,4.0,3.0,1,3,5,5,5,5,1,4,5.0,3,0,0,0,0,4,1,1,3,1,0,0,0.0,0.0,1.0,3.0,4,
Company2697,02/19/2004,Boulder,Non-Tech,Finance,2,5.0,4.0,4.0,2,4,5,5,4,5,1,4,5.0,0,0,0,0,0,3,1,1,1,1,0,0,0.0,0.0,3.0,3.0,0,
Company2698,12/24/2010,Dallas,Non-Tech,Finance,3,5.0,4.0,4.0,2,2,5,10,10,5,4,10,7.5,4,4,0,0,4,4,4,9,3,5,3,2,0.0,5.0,2.0,3.0,0,
Company2699,02/07/2007,San Diego,Non-Tech,Finance,3,5.0,4.0,4.0,1,4,10,5,5,5,1,5,5.0,0,0,0,0,0,2,4,2,2,3,0,0,0.0,0.0,3.0,3.0,0,
Company2700,10/10/2011,Boston,Non-Tech,Finance,2,4.0,4.0,5.0,1,3,5,4,5,5,3,5,5.0,0,0,0,0,0,1,1,1,1,1,0,0,0.0,0.0,1.0,1.0,0,
Company2701,04/22/2008,San Francisco,Tech,Finance,2,4.0,4.0,6.0,1,4,10,1,4,5,5,4,5.0,0,0,0,0,15,1,1,1,1,1,0,0,0.0,0.0,2.0,2.0,0,
Company2702,12/07/2008,San Francisco,Tech,Services,3,1.5,4.0,6.0,1,2,5,5,5,5,4,5,5.0,5,0,0,1,0,2,2,3,2,1,5,0,0.0,1.0,5.0,7.5,0,
Company2703,03/05/1996,Boulder,Non-Tech,Services,12,6.0,4.0,6.0,2,2,10,8,8,10,10,10,7.5,0,0,12,0,0,1,12,9,4,10,0,0,10.0,12.5,12.5,7.5,15,
Company2704,07/30/2010,Los Angeles,Non-Tech,Services,5,5.0,4.0,4.0,2,2,5,5,4,5,2,4,5.0,4,2,3,1,0,5,4,1,3,2,2,2,1.0,5.0,2.0,3.0,5,
Company2705,04/21/2007,San Francisco,Tech,Finance,5,5.0,4.0,4.0,2,3,5,4,4,4,2,4,4.0,3,2,3,0,4,4,5,5,3,1,2,1,0.0,3.0,3.0,3.0,0,
Company2706,01/22/2011,Richmond,Non-Tech,Finance,6,4.0,4.0,6.0,3,2,5,5,5,5,2,5,5.0,0,0,0,0,0,5,6,1,1,1,0,0,0.0,0.0,2.0,7.5,0,
Company2707,06/16/2012,San Francisco,Tech,Finance,2,2.0,4.0,4.0,2,2,1,5,4,4,2,4,5.0,0,0,0,0,0,4,1,1,1,1,0,0,0.0,0.0,3.0,2.0,0,
Company2708,08/01/2000,San Francisco,Tech,Finance,3,3.0,4.0,4.0,2,2,5,4,5,5,4,5,5.0,0,0,0,0,0,5,5,2,3,4,0,0,0.0,5.0,3.0,2.0,0,
Company2709,12/28/2011,Phoenix,Non-Tech,Finance,4,5.0,4.0,4.0,2,2,5,3,4,4,4,4,4.0,0,0,0,0,0,3,5,2,3,2,0,0,0.0,0.0,3.0,3.0,0,
Company2710,06/13/2009,San Jose,Tech,Services,2,5.0,5.0,4.0,1,2,5,3,5,4,5,5,4.0,4,5,5,5,5,5,5,5,1,5,5,0,5.0,3.0,4.0,1.0,5,
Company2711,05/30/2006,San Francisco,Tech,Finance,5,5.0,4.0,4.0,1,5,5,4,4,5,4,4,5.0,0,0,0,0,0,3,5,1,5,2,0,0,0.0,0.0,5.0,1.0,0,
Company2712,10/10/2013,Oklahoma City,Non-Tech,Finance,2,3.0,4.0,4.0,2,3,5,5,5,5,3,5,5.0,0,0,0,0,0,1,3,1,2,1,0,0,0.0,0.0,1.0,3.0,0,
Company2713,03/19/2009,New York,Tech,Finance,4,5.0,4.0,4.0,2,2,5,4,4,4,2,4,4.0,0,0,0,0,0,3,4,2,2,1,0,0,0.0,0.0,2.0,3.0,0,
Company2714,06/16/2012,San Jose,Tech,Finance,1,2.0,0.0,5.0,3,1,5,4,4,5,3,4,5.0,0,0,0,0,0,1,1,1,1,1,0,0,0.0,0.0,3.0,3.0,0,
Company2715,06/24/2012,San Francisco,Tech,Finance,4,5.0,4.0,5.0,1,2,5,4,4,5,4,5,5.0,0,8,0,0,12,5,4,1,1,1,10,0,0.0,0.0,3.0,1.0,0,
Company2716,02/09/2000,San Francisco,Tech,Other,4,4.0,4.0,4.0,2,2,5,4,4,4,2,5,4.0,0,0,0,0,0,4,5,1,2,3,0,0,0.0,0.0,1.0,3.0,0,
Company2717,09/21/2012,San Francisco,Tech,Finance,5,5.0,4.0,4.0,2,3,5,5,5,5,2,4,5.0,3,4,3,1,4,2,3,1,3,1,2,0,2.0,3.0,2.0,3.0,5,
Company2718,06/29/1997,San Francisco,Tech,Finance,6,5.0,5.0,4.0,1,5,10,5,5,10,10,3,5.0,0,5,0,3,12,25,12,6,2,5,0,0,2.5,0.0,4.0,7.5,5,
Company2719,04/18/2006,San Francisco,Tech,Services,15,7.5,4.0,5.0,2,4,10,8,4,5,6,8,6.0,0,1,2,3,3,2,1,1,2,10,2,0,7.5,12.5,2.0,7.5,5,
Company2720,11/04/2011,San Francisco,Tech,Finance,9,4.5,3.0,7.5,6,2,6,8,10,10,6,10,7.5,0,0,4,0,0,25,6,1,1,10,0,0,0.0,0.0,2.5,7.5,0,
Company2721,11/13/2004,San Jose,Tech,Finance,2,4.0,4.0,4.0,2,3,5,5,5,4,2,5,4.0,0,0,0,0,0,2,2,1,1,1,0,0,0.0,0.0,2.0,3.0,0,34451000.0
Company2722,08/01/2010,San Francisco,Tech,Finance,4,5.0,4.0,4.0,1,5,5,4,5,5,3,5,5.0,0,0,0,2,0,1,1,2,4,1,0,0,0.0,0.0,5.0,3.0,0,
Company2723,03/06/2013,Las Vegas,Non-Tech,Finance,2,3.0,4.0,4.0,2,2,5,5,5,5,1,5,5.0,0,0,0,0,0,3,12,9,1,1,0,0,0.0,0.0,2.0,3.0,0,
Company2724,12/12/2011,Boston,Non-Tech,Finance,2,5.0,6.0,4.0,1,4,5,8,5,5,3,5,5.0,0,0,4,0,0,3,4,1,4,3,0,0,0.0,0.0,2.0,3.0,0,
Company2725,09/01/2001,Portland,Non-Tech,Finance,3,4.0,3.0,4.0,2,2,5,5,5,5,1,5,5.0,0,0,0,1,5,4,3,1,2,1,0,0,0.0,0.0,2.0,3.0,0,
Company2726,08/25/2007,San Francisco,Tech,Finance,4,5.0,5.0,5.0,1,3,5,5,4,5,2,4,5.0,0,0,0,0,0,5,5,3,5,2,0,0,0.0,0.0,4.0,2.0,0,
Company2727,12/07/2008,Milwaukee,Non-Tech,Finance,6,3.0,6.0,4.0,1,2,5,5,8,8,10,5,5.0,0,1,2,0,1,2,2,1,2,10,5,0,5.0,0.0,5.0,7.5,3,
Company2728,10/22/2006,Milwaukee,Non-Tech,Finance,2,3.0,4.0,6.0,1,6,5,10,10,5,2,10,7.5,0,0,0,3,0,5,1,3,2,5,0,0,3.0,0.0,1.0,7.5,0,
Company2729,06/14/2013,Detroit,Non-Tech,Finance,12,5.0,4.0,3.0,1,2,1,8,5,5,6,10,5.0,0,0,0,0,0,25,15,15,4,2,0,0,0.0,0.0,3.0,7.5,0,
Company2730,05/08/1995,San Jose,Tech,Services,1,5.0,5.0,3.0,1,5,5,5,5,5,2,5,5.0,3,5,3,1,5,2,3,4,4,1,5,5,5.0,3.0,4.0,3.0,4,
Company2731,01/22/2013,San Jose,Tech,Services,4,5.0,6.0,6.0,2,4,10,8,4,10,4,10,7.5,1,8,12,9,15,2,3,3,1,1,10,10,2.0,10.0,10.0,10.0,5,
Company2732,10/30/2013,Seattle,Non-Tech,Finance,3,5.0,4.0,4.0,1,4,5,5,5,5,1,5,5.0,0,0,0,0,0,2,4,2,2,5,0,0,0.0,0.0,3.0,3.0,0,
Company2733,10/17/2008,New York,Tech,Finance,4,4.0,4.0,3.0,2,2,5,4,5,5,1,5,5.0,1,0,4,0,0,5,5,4,3,5,0,2,2.0,0.0,2.0,1.0,0,
Company2734,05/01/2009,San Francisco,Tech,Other,4,5.0,4.5,5.0,4,2,5,10,10,5,2,5,5.0,0,0,0,0,0,10,2,2,2,1,0,0,0.0,0.0,3.0,3.0,0,
Company2735,11/26/2009,New York,Tech,Finance,4,5.0,5.0,4.0,1,2,5,4,5,4,5,5,5.0,3,5,5,4,2,1,5,3,3,2,0,4,3.0,2.0,3.0,1.0,0,
Company2736,05/01/2010,Seattle,Non-Tech,Services,2,3.0,6.0,6.0,2,3,5,6,8,5,10,8,7.5,0,0,0,0,0,1,4,1,2,25,0,0,0.0,0.0,3.0,2.5,0,
Company2737,07/18/2011,Portland,Non-Tech,Services,1,2.0,4.0,3.0,1,1,1,5,5,5,2,5,5.0,0,0,0,0,0,1,1,1,1,1,0,0,0.0,0.0,1.0,3.0,0,
Company2738,12/30/2011,Philadelphia,Non-Tech,Finance,4,5.0,4.0,4.0,2,2,5,3,4,4,5,4,4.0,0,0,0,0,0,5,5,4,4,5,0,0,0.0,0.0,3.0,1.0,0,
Company2739,09/06/1997,Austin,Non-Tech,Services,6,2.0,4.0,5.0,2,1,10,10,4,4,3,4,7.5,6,0,0,0,0,5,4,3,1,2,0,0,0.0,12.5,2.5,3.0,15,
Company2740,12/31/1997,Seattle,Non-Tech,Services,4,3.0,3.0,5.0,4,3,5,5,4,4,2,4,4.0,3,5,5,3,4,4,5,1,2,2,3,3,3.0,1.0,3.0,3.0,5,
Company2741,05/30/2006,Jacksonville,Non-Tech,Finance,5,5.0,4.0,4.0,1,5,5,4,4,4,4,4,4.0,0,3,0,0,0,3,5,3,5,2,1,0,0.0,0.0,2.0,1.0,0,
Company2742,01/27/2005,Sacramento,Non-Tech,Finance,3,5.0,4.0,4.0,1,2,5,5,5,5,1,5,5.0,0,0,0,0,0,3,4,2,2,3,0,0,0.0,0.0,2.0,3.0,0,
Company2743,12/23/2012,Austin,Non-Tech,Finance,2,7.5,6.0,6.0,4,4,10,8,4,10,6,10,4.0,0,0,0,0,0,20,15,3,3,15,0,0,0.0,0.0,2.0,5.0,0,
Company2744,06/13/2009,San Francisco,Tech,Finance,3,5.0,5.0,4.0,1,5,5,3,4,5,5,5,4.0,4,4,0,5,5,5,5,1,5,5,0,4,5.0,3.0,5.0,1.0,0,
Company2745,06/06/2007,San Francisco,Tech,Services,3,4.0,4.0,4.0,2,2,5,4,5,5,4,4,5.0,3,5,4,4,5,5,5,3,3,4,4,4,4.0,4.0,4.0,1.0,4,
Company2746,10/22/2006,San Francisco,Tech,Finance,3,6.0,4.0,6.0,1,6,10,10,10,10,2,10,7.5,3,0,0,1,0,5,4,3,2,5,2,0,0.0,0.0,5.0,7.5,5,
Company2747,10/23/1999,Chicago,Non-Tech,Other,1,5.0,0.0,3.0,3,5,5,4,4,4,3,4,5.0,3,0,0,0,4,1,5,1,2,1,0,0,0.0,0.0,1.0,3.0,5,
Company2748,03/29/2013,Nashville,Non-Tech,Finance,3,4.0,4.0,3.0,1,2,5,5,5,5,2,5,5.0,0,0,0,0,0,2,4,2,1,1,0,0,0.0,0.0,3.0,3.0,0,55953000.0
Company2749,04/18/2006,San Francisco,Tech,Finance,3,2.0,4.0,4.0,2,2,5,4,5,5,5,5,5.0,0,0,0,1,0,3,5,2,3,2,0,0,0.0,0.0,2.0,3.0,0,
Company2750,08/28/2009,Indianapolis,Non-Tech,Other,1,2.0,4.0,3.0,1,5,5,5,5,5,1,5,5.0,0,0,12,0,0,1,2,1,2,1,0,0,0.0,12.5,1.0,0.0,0,
Company2751,10/28/2012,San Francisco,Tech,Finance,4,5.0,4.0,4.0,2,2,5,4,4,4,3,4,4.0,1,2,2,1,4,4,4,2,3,3,0,0,5.0,4.0,4.0,3.0,1,
Company2752,09/09/2013,Boston,Non-Tech,Finance,4,4.0,4.0,4.0,1,3,5,5,5,5,4,5,5.0,0,0,0,0,0,5,5,2,1,1,0,0,0.0,0.0,3.0,3.0,0,
Company2753,02/19/2010,Phoenix,Non-Tech,Finance,12,5.0,4.5,6.0,1,5,5,4,4,10,4,4,4.0,0,0,0,0,0,3,5,15,5,15,0,0,0.0,0.0,5.0,7.5,0,
Company2754,09/09/2013,Boulder,Non-Tech,Finance,2,3.0,4.0,4.0,2,2,5,5,5,5,1,5,5.0,0,0,0,0,0,1,1,1,1,1,0,0,0.0,0.0,1.0,3.0,0,
Company2755,04/22/2008,New York,Tech,Finance,2,4.0,5.0,5.0,4,2,3,5,4,5,2,5,5.0,3,0,5,3,4,5,3,2,1,1,3,3,0.0,0.0,3.0,3.0,0,
Company2756,11/16/2012,Denver,Non-Tech,Finance,4,5.0,4.0,5.0,1,2,5,4,5,5,3,8,5.0,0,0,0,0,0,3,3,1,3,1,0,0,0.0,0.0,2.0,7.5,0,
Company2757,08/14/2009,Boulder,Non-Tech,Finance,4,5.0,4.0,4.0,1,2,5,5,5,5,4,5,5.0,0,0,0,0,0,3,5,2,2,1,0,0,0.0,0.0,3.0,3.0,0,
Company2758,01/22/2013,San Francisco,Tech,Services,3,5.0,3.0,5.0,4,2,5,5,4,4,2,4,3.0,3,5,5,3,4,10,15,3,4,2,3,3,0.0,1.0,3.0,10.0,5,
Company2759,08/25/2007,Palo Alto,Non-Tech,Services,2,3.0,4.0,3.0,2,2,5,4,5,5,4,5,5.0,0,4,3,0,4,3,5,3,2,3,2,2,0.0,1.0,3.0,3.0,5,
Company2760,06/01/2012,San Francisco,Tech,Services,3,3.0,4.0,4.0,4,2,5,5,5,5,1,5,5.0,1,2,4,1,3,1,3,1,1,1,2,4,4.0,5.0,3.0,3.0,5,
Company2761,02/14/2008,New York,Tech,Finance,4,5.0,4.0,4.0,1,2,5,5,5,5,1,5,5.0,0,0,0,0,0,3,2,1,3,2,0,0,0.0,0.0,3.0,3.0,0,69231000.0
Company2762,12/07/2004,San Francisco,Tech,Services,4,5.0,4.0,4.0,2,2,5,4,5,4,4,4,3.0,0,0,0,0,0,5,5,3,2,4,0,0,0.0,0.0,4.0,1.0,0,
Company2763,10/28/2008,San Jose,Tech,Services,3,7.5,4.0,4.0,1,3,5,5,5,5,4,5,7.5,0,4,0,0,0,1,1,15,3,3,0,0,0.0,4.0,7.5,7.5,5,
Company2764,04/26/2013,New York,Tech,Services,3,4.0,3.0,4.0,2,2,5,4,5,5,5,5,5.0,0,3,0,0,0,4,4,1,1,4,0,0,0.0,0.0,2.0,2.0,0,
Company2765,08/01/2000,Omaha,Non-Tech,Finance,4,5.0,5.0,4.0,1,5,5,5,5,5,2,5,5.0,1,2,4,2,4,4,2,1,4,1,5,2,5.0,3.0,4.0,2.0,0,
Company2766,03/17/2007,San Francisco,Tech,Finance,2,3.0,4.0,5.0,3,2,5,5,5,5,1,5,5.0,1,2,2,2,3,5,1,1,1,2,3,0,3.0,1.0,2.0,1.0,0,
Company2767,10/28/2012,San Francisco,Tech,Finance,4,5.0,4.0,4.0,2,3,5,4,4,4,3,4,4.0,1,2,2,1,4,4,5,2,3,3,5,5,5.0,4.0,4.0,2.0,1,
Company2768,08/13/2011,Bellevue,Non-Tech,Finance,4,7.5,4.0,4.0,4,3,5,4,4,5,4,4,4.0,1,2,2,1,4,4,1,1,3,3,0,5,0.0,4.0,4.0,2.0,1,
Company2769,11/19/2009,Pittsburgh,Non-Tech,Finance,3,1.5,4.0,4.5,1,2,5,5,10,5,2,10,5.0,0,0,0,0,0,5,3,3,4,5,0,0,0.0,0.0,5.0,3.0,0,
Company2770,08/20/2004,Philadelphia,Non-Tech,Services,4,4.0,5.0,3.0,1,5,5,5,5,5,2,5,5.0,1,2,4,1,3,4,5,4,1,2,3,2,2.0,2.0,1.0,2.0,5,
Company2771,10/28/2008,Raleigh,Non-Tech,Services,3,5.0,4.0,5.0,3,3,5,4,5,5,4,5,5.0,3,0,5,4,5,1,3,1,3,3,5,5,3.0,4.0,1.0,3.0,5,
Company2772,12/28/2011,New York,Tech,Finance,5,5.0,4.0,5.0,2,2,5,5,4,5,5,5,4.0,0,0,0,0,0,3,1,1,1,1,0,0,0.0,0.0,5.0,2.0,0,
Company2773,09/19/2009,San Francisco,Tech,Finance,4,5.0,4.0,5.0,2,2,5,4,5,5,1,5,5.0,0,4,0,0,0,3,1,1,3,1,0,0,0.0,0.0,3.0,3.0,0,
Company2774,08/13/2011,San Francisco,Tech,Finance,4,5.0,4.0,5.0,2,5,1,4,4,5,2,5,5.0,0,0,0,0,0,1,5,1,1,1,0,0,0.0,1.0,1.0,3.0,0,
Company2775,08/01/2010,New York,Tech,Finance,2,3.0,3.0,3.0,1,5,5,4,5,5,3,5,5.0,0,0,0,0,0,1,5,2,4,1,0,0,0.0,0.0,2.0,3.0,0,
Company2776,06/14/2013,San Antonio,Non-Tech,Finance,3,5.0,4.0,4.0,1,2,5,5,5,5,1,5,5.0,3,4,0,1,0,1,1,5,2,5,5,0,1.0,2.0,3.0,1.0,0,
Company2777,03/07/2011,Los Angeles,Non-Tech,Services,4,5.0,5.0,3.0,1,2,5,5,5,5,1,5,5.0,3,2,3,2,3,5,5,1,3,2,3,3,3.0,4.0,2.0,3.0,4,
Company2778,07/20/2007,Philadelphia,Non-Tech,Finance,4,3.0,4.0,4.0,2,2,5,5,5,5,1,5,5.0,0,0,0,0,0,5,1,1,2,3,0,0,0.0,0.0,1.0,3.0,0,
Company2779,07/31/2013,New York,Tech,Services,2,3.0,4.0,5.0,2,2,5,4,5,5,2,5,5.0,0,2,0,1,0,5,3,6,1,4,1,1,0.0,0.0,2.0,7.5,3,
Company2780,03/07/2011,Minneapolis,Non-Tech,Services,4,5.0,5.0,4.0,1,2,5,5,5,5,4,5,5.0,3,2,3,2,3,5,5,1,3,2,3,0,0.0,0.0,2.0,2.0,0,
Company2781,06/24/2012,San Francisco,Tech,Other,4,4.0,4.0,3.0,1,2,5,4,5,5,5,5,4.0,0,0,0,0,0,5,5,4,3,5,0,0,0.0,0.0,5.0,1.0,0,
Company2782,09/03/2010,San Francisco,Tech,Finance,3,4.0,4.0,4.0,2,2,5,4,5,5,5,5,5.0,0,0,2,1,0,2,3,1,4,3,3,0,2.0,5.0,5.0,3.0,0,
Company2783,10/17/1995,San Francisco,Tech,Services,4,3.0,4.0,4.0,1,4,5,4,5,4,5,3,4.0,3,5,3,1,4,3,5,2,1,3,5,4,5.0,0.0,5.0,3.0,5,
Company2784,06/01/2010,Los Angeles,Non-Tech,Services,3,4.0,4.0,4.0,2,2,5,4,5,5,3,5,5.0,3,4,4,3,3,5,5,3,3,5,5,5,5.0,0.0,3.0,2.0,3,
Company2785,10/10/2011,San Jose,Tech,Finance,2,4.0,4.0,5.0,1,3,5,4,5,5,3,5,5.0,0,0,0,0,0,1,1,1,1,1,0,0,0.0,0.0,1.0,1.0,0,
Company2786,11/22/2007,San Francisco,Tech,Finance,6,6.0,6.0,6.0,2,1,10,10,10,5,2,4,7.5,0,0,0,0,0,5,4,3,1,5,0,0,0.0,0.0,5.0,7.5,0,
Company2787,09/26/2009,St. Louis,Non-Tech,Finance,4,2.0,4.0,4.0,2,1,5,5,4,5,1,10,5.0,0,4,0,0,0,1,1,1,1,1,0,0,0.0,0.0,1.0,3.0,0,
Company2788,11/16/2012,Denver,Non-Tech,Finance,4,5.0,4.0,4.0,2,2,5,4,5,5,4,5,5.0,0,5,4,0,0,3,4,4,3,1,4,0,0.0,0.0,2.0,3.0,0,
Company2789,04/17/2009,Buffalo,Non-Tech,Finance,4,5.0,3.0,4.0,2,2,5,5,5,5,2,4,5.0,0,0,0,0,0,5,1,2,2,4,0,0,0.0,0.0,2.0,2.0,0,
Company2790,10/18/2012,Philadelphia,Non-Tech,Finance,2,2.0,4.0,3.0,2,3,5,4,5,5,3,5,5.0,0,0,0,1,4,2,1,1,1,1,0,0,1.0,1.0,2.0,3.0,0,
Company2791,09/09/2005,Philadelphia,Non-Tech,Finance,4,5.0,5.0,5.0,1,5,5,4,4,4,3,3,4.0,0,5,5,5,5,4,5,1,3,4,5,4,5.0,4.0,3.0,3.0,3,
Company2792,11/05/2008,Baltimore,Non-Tech,Finance,4,2.0,4.0,4.0,2,2,5,4,5,5,3,5,5.0,1,0,0,1,0,5,5,2,2,3,2,5,0.0,0.0,1.0,3.0,3,
Company2793,12/16/2009,San Francisco,Tech,Services,3,5.0,4.0,4.0,1,2,5,3,4,5,5,3,4.0,3,4,3,2,5,4,5,5,4,1,5,0,3.0,0.0,2.0,2.0,5,
Company2794,08/23/2013,San Jose,Tech,Finance,12,7.5,6.0,4.5,2,4,10,8,10,10,10,10,7.5,0,0,0,15,0,4,15,15,4,25,0,0,0.0,0.0,7.5,7.5,0,
Company2795,11/06/2002,New York,Tech,Finance,3,4.0,4.0,5.0,3,4,5,4,4,4,5,4,4.0,0,0,0,0,0,4,5,1,2,1,0,0,0.0,0.0,3.0,2.0,0,31996000.0
Company2796,06/27/2007,San Francisco,Tech,Services,3,5.0,5.0,4.0,2,5,5,3,4,5,2,5,5.0,1,2,4,9,0,4,5,4,5,4,0,2,2.0,0.0,4.0,2.0,0,
Company2797,04/12/2013,New York,Tech,Services,3,5.0,4.0,5.0,4,1,5,4,4,4,2,4,4.0,3,5,0,3,4,3,5,2,3,1,3,3,0.0,1.0,4.0,3.0,5,
Company2798,07/10/2013,San Francisco,Tech,Finance,2,5.0,4.0,5.0,2,2,5,4,4,4,1,4,5.0,0,3,0,0,0,4,5,2,2,4,0,0,1.0,4.0,2.0,3.0,4,
Company2799,12/31/2011,Charlotte,Non-Tech,Services,4,7.5,4.0,4.0,4,4,5,6,8,10,10,5,7.5,12,10,15,0,12,25,5,9,1,25,8,4,4.0,2.5,7.5,2.0,10,
Company2800,11/12/2010,San Francisco,Tech,Services,4,5.0,4.0,4.0,1,3,5,5,4,5,2,5,4.0,3,4,4,3,5,4,1,1,3,2,2,3,2.0,5.0,2.0,2.0,5,
Company2801,10/15/2011,Omaha,Non-Tech,Services,4,5.0,4.0,5.0,2,4,5,5,5,5,2,5,5.0,0,0,0,0,0,2,4,1,3,4,0,0,0.0,0.0,3.0,3.0,0,
Company2802,09/15/2007,San Francisco,Tech,Finance,1,2.0,4.0,3.0,1,1,1,5,5,5,2,5,5.0,0,0,0,0,0,1,1,1,1,1,0,0,0.0,0.0,1.0,3.0,0,
Company2803,07/31/2013,Pittsburgh,Non-Tech,Services,12,7.5,6.0,6.0,4,4,5,4,8,10,10,6,7.5,0,0,15,0,12,25,15,12,3,25,6,6,0.0,0.0,2.0,7.5,0,
Company2804,03/31/2011,"Washington, D.C.",Non-Tech,Finance,5,5.0,4.0,4.0,1,3,5,4,4,4,1,4,4.0,0,0,0,0,0,5,5,2,3,3,0,0,0.0,0.0,1.0,3.0,0,
Company2805,04/19/2013,San Francisco,Tech,Finance,2,2.0,4.0,5.0,1,3,4,5,4,5,5,3,5.0,0,0,0,0,0,1,1,5,1,1,0,0,0.0,0.0,2.0,3.0,0,
Company2806,05/24/2007,San Francisco,Tech,Finance,4,4.0,4.0,5.0,2,2,5,4,4,5,1,3,4.0,0,0,0,0,0,4,4,1,3,1,0,0,0.0,0.0,2.0,2.0,0,
Company2807,06/18/2007,Mountain View,Non-Tech,Finance,3,4.0,4.0,4.0,1,3,5,5,5,5,2,5,5.0,0,0,2,0,4,1,1,1,2,2,5,5,0.0,0.0,4.0,3.0,0,
Company2808,07/04/2011,Chicago,Non-Tech,Finance,12,7.5,2.0,4.0,2,2,10,5,8,10,8,8,7.5,0,0,0,0,0,25,15,1,4,25,0,0,0.0,0.0,2.0,7.5,0,
Company2809,10/26/2009,San Francisco,Tech,Finance,4,5.0,4.0,5.0,2,3,5,4,5,5,2,4,5.0,0,0,0,2,0,2,5,5,5,1,0,0,0.0,0.0,5.0,0.0,0,
Company2810,08/30/2011,Denver,Non-Tech,Services,2,2.0,4.0,5.0,4,2,5,5,5,5,1,5,5.0,0,0,0,0,0,3,1,1,2,1,0,0,0.0,0.0,2.0,3.0,0,34524000.0
Company2811,11/22/2009,San Francisco,Tech,Finance,4,4.5,4.0,4.0,2,2,10,5,10,5,2,5,5.0,0,0,0,0,0,4,2,1,2,1,0,0,0.0,0.0,2.0,3.0,0,
Company2812,08/11/2007,Los Angeles,Non-Tech,Services,5,5.0,4.0,4.0,2,2,5,4,5,4,3,4,4.0,4,2,5,5,4,5,5,1,3,2,5,4,4.0,5.0,3.0,3.0,1,
Company2813,08/20/2011,Austin,Non-Tech,Services,12,4.0,6.0,5.0,1,4,10,8,5,5,6,5,5.0,15,8,0,0,0,1,15,6,3,3,0,0,7.5,7.5,2.0,3.0,20,
Company2814,12/17/2006,San Francisco,Tech,Finance,3,7.5,4.5,4.0,4,4,10,5,4,4,10,5,4.0,2,2,12,1,12,5,1,3,2,5,4,4,5.0,12.5,10.0,3.0,2,
Company2815,09/26/2003,San Jose,Tech,Finance,6,4.0,5.0,4.0,1,2,10,4,5,4,2,10,5.0,0,0,0,0,0,5,3,1,2,5,0,0,0.0,0.0,10.0,7.5,0,
Company2816,10/04/2000,Los Angeles,Non-Tech,Finance,3,5.0,4.5,6.0,1,2,5,5,10,10,1,10,7.5,6,2,0,0,4,20,1,2,2,1,0,0,7.5,0.0,2.0,3.0,1,
Company2817,05/18/2011,San Jose,Tech,Services,3,5.0,4.0,4.0,1,4,5,5,5,5,1,5,5.0,0,0,0,3,0,5,4,2,2,3,0,0,0.0,0.0,2.0,3.0,5,
Company2818,09/19/2009,San Francisco,Tech,Services,3,5.0,4.0,4.0,1,3,5,4,5,5,2,4,5.0,1,1,4,4,4,3,4,1,3,1,5,4,1.0,5.0,2.0,3.0,1,
Company2819,04/12/2012,San Francisco,Tech,Services,1,5.0,4.0,4.0,1,5,1,5,5,5,2,5,5.0,0,4,0,2,0,5,2,3,2,1,2,0,0.0,0.0,1.0,3.0,1,
Company2820,03/02/1998,Portland,Non-Tech,Finance,4,5.0,4.0,4.0,1,3,5,5,5,5,1,5,5.0,0,0,0,0,0,3,2,2,2,1,0,0,0.0,0.0,1.0,3.0,0,
Company2821,08/02/1995,Boulder,Non-Tech,Services,4,5.0,5.0,3.0,2,2,5,1,4,10,1,2,5.0,2,4,3,2,4,3,5,1,3,1,3,4,3.0,4.0,3.0,3.0,5,
Company2822,04/13/2007,San Francisco,Tech,Finance,5,6.0,4.0,6.0,2,6,10,10,10,10,4,3,4.0,0,0,0,0,0,10,3,6,1,5,0,0,0.0,0.0,4.0,7.5,0,
Company2823,12/18/2010,Denver,Non-Tech,Services,9,6.0,6.0,6.0,4,3,5,4,4,10,3,10,5.0,0,0,0,0,0,3,5,3,1,3,0,0,0.0,0.0,2.0,3.0,0,
Company2824,09/15/2006,Phoenix,Non-Tech,Finance,9,6.0,6.0,6.0,4,4,10,8,10,10,6,8,7.5,0,0,0,0,0,20,15,6,2,15,0,0,0.0,12.5,5.0,7.5,0,
Company2825,11/01/2007,San Francisco,Tech,Finance,3,5.0,4.0,4.0,2,2,5,4,5,5,5,5,4.0,0,5,0,0,4,5,5,1,1,4,5,0,0.0,1.0,4.0,3.0,0,
Company2826,02/01/2011,Phoenix,Non-Tech,Services,2,4.0,3.0,4.0,2,2,5,2,5,5,2,5,5.0,0,0,0,0,0,25,1,2,2,1,0,0,0.0,0.0,2.0,2.0,0,
Company2827,10/23/2004,San Francisco,Tech,Finance,2,4.0,4.0,4.0,1,2,5,5,5,5,2,5,5.0,0,0,0,0,0,1,1,1,1,2,0,0,0.0,0.0,1.0,3.0,0,
Company2828,08/06/2009,San Francisco,Tech,Finance,2,3.0,4.0,4.0,2,2,5,4,5,4,3,5,5.0,0,0,0,0,0,5,5,2,1,4,0,0,0.0,0.0,7.5,3.0,0,
Company2829,06/07/2013,San Francisco,Tech,Services,3,5.0,4.0,4.0,2,2,5,4,4,4,4,4,3.0,0,0,0,0,0,5,1,3,4,4,0,0,0.0,0.0,5.0,3.0,0,
Company2830,03/16/2007,San Francisco,Tech,Finance,4,4.0,2.0,4.0,3,1,5,4,4,5,3,4,5.0,0,0,0,0,0,4,2,2,1,2,0,0,0.0,0.0,2.0,3.0,0,
Company2831,01/22/2011,New York,Tech,Services,12,7.5,4.0,6.0,4,2,5,10,10,5,3,10,5.0,9,0,12,3,12,20,15,2,3,4,2,2,2.5,4.0,2.0,7.5,25,
Company2832,10/14/2013,Mountain View,Non-Tech,Finance,3,4.0,4.0,3.0,2,2,5,4,5,5,4,5,5.0,0,0,0,0,0,4,5,2,2,4,0,0,0.0,0.0,2.0,3.0,0,
Company2833,12/17/2010,San Francisco,Tech,Finance,4,5.0,4.0,5.0,2,2,5,4,5,5,2,5,5.0,0,0,0,1,0,5,5,2,2,1,0,0,0.0,0.0,3.0,3.0,0,
Company2834,08/01/2008,San Francisco,Tech,Finance,4,5.0,4.0,4.0,2,2,5,4,4,4,4,4,3.0,0,0,0,0,0,5,5,4,4,4,0,0,0.0,0.0,5.0,1.0,0,
Company2835,08/08/2013,Los Angeles,Non-Tech,Finance,9,6.0,4.5,7.5,4,3,10,10,10,10,4,10,7.5,1,0,0,0,0,10,3,6,1,1,0,0,1.0,0.0,7.5,7.5,0,
Company2836,05/02/2008,Chicago,Non-Tech,Finance,12,7.5,4.0,6.0,2,4,10,5,10,10,1,10,7.5,0,0,0,0,0,20,15,3,3,15,0,0,0.0,0.0,3.0,3.0,0,
Company2837,11/17/1995,San Francisco,Tech,Finance,4,5.0,5.0,4.0,4,5,5,5,4,5,3,4,5.0,0,0,0,0,0,3,5,1,2,1,0,0,0.0,0.0,4.0,2.0,0,
Company2838,10/06/2010,San Antonio,Non-Tech,Services,4,5.0,4.0,5.0,2,4,5,5,5,5,1,5,5.0,2,2,4,3,4,2,4,2,3,1,4,2,5.0,4.0,3.0,3.0,3,
Company2839,08/13/2009,San Jose,Tech,Finance,4,5.0,4.0,4.0,1,2,5,5,5,4,4,5,4.0,0,3,0,0,0,5,2,1,3,5,3,3,0.0,4.0,3.0,3.0,0,
Company2840,09/13/1999,Seattle,Non-Tech,Other,1,4.0,3.0,4.0,1,1,5,4,5,5,1,5,5.0,0,0,0,0,0,2,5,1,2,2,0,0,0.0,0.0,2.0,3.0,0,
Company2841,09/17/2009,New York,Tech,Services,4,5.0,4.0,5.0,1,5,5,5,5,5,1,5,5.0,0,0,0,0,4,1,4,1,2,1,0,0,0.0,0.0,2.0,3.0,0,
Company2842,02/23/2010,Orlando,Non-Tech,Finance,2,2.0,4.0,3.0,2,1,5,4,5,5,5,5,5.0,0,0,0,0,0,5,4,2,2,2,0,0,0.0,0.0,2.0,3.0,0,38075000.0
Company2843,11/03/2012,Indianapolis,Non-Tech,Services,2,2.0,3.0,5.0,2,1,1,4,4,5,2,5,5.0,1,1,3,3,4,1,3,1,1,1,1,4,1.0,5.0,1.0,3.0,5,
Company2844,06/18/2007,New York,Tech,Finance,3,3.0,4.0,4.0,2,2,5,5,5,5,2,5,5.0,0,0,0,0,0,3,3,2,1,2,0,0,0.0,0.0,2.0,3.0,0,
Company2845,07/17/2009,San Francisco,Tech,Services,4,5.0,3.0,5.0,2,2,5,5,5,5,1,5,5.0,3,2,3,3,4,3,4,1,2,1,1,0,1.0,3.0,2.0,3.0,5,
Company2846,08/14/2009,San Francisco,Tech,Services,4,7.5,4.0,4.0,1,3,10,4,5,5,6,8,5.0,0,4,4,0,5,4,5,1,5,1,4,4,4.0,5.0,3.0,2.0,5,
Company2847,04/08/2010,Boulder,Non-Tech,Finance,3,5.0,4.0,5.0,1,3,5,4,5,5,3,5,5.0,0,0,0,0,0,2,3,1,1,1,0,0,0.0,0.0,1.0,3.0,0,
Company2848,09/15/2011,San Jose,Tech,Services,4,1.0,5.0,4.0,1,4,1,5,5,5,1,5,5.0,4,0,0,2,3,1,1,1,1,1,3,2,0.0,5.0,2.0,3.0,4,
Company2849,01/16/2009,San Jose,Tech,Services,4,4.0,4.0,4.0,1,2,5,5,5,5,2,5,5.0,0,3,5,0,4,4,5,5,3,5,0,0,3.0,4.0,3.0,2.0,4,
Company2850,11/26/2010,San Francisco,Tech,Services,5,5.0,4.0,4.0,2,3,5,4,4,4,3,4,4.0,0,0,0,0,0,4,5,2,3,3,0,0,0.0,0.0,4.0,2.0,0,
Company2851,07/15/2011,Los Angeles,Non-Tech,Services,4,4.0,3.0,5.0,2,1,5,4,4,5,3,4,5.0,4,2,4,4,3,2,5,1,5,2,3,4,2.0,2.0,2.0,2.0,3,
Company2852,07/04/2009,San Francisco,Tech,Finance,1,2.0,4.0,3.0,2,1,1,5,5,4,2,5,4.0,3,0,3,3,3,5,2,1,2,1,0,0,0.0,2.0,5.0,3.0,3,
Company2853,05/24/2007,Boulder,Non-Tech,Finance,2,3.0,4.0,4.0,2,3,5,4,5,5,3,5,5.0,0,0,0,0,0,4,1,1,1,1,0,0,0.0,1.0,1.0,3.0,0,
Company2854,08/11/2007,San Francisco,Tech,Finance,5,4.0,4.0,4.0,2,3,5,5,5,4,1,5,5.0,0,0,0,0,4,3,1,1,2,1,0,0,0.0,0.0,3.0,3.0,0,
Company2855,08/05/2011,Boise,Non-Tech,Finance,4,5.0,4.0,3.0,2,2,5,4,4,5,5,4,5.0,0,0,0,0,0,5,5,5,5,5,0,0,0.0,0.0,1.0,0.0,0,
Company2856,08/16/2011,Pittsburgh,Non-Tech,Services,2,4.0,4.0,4.0,2,2,5,5,4,4,1,3,4.0,0,0,0,0,0,2,1,1,1,1,0,0,0.0,0.0,2.0,3.0,0,20219000.0
Company2857,11/13/2009,San Francisco,Tech,Finance,3,5.0,3.0,5.0,3,1,5,5,5,5,1,5,5.0,0,0,0,0,0,4,1,2,1,1,0,0,0.0,0.0,3.0,3.0,0,
Company2858,10/15/2011,San Francisco,Tech,Services,4,5.0,4.0,5.0,2,4,5,5,5,5,2,5,5.0,2,0,0,0,0,2,4,1,3,2,0,0,0.0,0.0,3.0,3.0,4,
Company2859,09/10/1998,San Francisco,Tech,Finance,5,7.5,4.0,6.0,2,2,10,4,4,4,6,10,7.5,0,0,0,0,0,10,5,1,2,1,0,0,0.0,0.0,12.5,7.5,0,
Company2860,07/05/1997,Los Angeles,Non-Tech,Finance,1,2.0,4.0,4.0,2,2,5,4,5,5,3,4,5.0,0,0,0,0,0,3,3,1,1,1,0,0,0.0,0.0,2.0,3.0,0,
Company2861,12/29/2012,San Francisco,Tech,Services,4,5.0,4.0,5.0,3,2,5,3,4,5,4,3,5.0,3,3,3,2,4,5,5,5,3,5,5,1,1.0,3.0,5.0,0.0,4,
Company2862,03/09/1998,New York,Tech,Finance,3,4.0,4.0,4.0,2,2,5,5,4,5,2,3,5.0,0,0,5,2,0,4,2,2,2,2,2,2,2.0,0.0,3.0,3.0,0,
Company2863,03/07/2010,Atlanta,Non-Tech,Services,2,5.0,4.0,4.0,1,3,5,4,4,4,3,4,4.0,3,1,3,1,3,3,2,1,2,1,4,4,4.0,4.0,3.0,3.0,3,
Company2864,12/28/2011,San Francisco,Tech,Finance,5,5.0,4.0,4.0,2,4,5,4,4,4,5,3,4.0,0,0,0,0,0,3,5,5,5,1,0,0,0.0,0.0,5.0,2.0,0,
Company2865,09/09/2010,San Jose,Tech,Finance,3,4.0,4.0,4.0,2,2,5,5,5,5,2,5,5.0,0,0,0,0,0,3,5,1,3,1,0,0,0.0,0.0,1.0,3.0,0,
Company2866,06/30/2001,Philadelphia,Non-Tech,Finance,9,4.0,4.0,4.0,2,3,5,5,5,10,2,5,4.0,0,0,0,0,0,3,1,2,1,1,0,0,0.0,0.0,2.0,3.0,0,
Company2867,05/01/2013,San Francisco,Tech,Finance,2,3.0,6.0,3.0,2,1,3,5,10,5,1,5,5.0,0,4,12,0,0,5,6,1,2,1,0,0,0.0,0.0,2.0,3.0,0,
Company2868,10/15/2012,San Francisco,Tech,Finance,3,3.0,4.0,4.0,2,4,5,4,5,5,4,5,5.0,0,0,0,0,0,3,5,2,1,2,0,0,0.0,0.0,2.0,3.0,0,
Company2869,08/14/2009,New York,Tech,Services,9,7.5,4.0,7.5,4,4,5,2,5,8,10,2,6.0,9,0,15,0,0,25,15,15,1,5,10,0,0.0,0.0,7.5,3.0,5,
Company2870,05/15/2012,Richmond,Non-Tech,Finance,3,4.0,4.0,4.0,2,2,5,4,5,5,3,5,5.0,0,0,4,0,0,5,5,1,3,1,0,0,0.0,0.0,2.0,3.0,0,
Company2871,10/30/2013,San Francisco,Tech,Services,3,4.0,4.0,4.0,2,5,5,5,5,5,1,5,5.0,1,0,2,1,5,2,5,1,1,5,2,5,2.0,5.0,2.0,3.0,1,
Company2872,08/11/2007,San Francisco,Tech,Services,5,5.0,4.0,4.0,2,2,5,4,4,4,3,4,4.0,4,2,5,5,4,4,5,1,3,1,5,4,4.0,5.0,3.0,3.0,5,
Company2873,07/15/2013,Long Beach,Non-Tech,Finance,2,3.0,4.0,4.0,2,2,5,5,4,5,4,5,5.0,0,0,0,0,0,5,3,1,1,1,0,0,0.0,0.0,3.0,3.0,0,
Company2874,09/14/2009,San Francisco,Tech,Services,12,7.5,6.0,6.0,4,4,10,8,8,10,4,10,7.5,0,8,12,0,15,25,4,15,3,15,10,10,12.5,5.0,10.0,2.5,15,
Company2875,06/04/1996,San Francisco,Tech,Services,3,5.0,5.0,4.0,1,5,5,3,4,5,5,3,5.0,2,1,5,1,4,5,5,5,4,5,2,5,5.0,3.0,4.0,1.0,3,
Company2876,09/09/2010,Atlanta,Non-Tech,Finance,3,3.0,4.0,4.0,2,2,5,5,5,5,2,5,5.0,0,0,0,0,0,3,2,1,1,1,0,0,0.0,0.0,2.0,3.0,0,
Company2877,08/11/2010,San Francisco,Tech,Finance,2,3.0,4.0,5.0,2,2,5,4,4,5,2,4,5.0,0,0,0,0,0,2,1,1,2,1,0,0,0.0,0.0,2.0,3.0,0,
Company2878,12/30/2011,San Francisco,Tech,Finance,6,5.0,4.0,4.0,2,2,5,8,8,4,5,4,4.0,0,0,0,0,0,5,5,4,4,5,0,0,0.0,0.0,7.5,1.0,0,
Company2879,11/05/2011,Los Angeles,Non-Tech,Finance,2,3.0,4.0,3.0,1,2,3,5,5,5,4,5,5.0,0,0,0,0,0,1,1,1,2,1,0,0,0.0,0.0,1.0,3.0,0,
Company2880,10/30/2013,San Jose,Tech,Finance,2,4.5,6.0,6.0,2,1,5,6,8,8,10,6,6.0,0,0,0,0,0,2,12,3,3,1,0,0,0.0,0.0,5.0,3.0,0,
Company2881,10/22/2006,San Francisco,Tech,Finance,9,6.0,6.0,4.0,4,6,10,5,10,10,1,10,7.5,0,0,0,0,0,5,6,3,2,5,0,0,0.0,0.0,5.0,7.5,0,
Company2882,01/07/2011,New York,Tech,Services,2,4.0,4.0,4.0,1,3,5,5,5,5,1,5,5.0,0,0,0,0,0,3,4,1,3,1,0,0,0.0,0.0,2.0,2.0,0,
Company2883,05/02/2008,San Francisco,Tech,Services,12,4.0,6.0,4.0,4,4,5,4,5,4,6,10,4.0,3,5,5,0,0,20,1,3,3,2,5,4,0.0,0.0,3.0,1.0,2,
Company2884,12/21/2012,Philadelphia,Non-Tech,Finance,5,5.0,3.0,5.0,2,1,5,4,4,5,4,4,5.0,0,0,0,0,0,2,5,1,4,2,0,0,0.0,0.0,5.0,3.0,0,
Company2885,01/05/2000,New York,Tech,Finance,5,5.0,4.0,4.0,2,2,5,4,4,4,4,4,4.0,0,0,0,0,0,3,1,1,3,2,0,0,0.0,0.0,4.0,3.0,0,
Company2886,07/09/2013,Detroit,Non-Tech,Finance,9,4.5,3.0,6.0,6,2,6,8,10,10,6,10,7.5,0,0,0,0,0,25,6,3,1,10,0,0,0.0,0.0,2.5,7.5,0,
Company2887,12/17/2010,Austin,Non-Tech,Finance,4,5.0,4.0,5.0,2,2,5,4,5,5,3,5,5.0,0,0,0,0,0,5,5,2,2,1,0,0,0.0,0.0,3.0,3.0,0,
Company2888,08/07/2013,Milwaukee,Non-Tech,Services,6,4.0,5.0,3.0,1,3,5,5,5,5,2,5,5.0,0,0,0,0,0,2,12,2,2,1,0,0,0.0,0.0,3.0,3.0,0,
Company2889,12/03/2013,San Francisco,Tech,Services,4,5.0,4.0,5.0,2,2,5,4,4,4,3,4,4.0,0,0,0,0,0,3,4,1,1,2,0,0,0.0,0.0,2.0,3.0,0,
Company2890,12/12/2011,Denver,Non-Tech,Finance,6,5.0,6.0,7.5,6,4,10,8,10,10,2,10,7.5,0,0,0,0,0,25,15,12,2,15,5,0,0.0,0.0,5.0,2.0,0,
Company2891,02/16/2012,Boulder,Non-Tech,Finance,6,4.5,6.0,6.0,1,6,10,10,10,10,2,10,7.5,0,5,0,0,0,10,3,3,2,5,0,0,0.0,0.0,5.0,7.5,0,
Company2892,10/30/2013,Seattle,Non-Tech,Finance,3,4.0,4.0,4.0,2,1,5,4,5,5,3,5,5.0,0,0,0,0,0,5,5,3,3,5,0,0,0.0,0.0,2.0,3.0,0,
Company2893,09/15/2006,San Francisco,Tech,Finance,9,6.0,6.0,4.0,1,3,5,5,10,5,1,10,7.5,0,0,0,0,0,25,15,6,4,20,0,0,0.0,0.0,2.0,2.0,0,
Company2894,05/01/2009,San Francisco,Tech,Finance,1,2.0,3.0,4.0,2,1,1,4,4,5,4,4,5.0,0,0,0,0,0,1,1,1,2,1,0,0,0.0,0.0,1.0,3.0,0,
Company2895,01/16/2009,Houston,Non-Tech,Services,4,5.0,2.0,4.0,2,2,5,5,5,5,3,5,4.0,0,0,0,3,0,5,5,2,1,2,0,0,0.0,4.0,4.0,3.0,3,
Company2896,12/04/1999,San Jose,Tech,Finance,2,4.5,4.0,3.0,1,2,2,6,8,4,2,6,4.0,0,0,0,0,0,10,1,6,2,1,0,0,0.0,0.0,5.0,3.0,0,
Company2897,01/05/2000,Boulder,Non-Tech,Finance,5,5.0,4.0,4.0,2,2,5,4,4,4,4,3,4.0,0,0,0,0,0,3,5,1,3,2,0,0,0.0,0.0,4.0,3.0,0,
Company2898,08/01/2010,Boulder,Non-Tech,Finance,4,5.0,4.0,5.0,1,5,5,4,4,4,5,3,4.0,0,0,0,1,0,5,5,2,4,3,0,5,0.0,0.0,5.0,2.0,0,
Company2899,03/19/2012,San Francisco,Tech,Services,4,7.5,4.0,7.5,2,4,5,2,5,8,2,2,6.0,9,5,5,15,15,25,5,15,3,5,5,5,5.0,1.0,7.5,2.0,5,
Company2900,07/04/2008,San Francisco,Tech,Finance,12,7.5,6.0,6.0,4,6,10,8,8,8,6,8,5.0,0,0,0,0,0,20,15,1,2,15,0,0,0.0,0.0,10.0,5.0,0,
Company2901,03/02/1998,Milwaukee,Non-Tech,Finance,3,5.0,4.0,5.0,3,3,5,5,5,5,1,5,5.0,0,0,0,0,0,1,4,1,1,1,0,0,0.0,3.0,1.0,3.0,0,
Company2902,01/22/2011,Charlotte,Non-Tech,Services,4,4.0,2.0,4.0,2,1,5,4,4,4,3,4,4.0,0,0,0,0,0,4,5,3,1,5,0,0,0.0,0.0,2.0,3.0,0,
Company2903,08/26/2000,San Francisco,Tech,Other,3,4.0,4.0,4.0,2,2,5,5,5,5,1,5,5.0,0,0,0,0,0,2,2,1,2,1,0,0,0.0,0.0,2.0,3.0,0,
Company2904,08/23/2013,San Francisco,Tech,Finance,12,7.5,6.0,4.5,2,4,10,8,10,10,6,10,7.5,0,0,0,0,0,25,15,15,4,25,0,0,0.0,0.0,7.5,7.5,0,
Company2905,11/08/2013,Cleveland,Non-Tech,Services,3,5.0,3.0,4.0,3,2,5,4,4,5,2,4,4.0,0,0,0,0,0,5,4,1,1,3,2,0,0.0,0.0,1.0,3.0,0,
Company2906,06/27/2007,San Francisco,Tech,Finance,3,4.0,4.0,4.0,2,2,5,3,4,5,5,4,5.0,0,4,0,2,4,3,1,4,3,4,0,2,2.0,4.0,4.0,1.0,0,
Company2907,08/27/1999,Kansas City,Non-Tech,Finance,1,5.0,4.0,3.0,2,2,5,5,5,5,5,3,5.0,0,0,0,0,0,2,4,1,1,1,0,0,0.0,0.0,2.0,3.0,0,
Company2908,05/30/2006,San Francisco,Tech,Finance,1,5.0,4.0,4.0,2,3,1,4,5,4,4,4,5.0,3,4,5,0,0,1,5,3,3,3,5,5,0.0,4.0,4.0,1.0,5,
Company2909,11/27/2008,Albuquerque,Non-Tech,Services,2,4.5,4.0,6.0,2,4,5,8,8,8,3,5,6.0,0,10,15,0,12,3,15,2,5,1,0,0,10.0,0.0,4.0,3.0,20,
Company2910,05/06/2013,Denver,Non-Tech,Services,4,5.0,4.0,4.0,2,2,5,4,5,5,2,4,4.0,4,2,3,0,0,4,4,1,3,2,0,2,0.0,5.0,2.0,3.0,0,
Company2911,01/27/2005,Austin,Non-Tech,Finance,4,5.0,4.0,5.0,2,2,5,4,4,4,3,4,4.0,0,0,0,2,0,3,4,2,1,3,0,0,0.0,1.0,2.0,3.0,0,
Company2912,01/16/1999,Boulder,Non-Tech,Finance,4,5.0,4.0,3.0,2,2,10,4,5,5,4,5,4.0,0,0,0,0,0,4,5,3,1,5,0,0,0.0,0.0,3.0,1.0,0,
Company2913,09/07/2010,Newark,Non-Tech,Finance,1,5.0,4.0,5.0,1,1,5,5,5,5,1,5,5.0,0,0,0,0,0,3,5,1,5,1,0,0,0.0,0.0,1.0,1.0,0,
Company2914,11/17/2009,Philadelphia,Non-Tech,Finance,3,2.0,4.0,4.0,2,2,1,5,4,5,2,3,5.0,0,0,0,0,0,3,3,1,1,2,0,0,0.0,0.0,4.0,2.0,0,
Company2915,04/04/2012,Los Angeles,Non-Tech,Finance,5,4.0,4.0,5.0,2,4,5,4,4,5,5,5,4.0,0,0,0,0,0,5,5,3,5,3,0,0,0.0,0.0,5.0,0.0,0,
Company2916,09/28/2010,San Francisco,Tech,Services,6,6.0,3.0,4.0,4,2,1,8,8,10,10,8,7.5,0,4,12,3,12,2,3,1,2,1,6,0,0.0,0.0,5.0,7.5,0,
Company2917,06/07/2013,San Francisco,Tech,Finance,4,4.0,4.0,4.0,2,2,1,5,5,5,3,4,3.0,1,0,0,0,4,3,1,1,1,1,2,2,0.0,4.0,5.0,1.0,1,
Company2918,11/22/2009,San Francisco,Tech,Services,4,6.0,4.0,4.0,2,4,5,5,5,10,4,5,5.0,0,4,3,3,4,4,2,2,1,5,0,0,4.0,0.0,3.0,2.0,5,
Company2919,09/15/2007,San Francisco,Tech,Finance,6,4.5,4.0,7.5,6,4,5,10,10,5,2,10,7.5,1,0,2,0,0,20,5,3,3,3,0,0,5.0,0.0,5.0,5.0,0,
Company2920,10/04/2013,Philadelphia,Non-Tech,Finance,3,4.0,4.0,3.0,2,2,5,4,5,5,10,5,4.0,0,0,0,0,0,4,5,3,2,4,0,0,0.0,0.0,2.0,3.0,0,
Company2921,06/30/2001,San Francisco,Tech,Finance,2,4.0,4.0,4.0,2,3,5,5,5,4,2,5,4.0,0,0,0,0,0,3,1,2,1,1,0,0,0.0,0.0,2.0,3.0,0,
Company2922,01/26/2012,St. Louis,Non-Tech,Services,6,4.5,4.0,7.5,6,2,5,8,4,10,10,6,7.5,15,4,15,1,3,2,5,6,3,20,2,2,2.5,2.5,5.0,7.5,15,
Company2923,12/03/2013,New York,Tech,Services,12,4.0,6.0,5.0,4,4,5,10,10,5,4,10,7.5,3,0,0,0,0,3,4,6,4,10,0,4,0.0,0.0,5.0,7.5,0,
Company2924,11/22/2012,San Francisco,Tech,Finance,2,3.0,4.0,4.0,1,2,5,4,5,5,1,5,5.0,0,3,4,2,0,3,5,1,1,3,0,3,0.0,2.0,2.0,3.0,3,
Company2925,11/25/2011,"Washington, D.C.",Non-Tech,Finance,3,4.0,3.0,4.0,3,2,5,4,4,4,5,5,5.0,0,0,0,0,0,5,5,1,1,1,0,0,0.0,0.0,1.0,2.0,0,
Company2926,05/12/2013,San Francisco,Tech,Finance,3,3.0,5.0,4.0,2,2,5,4,5,4,3,4,4.0,0,0,0,0,0,4,1,1,1,1,0,0,0.0,0.0,1.0,3.0,0,
Company2927,07/17/2009,Los Angeles,Non-Tech,Services,4,5.0,3.0,5.0,2,2,5,5,5,5,5,5,5.0,3,0,4,3,0,3,5,4,2,2,1,0,0.0,3.0,4.0,3.0,0,
Company2928,06/24/2012,San Francisco,Tech,Finance,4,5.0,4.0,5.0,2,2,5,5,5,5,4,5,5.0,3,2,4,3,4,5,5,4,2,1,0,0,1.0,3.0,2.0,1.0,0,
Company2929,02/09/2000,Philadelphia,Non-Tech,Other,3,7.5,4.0,6.0,1,4,10,5,8,8,2,5,5.0,0,0,0,0,0,4,12,9,1,2,0,0,0.0,0.0,1.0,3.0,0,
Company2930,11/21/1999,San Jose,Tech,Finance,3,5.0,6.0,4.0,1,5,5,5,5,5,1,5,5.0,0,0,0,0,0,1,5,1,2,1,0,0,12.5,0.0,4.0,3.0,0,
Company2931,06/04/1996,Houston,Non-Tech,Services,4,1.5,4.5,4.5,2,2,2,10,10,10,4,10,4.0,0,0,0,0,4,5,3,4,1,5,0,0,1.0,2.0,4.0,3.0,3,
Company2932,01/31/2012,Cleveland,Non-Tech,Finance,3,4.0,4.0,4.0,2,5,5,4,4,5,1,5,7.5,1,0,2,1,5,2,15,1,1,1,2,5,2.0,5.0,5.0,3.0,1,
Company2933,04/09/2011,Philadelphia,Non-Tech,Finance,12,2.0,4.5,4.0,4,2,4,6,8,10,10,5,7.5,0,0,0,0,0,15,12,1,1,5,0,0,0.0,0.0,2.0,7.5,0,
Company2934,05/01/1998,Boulder,Non-Tech,Finance,6,5.0,4.0,5.0,2,4,5,4,4,5,4,3,4.0,0,0,12,0,0,5,5,4,5,3,0,0,0.0,0.0,5.0,2.0,0,
Company2935,07/07/2010,San Jose,Tech,Finance,5,5.0,4.0,4.0,2,2,5,4,4,5,3,4,4.0,0,0,0,3,4,3,5,1,3,2,0,0,0.0,0.0,4.0,3.0,0,
Company2936,08/02/1995,San Francisco,Tech,Services,2,3.0,4.0,5.0,2,2,5,1,4,5,4,2,5.0,2,3,4,3,4,3,5,2,1,4,3,3,1.0,4.0,3.0,2.0,5,
Company2937,01/04/2014,San Francisco,Tech,Finance,3,5.0,5.0,4.0,1,3,5,5,5,5,4,5,4.0,0,0,0,0,0,2,4,1,3,1,0,0,0.0,0.0,5.0,1.0,0,
Company2938,03/18/2011,Denver,Non-Tech,Services,3,4.0,4.0,4.0,2,2,5,3,4,4,2,4,5.0,0,0,0,0,0,5,5,3,2,1,0,0,0.0,0.0,1.0,3.0,0,
Company2939,05/02/2008,Boulder,Non-Tech,Finance,2,3.0,4.0,3.0,4,4,10,5,5,10,2,5,5.0,0,0,0,0,0,1,2,1,3,1,0,0,0.0,0.0,3.0,5.0,0,
Company2940,03/16/2007,Louisville,Non-Tech,Services,4,5.0,2.0,4.0,1,3,5,5,4,5,2,5,5.0,0,0,0,0,0,5,1,2,3,4,0,0,0.0,0.0,2.0,3.0,0,
Company2941,04/17/2009,Indianapolis,Non-Tech,Finance,4,5.0,3.0,4.0,2,2,5,5,4,5,2,4,5.0,0,0,0,0,0,5,1,1,2,4,0,0,0.0,0.0,2.0,2.0,0,
Company2942,12/18/1998,Detroit,Non-Tech,Services,3,5.0,4.0,4.0,1,5,5,4,4,4,3,4,3.0,2,5,5,2,5,5,5,3,5,5,1,4,1.0,2.0,5.0,1.0,4,
Company2943,01/16/1999,San Francisco,Tech,Finance,2,5.0,2.0,4.0,2,1,5,4,4,4,4,4,4.0,0,0,0,0,0,1,1,3,1,4,0,0,0.0,0.0,2.0,3.0,0,
Company2944,03/09/1998,New York,Tech,Services,6,5.0,4.0,5.0,4,3,5,5,5,4,4,3,5.0,3,3,5,2,5,5,5,2,2,10,5,5,10.0,1.0,3.0,1.0,3,
Company2945,08/01/2000,San Francisco,Tech,Finance,4,5.0,4.0,4.0,2,2,5,4,4,5,2,5,5.0,3,2,0,0,0,5,5,2,3,5,5,3,5.0,4.0,5.0,0.0,0,
Company2946,04/04/2012,San Francisco,Tech,Services,4,5.0,4.0,4.0,2,4,5,4,5,4,4,3,4.0,0,0,0,0,0,5,5,4,5,3,0,0,0.0,0.0,2.0,0.0,0,
Company2947,12/23/2012,Boulder,Non-Tech,Services,1,1.0,4.0,5.0,2,1,1,4,4,4,5,5,4.0,0,4,4,0,0,3,2,1,1,2,0,0,0.0,2.0,2.0,3.0,1,
Company2948,12/12/2011,Miami,Non-Tech,Finance,6,4.5,6.0,7.5,2,4,1,8,4,5,3,10,7.5,0,0,15,0,0,25,1,12,2,1,0,0,0.0,0.0,2.0,3.0,0,
Company2949,08/20/2004,San Francisco,Tech,Services,4,5.0,5.0,4.0,1,5,5,5,5,5,1,5,5.0,1,2,0,1,3,4,5,4,5,1,3,4,2.0,2.0,4.0,3.0,0,
Company2950,10/28/2008,San Jose,Tech,Services,3,4.0,4.0,4.0,2,2,5,4,4,4,5,3,4.0,1,2,5,1,3,2,5,3,2,5,5,5,3.0,3.0,1.0,3.0,5,
Company2951,10/17/2008,New York,Tech,Finance,2,5.0,4.0,4.0,2,2,5,4,5,5,5,5,5.0,2,0,0,0,1,5,1,1,1,1,0,1,0.0,0.0,2.0,3.0,5,
Company2952,04/08/2010,New York,Tech,Services,9,7.5,4.0,6.0,1,6,10,10,5,5,2,10,5.0,0,3,0,2,0,10,5,6,2,15,0,0,1.0,1.0,7.5,5.0,0,
Company2953,09/06/1996,Raleigh,Non-Tech,Finance,4,7.5,4.0,6.0,4,6,10,8,8,8,6,4,6.0,0,0,0,0,0,20,15,3,2,15,3,0,3.0,0.0,10.0,5.0,0,
Company2954,05/01/1998,Seattle,Non-Tech,Finance,4,7.5,4.0,5.0,2,4,5,4,4,4,4,3,4.0,0,0,0,0,0,5,15,4,4,3,0,0,0.0,0.0,5.0,2.0,0,
Company2955,03/26/2005,Chicago,Non-Tech,Finance,4,5.0,4.0,4.0,2,3,5,5,4,5,2,3,4.0,0,0,0,0,0,4,5,2,4,2,0,0,0.0,0.0,3.0,3.0,0,
Company2956,06/01/2010,San Francisco,Tech,Services,5,5.0,4.0,4.0,2,2,5,4,4,4,3,4,4.0,3,2,0,5,0,5,5,2,5,2,5,3,0.0,4.0,2.0,2.0,0,
Company2957,05/12/2013,Dallas,Non-Tech,Finance,3,3.0,4.0,4.0,2,2,5,10,10,4,3,4,4.0,0,0,0,0,0,20,1,3,1,1,0,0,0.0,0.0,1.0,5.0,0,
Company2958,10/14/2013,Boulder,Non-Tech,Finance,3,5.0,4.0,3.0,2,2,5,5,4,5,1,5,5.0,0,0,0,0,0,2,3,4,2,2,0,0,0.0,0.0,1.0,3.0,0,
Company2959,01/31/2012,Houston,Non-Tech,Services,9,7.5,5.0,7.5,2,4,5,2,8,10,10,4,7.5,2,1,15,6,4,25,5,15,3,5,4,4,5.0,2.0,5.0,7.5,25,
Company2960,11/16/2012,Milwaukee,Non-Tech,Services,4,3.0,4.0,3.0,2,1,5,10,4,5,4,4,5.0,3,0,3,2,3,3,6,2,3,1,5,0,0.0,0.0,2.0,7.5,3,
Company2961,07/12/2013,Boulder,Non-Tech,Services,5,5.0,4.0,4.0,2,3,5,4,4,5,5,4,5.0,0,0,0,0,0,4,5,4,4,3,0,0,0.0,0.0,4.0,2.0,0,
Company2962,07/17/2009,San Francisco,Tech,Services,4,5.0,3.0,5.0,2,2,5,4,5,5,3,5,5.0,0,2,4,0,4,2,4,1,2,1,0,1,1.0,3.0,2.0,3.0,5,
Company2963,02/16/2012,San Jose,Tech,Finance,6,6.0,6.0,3.0,1,6,10,10,4,10,4,4,7.5,0,0,0,0,0,10,3,1,1,1,0,0,0.0,0.0,5.0,3.0,0,
Company2964,03/19/2009,"Washington, D.C.",Non-Tech,Finance,5,5.0,4.0,4.0,2,2,5,5,4,4,1,4,4.0,0,0,0,0,0,5,1,2,2,1,0,0,0.0,0.0,2.0,1.0,0,
Company2965,08/02/2011,Bellevue,Non-Tech,Finance,3,4.0,4.0,4.0,2,2,2,4,4,5,4,5,5.0,0,0,0,0,0,5,2,1,2,2,0,0,0.0,0.0,2.0,2.0,0,
Company2966,01/31/2012,New York,Tech,Services,9,7.5,6.0,4.0,6,4,10,2,8,10,10,4,7.5,9,10,15,3,12,5,15,15,1,5,4,4,1.0,2.5,2.0,7.5,25,
Company2967,05/02/2008,Bellevue,Non-Tech,Finance,3,4.0,4.0,4.0,4,4,1,8,5,10,6,10,7.5,0,0,0,0,0,20,15,3,3,1,0,0,0.0,0.0,1.0,5.0,0,
Company2968,05/01/1998,Oakland,Non-Tech,Finance,4,5.0,4.0,5.0,3,2,1,4,4,4,4,3,4.0,0,5,0,0,0,5,5,4,2,3,0,0,0.0,1.0,5.0,3.0,0,
Company2969,12/31/1997,New York,Tech,Services,4,5.0,3.0,5.0,4,3,5,5,5,4,1,4,4.0,0,5,5,3,4,5,5,2,4,2,3,0,3.0,0.0,2.0,3.0,0,
Company2970,05/04/2012,Los Angeles,Non-Tech,Services,3,3.0,4.0,3.0,2,2,5,4,5,5,3,4,5.0,3,2,3,1,0,5,5,1,2,5,1,1,1.0,1.0,2.0,3.0,5,
Company2971,01/31/2012,New York,Tech,Finance,3,7.5,4.0,7.5,1,3,5,4,8,5,5,4,5.0,9,0,0,6,0,25,5,2,3,5,0,0,0.0,0.0,3.0,7.5,0,
Company2972,02/29/2012,Chicago,Non-Tech,Finance,3,4.0,3.0,3.0,2,2,5,4,5,5,4,5,5.0,0,0,0,0,0,3,4,1,1,2,0,0,0.0,0.0,1.0,3.0,0,
Company2973,06/30/2001,San Francisco,Tech,Finance,3,4.0,4.0,4.0,1,4,5,5,5,4,2,5,4.0,0,0,0,0,0,2,4,2,2,1,0,0,0.0,0.0,2.0,3.0,0,
Company2974,06/06/2007,San Francisco,Tech,Services,12,5.0,4.0,6.0,2,2,10,10,4,10,5,3,7.5,9,0,4,4,0,20,15,3,5,25,4,0,0.0,2.5,5.0,0.0,25,
Company2975,05/05/2007,San Francisco,Tech,Finance,2,3.0,4.0,4.0,1,2,5,4,4,5,3,4,5.0,0,0,0,0,4,3,2,1,1,3,0,0,0.0,5.0,2.0,3.0,0,
Company2976,08/01/2000,Seattle,Non-Tech,Finance,12,3.0,4.0,4.0,2,2,5,4,8,10,4,5,5.0,0,0,0,0,12,5,5,2,3,4,0,0,0.0,0.0,7.5,7.5,0,
Company2977,06/09/2007,Louisville,Non-Tech,Finance,4,3.0,4.0,4.0,3,2,5,5,4,5,3,5,5.0,0,0,0,0,12,4,2,1,1,3,0,0,0.0,0.0,2.0,5.0,0,
Company2978,04/06/1998,Dallas,Non-Tech,Finance,2,4.0,4.0,7.5,4,2,2,4,4,10,4,10,5.0,0,0,0,0,0,5,1,3,2,1,0,0,3.0,0.0,2.5,2.0,0,
Company2979,06/06/2007,Los Angeles,Non-Tech,Services,6,6.0,4.0,4.0,2,2,10,4,8,5,5,8,5.0,3,0,3,2,3,4,5,5,4,4,4,4,3.0,2.0,4.0,1.0,0,
Company2980,04/12/2012,San Francisco,Tech,Finance,2,2.0,4.0,3.0,1,2,5,5,4,5,1,4,5.0,0,1,0,2,1,2,1,1,1,1,0,0,1.0,3.0,1.0,3.0,1,
Company2981,03/05/1996,Los Angeles,Non-Tech,Services,5,5.0,4.0,4.0,2,2,5,4,5,5,4,5,4.0,3,5,4,1,0,5,5,1,3,4,1,4,0.0,4.0,4.0,1.0,4,
Company2982,09/21/2012,Durham,Non-Tech,Services,4,5.0,4.0,3.0,1,3,5,5,5,5,2,4,5.0,1,2,3,1,3,2,3,1,1,1,0,1,3.0,3.0,3.0,3.0,4,
Company2983,07/31/2013,San Francisco,Tech,Services,2,4.0,5.0,4.0,1,2,5,4,5,5,3,5,5.0,0,2,0,0,0,4,1,1,1,2,3,0,2.0,0.0,1.0,1.0,5,
Company2984,05/01/1998,Boulder,Non-Tech,Services,4,5.0,4.0,5.0,2,2,5,4,5,5,4,4,4.0,3,2,0,0,0,4,5,1,2,3,3,4,0.0,0.0,5.0,3.0,5,
Company2985,07/05/1997,San Francisco,Tech,Services,1,5.0,4.0,5.0,1,4,5,4,5,4,3,3,5.0,0,0,5,5,0,5,5,4,5,4,5,4,0.0,0.0,5.0,3.0,3,
Company2986,04/01/2000,San Francisco,Tech,Finance,1,2.0,4.0,4.0,2,4,10,8,4,4,4,4,5.0,0,0,0,0,0,3,1,2,3,1,0,0,0.0,0.0,7.5,3.0,0,
Company2987,02/09/2010,New York,Tech,Services,12,5.0,4.0,4.0,1,4,10,5,5,5,2,5,5.0,2,2,0,2,0,10,3,1,3,5,3,3,3.0,0.0,10.0,2.0,5,
Company2988,09/20/2013,San Francisco,Tech,Finance,4,2.0,3.0,4.0,2,2,2,5,5,5,2,5,5.0,0,0,0,0,0,3,1,1,1,1,0,0,0.0,0.0,2.0,3.0,0,
Company2989,06/14/2013,San Francisco,Tech,Finance,3,5.0,4.0,4.0,1,2,5,5,5,5,1,5,5.0,0,5,0,0,0,1,1,1,2,2,0,0,5.0,0.0,3.0,2.0,0,
Company2990,08/13/2011,Houston,Non-Tech,Other,3,2.0,3.0,4.0,1,1,1,5,5,5,4,4,5.0,0,0,0,0,0,1,1,1,1,2,0,0,0.0,0.0,1.0,3.0,0,
Company2991,11/25/2011,San Francisco,Tech,Finance,3,5.0,4.0,4.0,1,4,5,4,5,5,1,5,5.0,0,0,0,0,0,2,4,3,1,3,0,0,0.0,0.0,1.0,3.0,0,
Company2992,06/24/2012,New York,Tech,Finance,4,4.0,4.0,3.0,2,2,5,4,5,5,4,5,5.0,0,0,0,0,0,5,5,4,3,5,0,0,0.0,0.0,3.0,1.0,0,
Company2993,12/24/2010,Austin,Non-Tech,Finance,4,7.5,4.0,4.0,2,2,5,5,5,5,2,5,6.0,0,4,3,5,4,4,4,2,3,2,0,2,2.0,0.0,2.0,2.0,5,
Company2994,12/17/2006,San Francisco,Tech,Finance,4,5.0,4.0,4.0,2,5,5,4,4,5,2,4,4.0,0,0,0,0,0,3,1,1,2,1,0,0,0.0,0.0,3.0,3.0,0,
Company2995,01/01/2000,San Francisco,Tech,Services,3,5.0,4.0,4.0,2,5,5,5,5,5,2,5,4.0,2,5,2,1,3,2,5,1,1,1,4,5,1.0,1.0,1.0,2.0,3,
Company2996,02/07/2007,San Francisco,Tech,Services,4,5.0,2.0,4.0,2,1,5,4,4,4,5,4,5.0,0,0,0,0,0,4,4,2,3,3,0,0,0.0,0.0,1.0,3.0,0,
Company2997,07/15/2011,San Francisco,Tech,Finance,3,4.0,3.0,4.0,2,1,5,5,4,5,5,5,5.0,0,0,0,4,0,3,5,1,5,1,3,4,0.0,2.0,3.0,2.0,0,
Company2998,07/23/2011,Boston,Non-Tech,Finance,12,1.0,6.0,3.0,5,2,1,5,4,5,5,4,6.0,0,0,0,0,0,1,1,15,3,1,0,0,0.0,0.0,1.0,3.0,0,
Company2999,01/01/2000,Tucson,Non-Tech,Other,3,5.0,4.0,4.0,1,5,5,5,5,5,2,5,5.0,2,2,2,1,3,2,1,1,1,1,0,1,0.0,0.0,1.0,3.0,0,
Company3000,11/13/2009,Newark,Non-Tech,Finance,4,5.0,4.0,4.0,2,2,5,4,4,5,4,5,3.0,0,0,0,0,0,4,5,1,5,3,0,0,0.0,0.0,5.0,0.0,0,
Company3001,07/15/2013,San Jose,Tech,Finance,1,2.0,3.0,4.0,2,1,1,4,4,5,4,4,5.0,0,0,0,0,0,1,1,1,1,1,0,0,0.0,0.0,1.0,3.0,0,
Company3002,12/16/2009,Detroit,Non-Tech,Services,3,5.0,4.0,4.0,2,2,5,3,4,5,5,3,5.0,3,4,3,2,3,4,5,6,4,5,5,0,3.0,2.0,5.0,1.0,3,
Company3003,12/03/2012,San Francisco,Tech,Finance,3,5.0,4.0,4.0,2,4,5,5,5,5,4,5,4.0,1,0,0,0,0,5,5,2,5,4,3,5,4.0,3.0,3.0,2.0,5,
Company3004,06/01/2009,San Francisco,Tech,Services,3,2.0,5.0,2.0,1,3,1,5,5,5,5,5,5.0,4,0,0,0,3,1,2,2,1,1,5,5,0.0,0.0,3.0,3.0,3,
Company3005,04/14/2009,Los Angeles,Non-Tech,Services,6,6.0,6.0,6.0,4,2,10,8,8,5,10,8,3.0,6,0,0,0,0,5,12,3,2,4,6,0,0.0,0.0,2.0,3.0,0,
Company3006,09/13/2006,New York,Tech,Finance,2,3.0,4.0,4.0,2,2,3,5,5,5,2,5,5.0,0,0,0,0,0,1,1,1,1,1,0,0,0.0,0.0,3.0,2.0,0,
Company3007,09/15/2006,Detroit,Non-Tech,Finance,3,6.0,6.0,6.0,4,4,5,4,5,10,6,4,7.5,0,0,0,0,0,25,15,6,4,1,0,0,0.0,0.0,10.0,5.0,0,
Company3008,09/17/2009,Boston,Non-Tech,Finance,3,3.0,4.0,4.0,2,2,5,5,5,4,1,5,5.0,0,0,0,0,0,1,1,1,1,1,0,0,0.0,0.0,2.0,3.0,0,
Company3009,11/25/2008,San Francisco,Tech,Services,4,5.0,4.0,4.0,2,3,5,4,5,5,3,5,5.0,3,4,4,3,5,4,5,1,5,1,1,4,4.0,3.0,2.0,2.0,5,
Company3010,06/07/2013,San Jose,Tech,Services,4,5.0,4.0,4.0,2,2,5,3,4,4,4,4,5.0,0,3,0,5,0,5,5,3,4,5,3,5,5.0,3.0,2.0,2.0,3,
Company3011,02/27/2013,Miami,Non-Tech,Services,2,3.0,4.0,3.0,2,1,5,5,5,5,1,5,5.0,0,4,0,4,1,3,5,2,1,2,0,1,1.0,0.0,3.0,3.0,5,
Company3012,08/01/2010,San Francisco,Tech,Services,3,5.0,4.0,4.0,1,2,5,5,5,5,2,5,5.0,1,2,2,1,1,3,2,1,2,1,1,1,1.0,2.0,1.0,3.0,4,
Company3013,02/26/2011,San Francisco,Tech,Services,4,5.0,4.0,4.0,1,3,5,5,5,5,1,5,5.0,2,2,3,1,4,3,2,1,4,1,1,1,1.0,1.0,2.0,3.0,4,
Company3014,08/06/2009,San Francisco,Tech,Services,1,7.5,5.0,4.0,1,4,5,4,4,4,3,4,7.5,12,10,4,0,12,5,3,9,5,1,0,4,3.0,5.0,7.5,3.0,4,
Company3015,08/26/2000,San Francisco,Tech,Finance,2,4.0,4.0,4.0,2,2,5,4,5,5,1,5,5.0,0,0,0,0,0,5,1,1,2,1,0,0,0.0,0.0,4.0,3.0,0,
Company3016,06/06/2003,Cincinnati,Non-Tech,Finance,5,3.0,4.0,4.0,1,5,5,4,4,4,4,4,4.0,0,0,0,0,0,3,4,3,3,3,0,0,0.0,0.0,3.0,3.0,0,
Company3017,10/26/2009,Milwaukee,Non-Tech,Services,4,5.0,4.0,5.0,1,3,5,5,5,5,2,5,5.0,1,4,4,2,4,2,5,2,4,3,2,1,2.0,1.0,5.0,1.0,5,
Company3018,04/08/2010,"Washington, D.C.",Non-Tech,Services,4,5.0,4.0,5.0,1,3,5,5,5,5,3,5,5.0,0,0,0,0,0,4,3,1,1,1,0,0,0.0,0.0,4.0,2.0,0,
Company3019,03/19/2012,Boston,Non-Tech,Services,1,2.0,6.0,7.5,1,4,10,5,6,8,10,2,6.0,0,8,0,15,0,25,15,15,1,5,10,10,12.5,2.5,7.5,2.5,5,
Company3020,01/16/2009,San Francisco,Tech,Services,4,5.0,4.0,4.0,1,2,5,3,5,5,5,5,5.0,3,3,5,0,4,4,5,5,3,5,3,3,3.0,2.0,3.0,2.0,5,
Company3021,11/05/2009,San Francisco,Tech,Finance,3,5.0,4.0,5.0,2,3,5,4,5,4,2,5,5.0,0,0,0,0,0,5,5,4,5,1,5,4,0.0,0.0,5.0,3.0,5,
Company3022,08/30/2013,Boulder,Non-Tech,Finance,4,5.0,4.0,4.0,2,2,5,5,4,5,5,4,5.0,4,0,3,0,4,3,5,5,5,2,2,0,3.0,0.0,4.0,1.0,0,
Company3023,09/09/2013,San Francisco,Tech,Finance,3,3.0,4.0,4.0,2,2,5,5,5,5,1,5,5.0,0,0,0,0,0,5,1,2,1,3,0,2,0.0,0.0,4.0,3.0,0,
Company3024,07/07/2010,San Jose,Tech,Services,2,7.5,4.0,4.0,1,4,5,4,5,5,3,4,7.5,3,4,15,3,12,3,5,15,3,5,3,4,3.0,2.5,3.0,3.0,1,
Company3025,01/26/2012,San Francisco,Tech,Services,1,4.5,5.0,4.0,6,2,10,8,4,5,10,10,7.5,6,4,12,3,12,2,3,6,1,10,2,2,3.0,2.5,5.0,7.5,15,
Company3026,06/01/2009,Boulder,Non-Tech,Finance,3,2.0,6.0,4.0,2,2,5,4,4,5,1,4,5.0,3,2,4,3,4,2,5,2,1,1,10,4,2.0,3.0,2.0,2.5,3,
Company3027,05/24/2007,Los Angeles,Non-Tech,Finance,1,1.0,4.0,5.0,1,4,1,4,4,4,4,3,4.0,2,4,4,2,0,1,2,2,2,1,0,2,2.0,1.0,2.0,3.0,0,
Company3028,11/12/2010,Detroit,Non-Tech,Finance,9,5.0,6.0,7.5,4,4,5,5,10,10,6,5,7.5,0,4,4,3,0,10,4,6,1,20,0,0,0.0,0.0,2.0,5.0,0,
Company3029,09/15/2011,San Francisco,Tech,Finance,2,5.0,6.0,7.5,2,2,10,6,8,5,10,5,5.0,15,0,0,0,9,25,15,1,1,20,10,10,0.0,0.0,3.0,2.5,0,
Company3030,09/24/2009,New York,Tech,Finance,2,4.0,5.0,4.0,1,2,5,5,5,5,2,5,5.0,0,0,0,0,0,1,1,1,2,1,0,0,0.0,0.0,1.0,3.0,0,27326000.0
Company3031,10/22/2006,Denver,Non-Tech,Finance,9,6.0,6.0,6.0,2,6,5,10,10,10,2,10,7.5,0,0,5,0,4,5,6,3,2,5,2,2,0.0,0.0,3.0,7.5,5,
Company3032,11/21/2009,San Francisco,Tech,Services,3,5.0,4.0,4.0,1,2,10,5,4,5,1,2,6.0,0,4,4,15,0,25,15,15,2,5,2,10,2.0,4.0,7.5,2.5,5,
Company3033,03/27/2013,San Francisco,Tech,Finance,5,2.0,4.0,4.0,2,2,1,4,4,4,2,4,4.0,0,0,0,0,0,1,5,1,3,2,0,0,0.0,0.0,4.0,2.0,0,
Company3034,05/15/2012,Oklahoma City,Non-Tech,Services,12,3.0,4.0,6.0,2,4,10,4,8,10,10,8,7.5,0,0,0,0,0,3,15,12,5,25,0,0,0.0,0.0,10.0,2.5,0,
Company3035,12/20/2003,New York,Tech,Services,3,5.0,4.0,4.0,2,3,5,5,4,5,5,5,5.0,0,5,0,0,0,2,5,1,2,2,0,0,0.0,0.0,2.0,3.0,0,
Company3036,05/01/2010,San Jose,Tech,Services,4,4.0,4.0,5.0,2,2,5,5,10,5,4,10,5.0,12,0,12,0,15,10,1,1,2,1,10,10,0.0,5.0,3.0,2.0,15,
Company3037,11/13/2013,New York,Tech,Services,4,5.0,4.0,4.0,2,1,5,5,4,4,3,4,4.0,0,0,0,0,4,5,2,2,1,2,0,2,0.0,0.0,2.0,1.0,0,
Company3038,09/13/1999,Baltimore,Non-Tech,Other,3,4.0,4.0,4.0,1,2,5,5,5,5,1,5,5.0,0,0,0,0,0,2,2,1,2,2,0,0,0.0,0.0,2.0,3.0,0,
Company3039,08/20/2004,"Washington, D.C.",Non-Tech,Services,4,3.0,5.0,3.0,1,5,5,5,5,5,2,5,5.0,0,2,0,0,0,4,4,4,1,2,3,2,0.0,0.0,4.0,2.0,5,
Company3040,09/14/2009,San Francisco,Tech,Services,12,7.5,6.0,6.0,1,4,10,10,10,10,4,10,7.5,12,8,12,15,0,10,15,3,4,15,10,0,0.0,0.0,10.0,7.5,15,
Company3041,12/01/2011,San Francisco,Tech,Services,12,7.5,6.0,6.0,2,8,10,8,8,8,8,8,6.0,12,10,12,9,9,20,15,6,4,25,10,8,10.0,2.5,12.5,2.5,20,55008000.0
Company3042,09/01/2010,San Francisco,Tech,Finance,1,3.0,3.0,5.0,2,1,5,4,4,5,3,3,5.0,0,0,0,0,0,1,1,1,1,1,0,0,1.0,0.0,2.0,3.0,5,
Company3043,06/16/2012,San Francisco,Tech,Finance,4,5.0,5.0,5.0,3,1,1,4,4,5,3,3,5.0,0,0,0,0,0,1,1,1,1,1,0,0,0.0,0.0,1.0,3.0,0,
Company3044,08/02/2010,"Washington, D.C.",Non-Tech,Services,3,4.0,4.0,4.0,1,2,5,5,5,5,2,5,5.0,3,2,0,2,0,4,5,1,2,1,0,3,0.0,0.0,5.0,3.0,0,
Company3045,10/11/2010,San Francisco,Tech,Finance,2,5.0,4.0,4.0,2,2,5,4,4,5,4,5,5.0,3,4,4,0,0,4,5,2,5,1,0,3,3.0,0.0,5.0,2.0,5,
Company3046,06/23/2009,Boston,Non-Tech,Services,1,3.0,4.0,3.0,2,5,5,5,5,5,4,5,5.0,5,4,3,1,4,3,5,3,2,3,2,5,5.0,2.0,3.0,3.0,2,
Company3047,05/01/2012,Bellevue,Non-Tech,Finance,4,5.0,4.0,4.0,2,4,5,4,4,4,5,3,4.0,0,0,0,1,0,5,5,3,3,3,5,0,0.0,4.0,5.0,0.0,0,
Company3048,10/16/2009,San Francisco,Tech,Finance,4,5.0,4.0,5.0,1,3,5,5,5,5,2,5,5.0,0,0,0,0,0,3,5,2,5,3,0,0,0.0,0.0,5.0,1.0,0,37274000.0
Company3049,04/17/2009,Chicago,Non-Tech,Finance,3,4.0,4.0,4.0,1,5,5,5,5,5,2,5,5.0,0,0,0,0,0,4,1,3,1,1,0,0,0.0,0.0,2.0,3.0,0,
Company3050,06/09/2007,Los Angeles,Non-Tech,Services,12,4.0,4.0,3.0,2,2,5,5,10,5,2,10,5.0,0,0,0,0,12,4,4,3,4,3,0,0,0.0,2.5,2.0,3.0,0,
Company3051,09/06/1996,New York,Tech,Services,3,4.0,4.0,4.0,2,6,5,4,10,10,1,5,5.0,3,5,0,3,0,10,12,3,1,15,0,0,0.0,1.0,4.0,3.0,0,
Company3052,02/09/2010,Richmond,Non-Tech,Finance,3,4.0,4.0,4.0,2,3,5,4,5,5,3,5,5.0,2,0,4,2,4,5,3,1,5,4,3,0,3.0,0.0,2.0,2.0,0,
Company3053,05/12/2013,Dallas,Non-Tech,Finance,3,5.0,5.0,3.0,2,2,5,4,4,4,3,4,4.0,0,0,3,0,3,5,1,1,2,1,0,3,0.0,0.0,1.0,3.0,5,
Company3054,05/01/2012,Los Angeles,Non-Tech,Finance,9,5.0,4.5,4.0,4,4,5,4,4,10,5,3,7.5,0,0,0,0,0,5,3,3,1,5,0,0,0.0,0.0,5.0,7.5,0,
Company3055,01/16/1999,Charlotte,Non-Tech,Services,4,5.0,2.0,4.0,2,1,5,4,4,4,4,4,4.0,0,0,0,0,0,15,5,3,1,1,0,0,0.0,0.0,1.0,3.0,0,
Company3056,07/07/2010,Denver,Non-Tech,Services,3,5.0,4.0,4.0,4,2,5,4,4,5,3,3,7.5,3,4,4,2,0,3,5,1,3,5,0,4,3.0,2.0,5.0,7.5,1,
Company3057,04/12/2012,Memphis,Non-Tech,Finance,1,1.0,4.0,4.0,2,1,1,4,4,5,2,4,5.0,0,0,0,0,0,2,3,1,1,1,0,0,0.0,0.0,1.0,3.0,0,
Company3058,09/17/2009,New York,Tech,Finance,2,5.0,5.0,4.0,1,8,10,5,5,5,1,4,7.5,3,0,0,0,0,5,5,3,2,4,2,0,0.0,0.0,2.5,1.0,0,
Company3059,03/15/2011,San Francisco,Tech,Services,4,5.0,4.0,4.0,2,3,5,5,4,4,3,4,4.0,3,4,4,2,5,4,5,3,2,1,3,4,3.0,5.0,3.0,3.0,5,
Company3060,05/08/1995,San Francisco,Tech,Services,4,5.0,5.0,3.0,1,5,5,5,5,5,2,5,5.0,3,5,3,5,5,2,5,5,3,1,5,5,5.0,3.0,4.0,2.0,5,
Company3061,03/19/2012,San Francisco,Tech,Services,9,7.5,6.0,7.5,4,4,5,5,4,8,10,2,6.0,9,4,15,3,15,25,15,15,5,5,10,4,12.5,3.0,7.5,2.5,5,
Company3062,04/13/2007,Pittsburgh,Non-Tech,Finance,3,4.0,4.0,4.0,2,2,5,3,4,10,4,4,5.0,0,0,0,0,0,5,5,3,2,1,0,0,0.0,0.0,2.0,7.5,0,
Company3063,11/05/2009,San Francisco,Tech,Services,3,2.0,4.0,4.0,2,3,1,5,4,5,2,5,4.0,3,4,4,1,1,1,1,2,2,3,2,2,1.0,2.0,5.0,3.0,5,
Company3064,12/23/2012,New York,Tech,Services,4,5.0,4.0,4.0,2,2,5,4,4,5,4,4,5.0,3,0,0,3,4,3,5,3,5,2,3,3,3.0,1.0,4.0,3.0,4,
Company3065,12/04/2012,San Francisco,Tech,Services,5,5.0,4.0,4.0,1,4,5,5,5,4,1,4,4.0,4,0,3,5,0,1,4,1,2,2,2,2,0.0,5.0,2.0,3.0,20,
Company3066,01/22/2011,Columbus,Non-Tech,Finance,1,4.0,4.0,4.0,1,2,5,4,5,5,5,3,4.0,0,0,0,2,0,5,5,3,1,4,0,0,0.0,0.0,2.0,3.0,0,
Company3067,09/20/2013,Phoenix,Non-Tech,Finance,4,7.5,4.0,6.0,3,2,5,3,5,10,4,4,5.0,0,0,0,0,0,20,3,5,5,1,0,0,0.0,0.0,2.0,7.5,0,
Company3068,11/01/2007,San Diego,Non-Tech,Finance,5,5.0,4.0,5.0,1,4,5,4,4,5,5,3,4.0,3,0,5,5,4,5,5,4,5,1,0,4,4.0,1.0,5.0,0.0,0,
Company3069,07/09/2013,Charlotte,Non-Tech,Finance,9,7.5,2.0,7.5,3,2,6,4,10,10,3,10,7.5,0,0,0,0,0,25,6,2,1,3,0,0,0.0,0.0,2.5,7.5,0,
Company3070,01/15/2013,Los Angeles,Non-Tech,Finance,4,2.0,4.0,4.0,1,1,5,5,5,5,1,5,4.0,1,2,2,1,0,5,2,2,1,1,5,0,0.0,0.0,4.0,3.0,0,
Company3071,09/15/2011,New York,Tech,Finance,4,5.0,4.0,5.0,2,2,5,5,5,5,1,5,5.0,2,3,0,0,0,4,4,1,3,1,0,0,0.0,0.0,3.0,3.0,0,
Company3072,10/05/2010,Boston,Non-Tech,Services,2,3.0,4.0,4.0,1,3,5,5,5,5,1,5,5.0,0,0,0,0,0,1,3,1,4,1,0,0,0.0,0.0,3.0,3.0,0,
Company3073,07/14/2000,Indianapolis,Non-Tech,Services,4,2.0,4.0,4.0,2,1,1,5,4,4,2,4,4.0,1,1,1,3,1,1,1,1,1,2,1,1,1.0,5.0,1.0,2.0,2,
Company3074,07/05/1997,Detroit,Non-Tech,Finance,3,6.0,4.0,4.0,2,1,5,4,5,5,6,8,5.0,0,0,0,0,0,10,3,1,1,5,0,0,0.0,0.0,1.0,7.5,0,
Company3075,09/17/2009,San Francisco,Tech,Finance,2,3.0,5.0,3.0,1,5,5,5,5,5,1,5,5.0,0,0,0,0,0,1,3,1,1,3,0,0,0.0,0.0,2.0,3.0,0,
Company3076,02/09/2010,Philadelphia,Non-Tech,Services,12,7.5,6.0,4.0,4,4,10,4,8,8,10,4,6.0,15,10,15,15,0,25,15,12,3,25,6,6,7.5,0.0,5.0,5.0,0,
Company3077,04/19/2013,San Diego,Non-Tech,Services,2,2.0,6.0,5.0,2,3,4,8,4,10,6,4,5.0,0,0,0,15,9,20,1,3,3,1,10,6,7.5,0.0,1.0,3.0,0,
Company3078,06/09/2007,Dallas,Non-Tech,Services,3,4.0,4.0,3.0,2,2,10,4,5,5,10,6,5.0,15,4,15,15,0,25,5,12,3,3,6,6,7.5,0.0,5.0,5.0,20,
Company3079,09/19/2009,San Francisco,Tech,Services,4,5.0,4.0,4.0,1,2,5,5,4,4,2,4,5.0,3,0,4,5,4,5,5,2,3,2,5,0,5.0,4.0,3.0,2.0,4,
Company3080,12/31/2011,Sacramento,Non-Tech,Services,1,7.5,6.0,6.0,4,4,10,6,8,10,10,8,7.5,12,10,15,15,12,4,15,9,5,1,8,0,10.0,5.0,7.5,2.0,10,
Company3081,05/15/2012,Chicago,Non-Tech,Services,4,5.0,4.0,5.0,2,2,5,5,4,4,5,3,5.0,1,0,0,0,1,3,3,1,2,5,3,0,0.0,0.0,2.0,3.0,0,
Company3082,03/05/1996,San Francisco,Tech,Services,4,5.0,4.0,4.0,1,2,5,4,4,4,4,3,4.0,2,2,3,1,0,4,5,1,2,1,1,0,0.0,0.0,2.0,2.0,0,
Company3083,03/24/2009,Palo Alto,Non-Tech,Services,2,3.0,4.0,4.0,2,2,5,4,5,5,4,5,5.0,2,3,4,3,4,4,4,2,1,4,1,3,1.0,4.0,2.0,3.0,4,
Company3084,02/15/2010,San Francisco,Tech,Services,4,4.5,4.0,6.0,3,2,5,3,8,5,5,3,5.0,3,5,15,3,5,5,5,5,5,20,2,2,2.0,2.5,5.0,0.0,5,
Company3085,07/30/2010,San Francisco,Tech,Services,5,5.0,4.0,4.0,2,2,5,5,5,5,2,5,5.0,0,0,3,5,4,5,4,2,3,2,2,2,3.0,5.0,2.0,3.0,5,
Company3086,11/27/2011,Mountain View,Non-Tech,Services,12,7.5,4.5,7.5,4,4,10,8,8,8,6,8,6.0,0,0,0,0,0,15,12,3,1,10,0,0,0.0,0.0,5.0,7.5,0,
Company3087,06/13/2009,San Francisco,Tech,Services,3,5.0,5.0,4.0,1,5,5,3,4,4,5,3,4.0,4,5,5,5,0,25,1,5,4,5,0,5,5.0,0.0,4.0,1.0,5,
Company3088,02/29/2012,Chicago,Non-Tech,Finance,3,4.0,3.0,4.0,2,2,5,8,5,5,1,5,5.0,0,0,0,0,0,3,1,1,1,10,0,0,0.0,0.0,1.0,3.0,0,
Company3089,08/01/2000,San Francisco,Tech,Finance,4,3.0,4.0,4.0,2,2,2,4,4,5,4,5,5.0,0,4,4,0,0,2,3,1,5,1,4,0,0.0,0.0,2.0,3.0,5,
Company3090,09/15/2007,San Jose,Tech,Finance,6,2.0,5.0,2.0,6,1,10,3,4,5,1,10,7.5,3,0,0,0,0,1,3,3,1,1,0,0,0.0,2.0,2.0,3.0,0,
Company3091,12/17/2006,San Francisco,Tech,Finance,3,5.0,4.0,3.0,2,5,5,5,4,4,2,5,4.0,0,0,0,0,0,3,1,2,1,1,0,0,0.0,0.0,3.0,3.0,0,
Company3092,03/05/2012,New York,Tech,Finance,12,4.0,6.0,3.0,1,8,10,10,10,5,1,10,5.0,3,0,12,3,0,15,1,3,1,20,0,0,7.5,2.5,7.5,3.0,0,
Company3093,05/01/2013,Seattle,Non-Tech,Finance,2,3.0,4.0,6.0,1,1,3,5,5,5,1,5,5.0,0,0,0,0,0,1,1,1,2,1,0,0,0.0,0.0,1.0,3.0,0,
Company3094,01/27/2005,New York,Tech,Finance,4,5.0,4.0,4.0,1,2,5,5,4,5,1,3,5.0,3,0,0,2,0,3,4,2,5,3,0,2,2.0,0.0,2.0,3.0,0,
Company3095,10/22/2006,Philadelphia,Non-Tech,Finance,9,6.0,6.0,6.0,4,6,10,10,10,10,2,10,7.5,0,0,0,0,0,5,6,3,2,5,0,0,0.0,0.0,5.0,7.5,0,
Company3096,05/08/1995,Charlotte,Non-Tech,Services,4,5.0,5.0,3.0,1,2,5,4,4,5,2,3,5.0,3,5,3,5,5,2,5,4,3,1,5,0,5.0,3.0,4.0,3.0,0,
Company3097,02/16/2010,San Francisco,Tech,Finance,4,5.0,4.0,5.0,1,2,5,4,4,5,1,5,4.0,0,0,0,0,0,5,5,5,1,1,0,0,0.0,0.0,3.0,3.0,0,
Company3098,07/14/2007,Oakland,Non-Tech,Services,1,2.0,4.0,5.0,2,3,1,5,5,5,1,5,5.0,0,0,0,0,0,3,3,2,1,2,0,0,0.0,0.0,2.0,3.0,0,
Company3099,01/22/2013,Atlanta,Non-Tech,Finance,12,4.5,4.0,6.0,2,10,10,8,5,10,6,10,7.5,0,8,12,9,0,2,15,3,2,10,10,10,12.5,10.0,12.5,10.0,15,
Company3100,11/27/2008,San Francisco,Tech,Finance,4,5.0,4.0,4.0,1,5,5,4,5,4,4,5,5.0,0,0,0,0,0,3,5,2,5,2,0,0,0.0,0.0,5.0,2.0,0,
Company3101,06/08/2000,Dallas,Non-Tech,Finance,3,4.0,4.0,4.0,2,2,5,4,4,5,3,4,5.0,0,0,0,0,0,5,5,3,2,1,0,0,0.0,0.0,2.0,3.0,0,
Company3102,03/06/2009,Boulder,Non-Tech,Finance,3,5.0,4.0,4.0,1,2,5,5,4,5,4,5,5.0,0,0,0,0,0,3,5,2,2,2,0,0,0.0,0.0,3.0,2.0,0,
Company3103,02/16/2012,Mountain View,Non-Tech,Finance,6,4.5,6.0,6.0,4,6,10,10,10,10,2,10,7.5,0,0,0,0,0,3,3,3,2,5,0,0,0.0,0.0,5.0,7.5,0,
Company3104,03/02/1998,Philadelphia,Non-Tech,Services,4,5.0,4.0,4.0,2,3,5,5,4,4,4,4,3.0,0,4,4,4,4,3,5,2,3,4,0,0,0.0,5.0,5.0,3.0,0,
Company3105,09/26/2009,Indianapolis,Non-Tech,Finance,2,5.0,4.0,4.0,2,1,1,5,5,5,2,5,5.0,1,0,0,0,0,1,1,1,1,1,1,1,0.0,0.0,1.0,3.0,0,
Company3106,07/04/2011,Columbus,Non-Tech,Services,12,7.5,6.0,6.0,2,4,10,6,8,10,10,8,7.5,0,0,0,0,0,15,15,12,5,25,0,0,0.0,0.0,10.0,2.5,0,
Company3107,04/22/2010,Philadelphia,Non-Tech,Finance,1,2.0,4.0,4.0,1,5,5,5,4,4,2,5,4.0,0,0,1,0,0,4,5,1,5,2,0,0,0.0,0.0,4.0,2.0,0,
Company3108,08/14/2009,New York,Tech,Finance,4,5.0,4.0,6.0,4,4,5,5,10,10,2,5,5.0,0,0,0,0,0,20,5,3,4,15,0,0,0.0,0.0,7.5,5.0,0,
Company3109,09/26/2009,Chicago,Non-Tech,Services,1,2.0,4.0,4.0,1,3,1,5,4,4,1,5,5.0,0,0,0,0,0,1,3,2,2,1,0,0,0.0,0.0,2.0,3.0,0,
Company3110,08/22/2004,San Francisco,Tech,Finance,2,5.0,4.0,4.0,2,5,5,4,4,5,5,4,5.0,0,0,0,0,0,3,5,1,4,5,0,0,0.0,0.0,1.0,3.0,0,
Company3111,05/18/1998,San Francisco,Tech,Services,6,3.0,5.0,4.0,2,4,10,4,5,8,10,5,6.0,0,0,0,0,0,5,15,6,3,20,8,0,0.0,0.0,7.5,2.0,20,
Company3112,01/14/2011,Chicago,Non-Tech,Services,4,7.5,6.0,6.0,4,4,10,10,10,10,4,10,7.5,9,8,12,12,12,25,15,3,4,25,6,8,0.0,2.5,10.0,7.5,20,
Company3113,04/22/2008,Milwaukee,Non-Tech,Finance,2,4.0,4.0,4.0,1,2,3,1,4,5,5,4,5.0,0,0,0,0,0,1,1,1,1,1,0,0,0.0,0.0,2.0,2.0,0,
Company3114,04/12/2012,Detroit,Non-Tech,Finance,12,7.5,6.0,6.0,1,10,1,5,4,5,6,4,5.0,9,8,12,9,0,10,15,3,5,1,10,10,0.0,0.0,1.0,3.0,15,
Company3115,08/15/2005,Cleveland,Non-Tech,Services,9,7.5,4.5,7.5,4,2,10,8,8,8,10,6,4.0,3,8,12,0,12,10,15,3,2,5,2,4,5.0,12.5,10.0,5.0,20,
Company3116,09/28/2010,San Antonio,Non-Tech,Finance,3,3.0,4.0,4.0,2,2,5,5,5,5,2,4,5.0,0,0,0,0,0,2,1,1,2,2,0,0,0.0,0.0,2.0,3.0,0,
Company3117,07/28/2000,Denver,Non-Tech,Finance,5,7.5,4.0,6.0,4,6,10,8,8,8,10,8,6.0,0,0,3,0,0,5,15,3,2,3,8,4,0.0,0.0,7.5,5.0,0,
Company3118,10/21/2011,Phoenix,Non-Tech,Finance,3,5.0,4.0,4.0,1,2,5,5,4,5,1,5,5.0,0,0,0,0,0,3,1,1,4,3,0,0,0.0,0.0,2.0,2.0,0,
Company3119,03/02/1998,New York,Tech,Services,4,5.0,4.0,4.0,1,3,5,5,5,5,1,5,5.0,2,0,3,0,4,3,1,1,1,1,1,0,3.0,0.0,2.0,3.0,0,
Company3120,03/24/2008,Boulder,Non-Tech,Finance,4,5.0,4.0,4.0,1,2,5,4,4,4,3,4,5.0,0,0,0,0,0,2,5,1,4,1,0,0,0.0,0.0,5.0,3.0,0,
Company3121,11/01/2006,Dallas,Non-Tech,Services,6,6.0,6.0,7.5,6,8,10,10,8,10,4,6,7.5,3,6,6,3,0,5,6,3,2,5,2,2,2.5,2.5,2.5,7.5,5,
Company3122,10/28/2008,San Francisco,Tech,Services,3,5.0,4.0,4.0,2,3,5,4,5,5,4,5,5.0,3,4,5,4,0,5,5,3,5,1,5,0,3.0,4.0,4.0,3.0,5,
Company3123,08/20/2004,Miami,Non-Tech,Services,4,5.0,5.0,4.0,2,5,5,5,4,5,2,5,4.0,0,2,4,1,3,4,5,4,5,2,3,2,2.0,2.0,4.0,2.0,0,
Company3124,12/04/1999,Chicago,Non-Tech,Finance,3,4.0,4.0,4.0,1,3,5,5,5,5,3,5,5.0,0,0,0,0,0,4,1,1,2,1,0,0,0.0,0.0,2.0,3.0,0,
Company3125,03/18/2007,Milwaukee,Non-Tech,Services,3,3.0,4.0,5.0,1,2,5,4,4,5,3,5,5.0,3,5,5,3,4,3,5,2,1,4,5,5,3.0,5.0,2.0,3.0,5,
Company3126,02/15/2010,New York,Tech,Services,4,5.0,4.0,6.0,3,2,5,3,4,5,5,3,5.0,0,5,5,3,5,5,5,5,5,5,2,0,2.0,1.0,10.0,0.0,5,
Company3127,08/13/2011,Bellevue,Non-Tech,Finance,3,5.0,4.0,4.0,2,1,1,4,5,5,4,5,5.0,0,0,0,0,0,3,1,1,1,1,0,0,0.0,0.0,2.0,2.0,0,
Company3128,06/20/2011,Palo Alto,Non-Tech,Services,4,5.0,5.0,3.0,2,2,5,5,5,5,1,5,5.0,0,0,0,0,4,3,1,2,5,1,0,0,2.0,0.0,2.0,3.0,0,
Company3129,10/24/2006,New York,Tech,Finance,4,7.5,6.0,3.0,1,1,1,10,5,10,2,5,5.0,0,0,0,0,0,1,1,1,1,1,0,0,0.0,0.0,1.0,3.0,0,
Company3130,08/22/2004,San Francisco,Tech,Finance,4,5.0,4.0,4.0,2,2,5,4,5,5,5,4,5.0,0,0,0,0,0,3,5,1,4,1,0,0,0.0,0.0,3.0,3.0,0,
Company3131,07/04/2009,San Francisco,Tech,Finance,2,2.0,4.0,3.0,1,1,1,5,5,5,2,5,5.0,0,4,3,3,0,4,2,2,2,1,5,5,0.0,0.0,4.0,3.0,3,
Company3132,10/30/2013,San Francisco,Tech,Finance,3,5.0,4.0,5.0,4,1,5,5,4,4,2,3,4.0,3,0,0,0,4,5,4,3,2,2,2,2,0.0,1.0,3.0,1.0,3,
Company3133,09/28/2008,San Francisco,Tech,Finance,3,4.0,4.0,4.0,2,3,5,5,5,5,2,5,5.0,0,0,0,0,0,1,1,1,1,1,0,0,0.0,5.0,1.0,3.0,0,
Company3134,01/20/2012,San Francisco,Tech,Services,12,7.5,6.0,7.5,4,8,5,6,8,8,10,6,6.0,9,8,12,9,9,25,15,15,4,25,10,8,7.5,2.5,12.5,2.5,20,
Company3135,05/18/1998,San Francisco,Tech,Services,4,5.0,4.0,4.0,2,4,5,4,4,4,4,4,3.0,15,0,0,0,0,5,5,3,4,4,0,10,0.0,4.0,7.5,5.0,0,
Company3136,02/07/2007,San Francisco,Tech,Finance,3,5.0,4.0,4.0,1,4,5,5,5,5,1,5,5.0,0,0,0,0,0,2,4,2,2,3,0,0,0.0,0.0,3.0,3.0,0,
Company3137,11/12/2010,San Francisco,Tech,Services,4,5.0,4.0,4.0,1,3,5,5,5,5,2,5,5.0,3,4,4,3,5,5,4,1,5,4,2,0,4.0,5.0,3.0,2.0,5,
Company3138,12/17/2010,San Jose,Tech,Finance,4,4.0,4.0,4.0,2,2,5,4,4,5,5,5,5.0,0,0,0,0,0,5,5,2,1,1,0,0,0.0,0.0,3.0,3.0,0,
Company3139,11/01/2007,New York,Tech,Services,5,5.0,4.0,5.0,2,2,5,4,4,4,3,4,4.0,0,5,5,0,0,1,5,4,3,3,5,0,0.0,0.0,4.0,0.0,0,
Company3140,07/14/2000,Bellevue,Non-Tech,Services,1,2.0,4.0,4.0,2,1,1,5,4,5,3,5,4.0,0,1,0,1,1,1,1,1,1,4,1,4,0.0,5.0,3.0,3.0,2,
Company3141,06/01/2010,San Francisco,Tech,Finance,1,2.0,4.0,4.0,4,2,5,5,4,5,2,4,6.0,0,2,4,5,0,5,1,1,1,1,0,0,0.0,0.0,1.0,3.0,4,
Company3142,11/29/2008,Cleveland,Non-Tech,Finance,2,3.0,4.0,4.0,1,2,5,4,4,4,3,4,5.0,0,0,0,0,0,3,4,1,3,3,0,0,0.0,0.0,2.0,3.0,0,
Company3143,12/17/2010,Seattle,Non-Tech,Finance,4,3.0,4.0,6.0,2,2,5,4,5,5,10,5,5.0,0,10,0,15,0,2,5,2,2,1,0,0,0.0,0.0,3.0,3.0,0,
Company3144,06/01/2010,Los Angeles,Non-Tech,Services,5,5.0,4.0,4.0,2,2,5,5,4,4,2,4,4.0,3,2,4,5,4,5,5,2,5,2,5,3,5.0,4.0,5.0,3.0,4,
Company3145,08/11/2007,San Jose,Tech,Services,5,5.0,4.0,4.0,2,2,5,4,4,4,3,4,4.0,4,2,5,5,0,4,5,1,3,2,5,4,4.0,5.0,3.0,3.0,5,
Company3146,03/17/2007,Phoenix,Non-Tech,Services,12,3.0,4.0,3.0,3,2,5,5,5,5,1,5,5.0,0,4,2,2,3,5,4,1,1,2,3,3,5.0,1.0,2.0,1.0,2,
Company3147,03/18/2007,New York,Tech,Services,3,1.5,4.0,4.5,4,2,2,4,10,10,4,10,7.5,0,0,0,0,4,5,3,3,1,5,3,0,3.0,0.0,2.5,3.0,0,
Company3148,09/09/2010,New York,Tech,Finance,2,4.0,4.0,4.0,2,2,5,5,5,5,2,5,5.0,0,0,0,2,0,3,2,1,1,1,0,0,0.0,0.0,1.0,3.0,0,
Company3149,04/22/2008,San Francisco,Tech,Finance,4,4.0,4.0,4.0,1,2,3,1,5,4,5,5,4.0,0,0,0,0,0,5,5,1,2,1,0,0,0.0,0.0,2.0,2.0,0,
Company3150,03/18/2011,New York,Tech,Services,3,4.0,4.0,4.0,2,2,5,4,4,4,5,4,5.0,0,0,0,0,0,5,5,3,2,1,0,0,0.0,0.0,5.0,2.0,0,
Company3151,04/14/2010,San Francisco,Tech,Services,4,5.0,4.0,5.0,1,4,5,3,4,4,1,3,5.0,3,0,0,0,5,2,4,1,1,1,0,0,0.0,0.0,2.0,3.0,0,
Company3152,06/17/2010,San Jose,Tech,Services,12,7.5,5.0,7.5,4,2,10,4,4,5,4,8,6.0,0,0,4,0,0,15,3,3,1,1,0,2,3.0,0.0,2.0,7.5,0,
Company3153,05/01/2009,Los Angeles,Non-Tech,Services,2,5.0,4.0,5.0,1,2,5,5,5,5,2,5,5.0,0,0,0,2,0,3,2,1,1,1,0,3,0.0,1.0,2.0,3.0,3,
Company3154,01/31/2012,Atlanta,Non-Tech,Services,2,4.0,4.0,3.0,2,5,5,5,5,5,10,5,5.0,0,0,0,0,0,1,1,1,1,1,0,0,0.0,2.5,3.0,3.0,0,
Company3155,04/17/2009,San Francisco,Tech,Finance,4,5.0,4.0,4.0,1,2,5,5,4,5,4,4,5.0,0,0,4,0,0,5,5,1,2,1,0,2,0.0,0.0,4.0,2.0,4,
Company3156,09/15/2011,San Francisco,Tech,Finance,4,5.0,3.0,5.0,2,2,5,5,5,5,1,5,5.0,0,0,0,0,0,1,5,1,3,1,0,0,0.0,0.0,4.0,3.0,0,
Company3157,04/04/2008,San Diego,Non-Tech,Finance,3,4.0,6.0,4.0,2,4,5,5,10,10,2,5,5.0,15,8,0,0,0,3,15,1,1,25,0,0,0.0,0.0,1.0,7.5,0,
Company3158,06/04/1996,San Francisco,Tech,Services,4,5.0,5.0,4.0,2,2,5,4,5,5,3,5,5.0,2,1,0,1,4,5,5,4,4,5,2,1,1.0,2.0,4.0,1.0,3,
Company3159,11/17/1995,New York,Tech,Finance,4,5.0,4.0,4.0,2,2,5,4,4,5,5,3,5.0,0,0,0,0,0,2,5,3,1,1,0,0,0.0,0.0,4.0,2.0,0,
Company3160,08/08/2011,Nashville,Non-Tech,Finance,2,3.0,4.0,4.0,2,2,5,5,5,5,1,5,5.0,3,2,4,1,3,3,2,1,2,1,5,1,2.0,5.0,1.0,3.0,4,37537000.0
Company3161,09/15/2011,San Francisco,Tech,Finance,4,5.0,3.0,5.0,2,2,5,5,5,5,1,5,5.0,0,0,0,0,0,1,1,1,3,1,0,0,7.5,0.0,3.0,5.0,0,
Company3162,08/07/2013,San Francisco,Tech,Finance,6,4.5,6.0,4.0,2,2,2,6,8,8,10,6,6.0,0,0,0,0,0,10,12,6,2,10,2,0,0.0,0.0,5.0,7.5,0,
Company3163,11/21/2009,San Francisco,Tech,Finance,3,4.0,4.0,4.0,2,2,5,5,5,5,1,5,5.0,1,4,4,2,4,3,1,1,2,1,2,2,2.0,4.0,2.0,3.0,1,
Company3164,08/03/2012,San Francisco,Tech,Finance,4,5.0,2.0,5.0,2,2,5,4,4,4,3,4,4.0,0,0,0,0,0,4,2,1,2,2,0,0,0.0,0.0,2.0,2.0,0,
Company3165,04/09/2011,Raleigh,Non-Tech,Finance,12,7.5,3.0,5.0,4,1,1,4,8,4,4,5,5.0,5,5,3,0,0,5,5,9,1,1,0,0,0.0,0.0,5.0,3.0,5,
Company3166,10/28/2008,New York,Tech,Services,4,5.0,4.0,4.0,2,3,5,4,4,5,4,4,4.0,0,4,5,3,4,5,5,3,5,2,3,3,3.0,4.0,4.0,3.0,5,
Company3167,10/23/1999,San Francisco,Tech,Other,4,5.0,4.0,3.0,1,5,5,2,5,4,2,5,4.0,3,5,2,0,4,2,4,3,1,1,3,5,5.0,4.0,4.0,3.0,0,
Company3168,12/04/1999,San Francisco,Tech,Finance,2,4.0,4.0,4.0,1,3,10,5,8,5,6,5,5.0,0,0,0,0,3,1,1,1,1,1,2,0,0.0,0.0,2.0,3.0,0,
Company3169,08/14/2009,San Francisco,Tech,Finance,4,5.0,4.0,5.0,2,2,5,5,5,5,2,5,5.0,0,0,4,0,0,3,3,1,4,1,0,0,0.0,1.0,2.0,3.0,3,
Company3170,06/05/1999,San Antonio,Non-Tech,Services,2,4.0,4.0,3.0,2,2,5,4,5,5,3,5,5.0,3,2,0,0,0,1,5,1,1,5,0,0,0.0,1.0,2.0,3.0,5,
Company3171,09/26/2009,San Francisco,Tech,Services,3,5.0,3.0,4.0,3,1,5,5,4,4,3,4,4.0,0,0,0,0,0,5,4,1,1,1,0,0,0.0,0.0,1.0,3.0,0,
Company3172,07/30/2010,Houston,Non-Tech,Services,4,5.0,5.0,4.0,2,2,5,4,5,5,3,5,5.0,4,2,0,1,4,5,2,4,4,5,0,2,1.0,5.0,4.0,1.0,5,
Company3173,05/06/2013,San Francisco,Tech,Services,4,3.0,4.0,5.0,1,3,5,5,5,5,2,5,5.0,0,0,0,0,0,1,1,1,2,1,0,0,0.0,0.0,2.0,3.0,0,
Company3174,12/23/2005,Memphis,Non-Tech,Services,5,5.0,4.0,4.0,1,1,5,5,4,4,2,4,4.0,3,4,4,4,4,5,3,1,4,3,3,0,1.0,4.0,5.0,3.0,5,
Company3175,03/03/2012,Boston,Non-Tech,Services,4,4.0,6.0,3.0,1,5,10,8,5,5,2,5,5.0,0,0,0,0,0,15,5,3,1,1,0,0,0.0,0.0,4.0,3.0,0,
Company3176,10/06/2006,San Francisco,Tech,Finance,4,5.0,4.0,4.0,1,2,5,4,4,5,4,4,5.0,0,0,0,0,0,3,5,2,4,2,0,0,0.0,0.0,3.0,2.0,0,
Company3177,07/10/2013,Boulder,Non-Tech,Finance,2,5.0,4.0,4.0,2,3,5,5,4,4,4,5,5.0,0,0,0,0,0,3,1,2,1,1,0,0,0.0,0.0,3.0,3.0,0,
Company3178,01/16/2009,Boulder,Non-Tech,Services,1,5.0,4.0,4.0,1,2,5,4,5,4,5,5,5.0,2,3,4,2,0,4,2,5,1,2,2,3,0.0,0.0,5.0,3.0,0,
Company3179,03/17/2007,San Francisco,Tech,Services,2,3.0,4.0,5.0,3,2,5,3,5,5,1,5,5.0,1,2,2,2,3,5,1,1,1,2,3,3,3.0,1.0,2.0,1.0,0,
Company3180,09/23/2008,Indianapolis,Non-Tech,Services,1,1.0,4.0,4.0,2,1,10,8,4,4,2,4,4.0,1,0,0,1,0,1,1,1,1,5,1,0,0.0,5.0,5.0,2.0,2,
Company3181,05/01/2009,Boulder,Non-Tech,Finance,4,4.5,4.0,4.0,2,4,5,5,5,5,10,5,5.0,0,0,0,0,0,3,15,1,2,1,0,0,0.0,0.0,3.0,3.0,0,
Company3182,05/06/2013,Los Angeles,Non-Tech,Services,2,4.0,4.0,4.0,2,3,5,4,5,4,3,4,5.0,0,0,0,0,4,4,4,3,2,2,0,0,0.0,0.0,2.0,3.0,0,
Company3183,05/08/1995,Durham,Non-Tech,Services,4,5.0,5.0,3.0,1,5,5,5,5,5,2,5,5.0,3,5,3,0,5,5,5,4,3,1,5,5,0.0,3.0,4.0,3.0,4,
Company3184,08/07/2013,San Francisco,Tech,Services,4,4.5,4.0,6.0,1,4,5,4,8,8,3,6,5.0,3,4,3,0,0,10,5,2,4,3,4,4,4.0,3.0,3.0,7.5,0,
Company3185,09/09/2013,Boulder,Non-Tech,Finance,3,7.5,4.0,4.0,2,3,5,5,5,5,1,5,5.0,0,0,0,0,0,2,1,2,1,1,0,0,0.0,0.0,1.0,3.0,0,
Company3186,05/04/2012,Boulder,Non-Tech,Services,2,3.0,4.0,3.0,1,4,5,4,5,5,2,5,5.0,3,2,0,1,3,5,5,1,2,5,1,0,1.0,1.0,2.0,3.0,0,
Company3187,10/12/2013,"Washington, D.C.",Non-Tech,Finance,3,4.0,3.0,3.0,1,2,2,5,5,10,1,5,5.0,0,0,0,0,0,3,1,1,1,1,0,0,0.0,0.0,1.0,3.0,0,
Company3188,03/16/2007,San Jose,Tech,Services,4,5.0,2.0,4.0,1,2,5,4,4,5,3,4,5.0,0,0,5,3,0,5,2,5,1,5,0,0,5.0,0.0,5.0,3.0,0,
Company3189,05/01/2010,Memphis,Non-Tech,Finance,4,5.0,6.0,5.0,2,2,5,4,4,5,4,4,5.0,0,0,0,0,0,3,4,1,2,1,0,0,0.0,0.0,3.0,3.0,0,
Company3190,12/11/2012,Boston,Non-Tech,Services,4,5.0,4.0,4.0,2,3,5,4,4,4,3,5,5.0,3,0,4,3,0,3,4,4,5,5,5,0,2.0,3.0,5.0,2.0,0,
Company3191,08/14/2009,Chicago,Non-Tech,Finance,4,5.0,4.0,4.0,1,2,5,5,5,5,2,5,5.0,0,0,0,0,0,3,5,1,4,1,0,0,0.0,0.0,2.0,3.0,0,
Company3192,11/08/2013,Boston,Non-Tech,Finance,3,5.0,3.0,4.0,3,2,5,4,4,4,3,4,4.0,0,0,0,0,0,5,4,1,1,3,0,0,0.0,0.0,1.0,3.0,0,
Company3193,08/27/1999,San Francisco,Tech,Services,3,5.0,5.0,3.0,1,2,5,4,4,5,2,3,5.0,3,5,0,4,0,2,4,1,3,1,0,0,4.0,0.0,2.0,3.0,4,
Company3194,02/09/2010,San Francisco,Tech,Services,12,5.0,4.0,4.0,3,3,5,4,5,5,6,5,5.0,2,2,3,2,4,5,3,1,3,5,3,3,3.0,0.0,2.0,2.0,5,
Company3195,09/28/2008,Los Angeles,Non-Tech,Finance,2,4.0,4.0,4.0,6,3,5,5,5,5,2,5,5.0,0,0,0,0,0,2,1,3,1,3,0,0,0.0,0.0,5.0,2.0,0,
Company3196,09/19/2009,Riverside,Non-Tech,Services,3,4.0,3.0,5.0,1,3,5,4,4,5,3,4,5.0,0,2,4,4,4,3,5,1,3,3,3,4,2.0,2.0,2.0,2.0,3,
Company3197,08/20/2004,Philadelphia,Non-Tech,Services,4,5.0,5.0,3.0,1,5,5,5,5,5,2,5,5.0,1,0,4,1,3,4,4,1,5,2,3,2,2.0,2.0,4.0,7.5,5,
Company3198,12/31/1997,Los Angeles,Non-Tech,Services,3,4.0,5.0,4.0,1,2,5,4,4,5,4,4,4.0,3,5,5,4,5,4,5,4,3,4,5,4,4.0,4.0,3.0,1.0,5,
Company3199,09/01/2001,San Francisco,Tech,Finance,3,4.0,4.0,5.0,2,3,5,5,5,5,1,5,5.0,3,0,2,1,0,2,3,2,5,3,2,3,0.0,5.0,2.0,3.0,1,
Company3200,04/19/2013,San Francisco,Tech,Finance,2,2.0,4.0,5.0,3,3,4,4,4,5,3,4,5.0,0,0,0,0,0,1,5,1,1,1,0,0,0.0,0.0,1.0,3.0,0,
Company3201,01/22/2011,Richmond,Non-Tech,Services,2,3.0,4.0,4.0,2,3,5,5,5,5,3,5,5.0,0,0,0,0,0,1,1,1,2,1,0,0,0.0,0.0,2.0,3.0,0,
Company3202,12/17/2013,Omaha,Non-Tech,Finance,3,5.0,4.0,4.0,2,2,5,5,5,5,4,5,5.0,0,0,0,0,0,5,2,2,1,2,0,0,0.0,0.0,2.0,3.0,0,
Company3203,05/01/2010,Detroit,Non-Tech,Finance,2,5.0,4.0,3.0,2,2,5,4,4,5,4,5,5.0,0,0,0,3,0,3,4,1,2,1,0,2,0.0,0.0,3.0,3.0,0,
Company3204,10/06/2010,"Washington, D.C.",Non-Tech,Services,4,5.0,4.0,7.5,2,4,5,5,5,5,1,5,5.0,2,2,4,3,4,2,4,2,3,1,4,2,5.0,4.0,3.0,3.0,3,
Company3205,02/01/2012,San Francisco,Tech,Services,15,7.5,4.5,6.0,2,4,5,10,10,5,3,5,5.0,6,0,0,0,12,1,3,3,2,5,0,0,0.0,0.0,5.0,7.5,0,
Company3206,09/13/2006,Philadelphia,Non-Tech,Finance,2,5.0,4.0,4.0,2,2,5,5,4,5,5,5,5.0,3,0,4,3,3,5,5,1,4,1,5,5,0.0,0.0,3.0,2.0,0,
Company3207,08/18/2012,San Jose,Tech,Services,2,5.0,4.0,4.0,2,3,5,4,4,5,2,3,5.0,2,0,4,0,4,4,4,2,1,4,0,3,1.0,4.0,2.0,3.0,4,
Company3208,11/01/2006,New York,Tech,Services,6,4.0,6.0,7.5,1,2,10,10,8,10,5,6,7.5,0,2,2,3,12,2,5,1,2,1,2,0,2.5,2.5,2.5,7.5,5,
Company3209,11/25/2008,San Francisco,Tech,Finance,4,5.0,4.0,4.0,1,3,5,4,5,5,1,5,5.0,0,0,0,0,0,4,3,1,4,1,0,0,0.0,0.0,3.0,3.0,0,
Company3210,05/02/2013,San Antonio,Non-Tech,Services,2,3.0,4.0,6.0,4,2,10,10,5,10,4,5,7.5,0,4,12,3,12,20,4,3,3,25,2,2,2.5,0.0,5.0,7.5,25,
Company3211,07/30/2010,San Francisco,Tech,Services,5,7.5,6.0,4.0,2,2,5,3,4,5,10,2,5.0,0,8,0,0,0,5,4,5,5,5,10,0,0.0,0.0,5.0,0.0,5,
Company3212,06/07/2013,Philadelphia,Non-Tech,Services,3,5.0,4.0,4.0,2,3,5,4,5,5,2,5,5.0,0,0,0,0,0,5,4,1,2,4,0,0,0.0,0.0,2.0,1.0,0,
Company3213,03/19/2009,New York,Tech,Finance,4,5.0,4.0,4.0,1,2,5,4,5,4,3,5,4.0,0,0,0,0,0,3,4,1,2,2,0,0,0.0,0.0,2.0,2.0,0,
Company3214,12/28/2011,San Francisco,Tech,Finance,3,5.0,4.0,4.0,1,4,5,6,8,8,5,6,4.0,0,0,0,0,0,10,4,1,1,1,0,0,0.0,0.0,3.0,3.0,0,
Company3215,03/07/2011,San Francisco,Tech,Finance,4,5.0,5.0,5.0,1,2,5,5,5,5,1,5,5.0,3,0,3,2,3,5,1,2,3,2,0,0,3.0,4.0,2.0,1.0,4,
Company3216,11/26/2009,San Francisco,Tech,Services,3,5.0,4.0,4.0,1,2,5,4,5,5,3,5,4.0,3,2,3,1,4,5,4,1,2,5,2,2,3.0,1.0,2.0,3.0,5,
Company3217,02/09/2000,Phoenix,Non-Tech,Other,12,4.0,4.0,6.0,1,2,5,5,5,5,2,5,5.0,0,0,0,0,0,4,1,1,2,1,0,0,0.0,0.0,1.0,3.0,0,
Company3218,12/04/1999,Philadelphia,Non-Tech,Finance,3,4.0,4.0,4.0,2,2,5,5,5,5,2,5,5.0,2,2,4,2,4,5,5,3,3,5,3,0,3.0,4.0,2.0,3.0,5,
Company3219,04/06/1998,Seattle,Non-Tech,Finance,3,2.0,4.0,7.5,1,4,2,5,4,5,4,10,7.5,0,0,0,0,0,2,1,3,1,5,0,0,0.0,0.0,2.5,7.5,0,
Company3220,06/05/2012,San Francisco,Tech,Finance,4,4.0,5.0,3.0,1,2,2,5,5,5,1,5,5.0,0,0,0,0,0,2,1,1,1,1,0,0,0.0,0.0,1.0,3.0,0,
Company3221,03/09/1998,New York,Tech,Services,2,5.0,4.0,5.0,1,3,5,5,5,4,2,3,4.0,3,3,0,2,4,5,4,1,2,5,2,2,2.0,1.0,3.0,1.0,5,
Company3222,07/04/2011,Boulder,Non-Tech,Services,4,7.5,6.0,6.0,2,4,5,6,4,5,2,5,5.0,0,0,0,0,0,3,15,5,3,5,0,0,5.0,0.0,10.0,2.5,3,
Company3223,03/09/1998,New York,Tech,Finance,3,5.0,4.0,4.0,1,2,5,5,5,4,2,3,4.0,0,0,5,0,4,5,4,2,1,2,2,0,2.0,0.0,3.0,3.0,3,
Company3224,08/14/2009,Cleveland,Non-Tech,Finance,4,5.0,4.0,4.0,1,2,5,5,5,5,4,5,5.0,0,0,0,0,0,2,5,1,4,1,0,0,0.0,0.0,2.0,3.0,0,
Company3225,11/27/2011,Omaha,Non-Tech,Finance,12,7.5,4.5,6.0,4,4,10,8,10,8,4,10,7.5,0,0,0,0,0,15,3,3,1,10,0,0,0.0,0.0,5.0,7.5,0,
Company3226,04/23/2013,Nashville,Non-Tech,Finance,2,3.0,4.0,4.0,2,2,5,5,5,5,1,5,5.0,0,0,0,0,0,3,1,1,2,1,0,0,0.0,0.0,2.0,3.0,0,23712000.0
Company3227,04/21/2007,Houston,Non-Tech,Finance,4,3.0,5.0,4.0,2,2,5,4,4,5,5,4,4.0,0,0,4,0,0,5,5,2,3,1,0,0,0.0,0.0,2.0,2.0,3,
Company3228,08/01/2008,Charlotte,Non-Tech,Finance,4,5.0,4.0,4.0,2,2,5,4,4,4,4,4,4.0,0,0,0,0,0,5,5,4,4,4,0,0,0.0,0.0,5.0,1.0,0,
Company3229,04/18/2008,San Francisco,Tech,Finance,3,4.0,4.0,4.0,2,2,5,4,4,5,1,5,5.0,0,0,0,0,0,2,2,1,4,1,0,0,0.0,0.0,3.0,3.0,0,
Company3230,01/31/2012,Tucson,Non-Tech,Finance,9,7.5,6.0,7.5,1,4,10,4,8,5,10,5,5.0,1,10,4,3,3,25,15,4,1,4,3,2,1.0,2.5,2.0,7.5,25,
Company3231,11/22/2012,San Francisco,Tech,Services,2,3.0,4.0,4.0,2,2,5,4,5,5,4,5,7.5,3,3,4,2,4,3,5,3,1,5,1,0,3.0,0.0,2.0,3.0,3,
Company3232,11/27/2011,Denver,Non-Tech,Services,4,7.5,4.0,7.5,2,2,5,8,8,8,4,8,6.0,0,0,0,0,0,5,5,3,5,10,0,0,0.0,0.0,2.0,3.0,0,
Company3233,11/08/2013,San Francisco,Tech,Services,3,5.0,3.0,4.0,3,2,5,4,4,4,3,4,4.0,0,0,0,0,0,5,4,1,1,3,0,0,0.0,0.0,5.0,1.0,0,
Company3234,09/20/2013,San Francisco,Tech,Finance,3,5.0,3.0,4.0,2,3,5,5,5,5,2,5,5.0,0,0,0,0,0,3,1,1,1,1,0,0,0.0,0.0,2.0,3.0,0,
Company3235,03/17/2007,Indianapolis,Non-Tech,Services,2,3.0,4.0,4.0,3,2,5,5,5,5,1,5,5.0,0,0,2,2,0,5,1,1,1,2,3,3,0.0,1.0,2.0,1.0,2,
Company3236,12/18/1998,Boulder,Non-Tech,Services,4,5.0,4.0,4.0,4,3,5,5,4,4,2,4,3.0,2,3,5,3,4,5,5,2,3,4,3,4,3.0,1.0,3.0,1.0,5,
Company3237,06/01/2012,Boulder,Non-Tech,Services,2,1.0,4.0,5.0,1,4,4,4,5,5,3,5,5.0,2,2,4,0,0,1,2,1,1,1,0,0,0.0,1.0,1.0,3.0,5,
Company3238,10/18/2012,New York,Tech,Services,2,2.0,4.0,5.0,2,3,5,5,5,5,2,5,5.0,2,2,4,1,12,5,3,1,1,2,1,1,1.0,1.0,7.5,3.0,3,
Company3239,01/31/2012,New York,Tech,Services,6,6.0,6.0,7.5,6,3,10,10,8,10,4,6,7.5,3,10,5,3,12,25,15,15,3,5,4,4,5.0,2.5,4.0,7.5,5,
Company3240,09/26/2009,Palo Alto,Non-Tech,Finance,1,2.0,4.0,4.0,2,1,5,4,4,5,1,5,5.0,0,0,0,0,4,1,1,1,4,1,0,0,0.0,0.0,1.0,1.0,0,
Company3241,10/06/2010,San Jose,Tech,Services,3,5.0,4.0,5.0,2,3,5,4,5,5,4,4,5.0,2,2,4,0,0,5,5,2,3,4,0,2,3.0,4.0,3.0,3.0,3,
Company3242,09/21/2007,San Francisco,Tech,Finance,3,5.0,4.0,4.0,2,5,5,5,5,5,2,5,5.0,0,0,0,0,0,4,5,2,2,1,0,0,0.0,0.0,4.0,3.0,0,96524000.0
Company3243,12/31/1997,Newark,Non-Tech,Services,4,4.0,4.0,5.0,4,3,5,4,4,5,1,4,5.0,1,2,2,1,4,4,5,1,1,3,0,0,5.0,0.0,4.0,2.0,1,
Company3244,08/14/2009,Tucson,Non-Tech,Finance,4,5.0,4.0,4.0,1,2,5,5,5,5,2,5,5.0,0,0,0,0,0,3,5,1,4,1,0,0,0.0,0.0,2.0,3.0,0,
Company3245,01/20/2012,Tucson,Non-Tech,Services,2,7.5,6.0,4.0,1,5,5,6,5,8,10,6,6.0,15,0,0,9,9,25,15,3,5,2,10,0,1.0,2.5,12.5,3.0,20,
Company3246,11/26/2010,Louisville,Non-Tech,Services,4,5.0,4.0,4.0,2,3,5,5,5,5,3,4,4.0,0,3,0,3,0,4,5,5,3,3,3,0,0.0,0.0,4.0,2.0,4,
Company3247,02/09/2000,Los Angeles,Non-Tech,Finance,3,6.0,4.0,4.0,1,2,5,5,5,5,1,10,5.0,0,0,0,0,0,1,1,1,2,1,0,0,0.0,0.0,3.0,3.0,0,
Company3248,09/19/2009,Albuquerque,Non-Tech,Services,3,5.0,4.0,4.0,1,3,5,4,5,5,1,4,5.0,0,0,0,4,0,3,5,1,3,3,5,4,4.0,0.0,3.0,3.0,4,
Company3249,03/18/2011,San Francisco,Tech,Services,3,5.0,4.0,4.0,2,2,5,3,4,5,2,5,4.0,4,0,0,0,0,5,5,1,2,2,2,0,0.0,5.0,5.0,2.0,0,
Company3250,04/18/2006,Boulder,Non-Tech,Services,1,2.0,4.0,4.0,1,5,5,5,5,5,1,5,5.0,2,1,2,1,1,1,3,1,2,1,2,1,4.0,5.0,3.0,3.0,5,
Company3251,05/05/2007,San Francisco,Tech,Finance,4,5.0,4.0,4.0,2,3,5,5,4,4,2,4,4.0,0,2,0,0,0,3,2,2,3,1,2,0,2.0,3.0,3.0,3.0,5,
Company3252,06/15/2010,Philadelphia,Non-Tech,Finance,12,7.5,6.0,6.0,4,4,10,5,5,5,10,6,5.0,0,0,15,0,0,2,1,12,1,1,0,0,7.5,2.5,5.0,5.0,20,
Company3253,03/30/2002,Seattle,Non-Tech,Finance,4,5.0,4.0,5.0,1,4,5,5,5,5,2,4,5.0,0,0,0,0,0,3,5,1,4,2,0,0,0.0,0.0,3.0,3.0,0,
Company3254,02/21/2013,San Francisco,Tech,Services,3,4.0,4.0,4.0,2,2,5,5,5,5,1,5,5.0,0,0,0,0,0,2,1,1,1,1,0,0,0.0,0.0,1.0,3.0,0,
Company3255,06/20/2011,Long Beach,Non-Tech,Services,2,5.0,5.0,3.0,2,1,5,3,5,5,2,5,4.0,0,2,0,0,3,3,5,2,4,1,4,1,3.0,1.0,1.0,2.0,0,
Company3256,12/23/2005,Los Angeles,Non-Tech,Services,3,5.0,4.0,4.0,1,3,5,5,4,4,4,4,4.0,3,4,4,0,0,5,3,2,4,3,3,3,0.0,4.0,2.0,2.0,0,
Company3257,09/26/2003,San Jose,Tech,Finance,2,4.0,5.0,4.0,1,3,5,2,4,5,5,5,5.0,0,0,0,0,0,2,3,2,1,1,0,0,0.0,0.0,3.0,3.0,0,
Company3258,06/18/2007,Mountain View,Non-Tech,Finance,12,6.0,3.0,6.0,2,4,5,8,10,10,6,10,7.5,0,0,12,15,9,20,3,6,3,2,10,0,7.5,7.5,5.0,3.0,0,
Company3259,06/30/2001,Boulder,Non-Tech,Finance,2,7.5,4.0,4.0,2,3,2,5,5,10,3,5,4.0,0,0,0,0,0,3,3,2,2,1,0,0,0.0,0.0,2.0,5.0,0,
Company3260,04/03/2010,New York,Tech,Finance,1,2.0,4.0,4.0,2,1,1,5,4,5,1,4,5.0,0,0,0,0,0,1,1,1,1,1,0,0,0.0,0.0,1.0,3.0,0,
Company3261,10/23/1999,Long Beach,Non-Tech,Other,4,5.0,4.0,3.0,1,5,5,5,5,4,2,5,4.0,0,5,2,4,1,2,5,3,2,1,5,5,5.0,4.0,4.0,3.0,5,
Company3262,07/23/2011,San Francisco,Tech,Services,1,1.5,5.0,4.0,5,1,1,5,5,5,1,10,5.0,0,0,0,0,0,1,1,1,1,1,0,0,0.0,0.0,1.0,3.0,0,
Company3263,01/07/2011,Boulder,Non-Tech,Services,2,5.0,4.0,4.0,2,3,5,5,4,5,5,5,5.0,0,0,0,0,0,3,4,1,4,5,0,0,0.0,0.0,3.0,2.0,0,
Company3264,05/01/1998,San Francisco,Tech,Finance,4,4.0,4.0,5.0,2,4,5,4,4,4,4,3,4.0,3,0,0,0,0,3,5,4,5,3,0,0,0.0,3.0,5.0,2.0,0,
Company3265,09/13/1999,San Francisco,Tech,Other,4,4.0,4.0,4.0,2,2,5,5,5,5,1,5,5.0,0,0,0,0,0,2,2,1,2,1,0,0,0.0,0.0,2.0,3.0,0,
Company3266,11/04/2011,San Francisco,Tech,Finance,2,4.0,4.0,4.0,1,2,5,5,5,5,3,5,5.0,0,0,0,0,0,1,1,1,5,1,0,0,0.0,0.0,2.0,3.0,0,
Company3267,09/08/2010,Philadelphia,Non-Tech,Finance,2,5.0,4.0,5.0,2,3,5,5,4,5,5,4,6.0,0,0,0,0,0,5,5,5,5,5,0,0,0.0,0.0,5.0,0.0,0,
Company3268,02/16/2012,Philadelphia,Non-Tech,Services,4,5.0,6.0,4.0,1,3,10,5,4,5,2,5,5.0,0,0,0,0,0,5,3,1,3,4,0,0,0.0,0.0,2.0,2.0,0,
Company3269,07/04/2008,Los Angeles,Non-Tech,Services,12,7.5,6.0,6.0,4,6,5,2,8,5,1,8,5.0,0,0,0,0,4,20,3,2,2,1,3,0,0.0,2.0,2.0,5.0,0,
Company3270,03/28/2009,San Francisco,Tech,Services,1,4.0,4.0,4.0,1,5,5,5,4,5,5,5,5.0,2,1,2,1,0,1,4,2,2,1,2,5,0.0,3.0,3.0,3.0,5,
Company3271,03/05/1996,Denver,Non-Tech,Finance,12,7.5,6.0,6.0,2,4,10,8,5,10,6,10,7.5,0,0,0,0,0,10,3,3,3,10,0,0,0.0,0.0,12.5,7.5,0,
Company3272,08/05/2011,New York,Tech,Finance,4,5.0,4.0,5.0,2,2,5,4,4,5,5,4,5.0,1,0,0,0,0,5,5,3,5,5,0,0,0.0,0.0,2.0,3.0,2,
Company3273,10/17/1995,San Francisco,Tech,Services,4,5.0,4.0,5.0,1,4,5,4,4,4,5,3,4.0,3,4,3,1,4,5,5,5,5,3,5,5,5.0,3.0,5.0,2.0,5,
Company3274,07/17/2009,San Francisco,Tech,Services,4,4.0,4.0,5.0,1,2,5,5,5,5,2,5,5.0,3,0,0,0,4,5,5,1,2,1,1,1,1.0,3.0,2.0,3.0,5,
Company3275,08/03/2012,Detroit,Non-Tech,Finance,2,5.0,2.0,5.0,2,2,2,4,4,4,2,5,5.0,0,0,0,0,0,4,2,1,2,2,0,0,0.0,0.0,2.0,3.0,0,
Company3276,10/04/2012,Phoenix,Non-Tech,Finance,4,4.0,4.0,5.0,3,2,5,5,4,5,2,5,5.0,0,0,0,0,0,2,5,2,1,1,0,0,0.0,0.0,2.0,2.0,0,
Company3277,08/24/1996,Dallas,Non-Tech,Services,3,5.0,4.0,4.0,1,2,5,3,4,5,3,5,5.0,3,4,4,1,4,4,5,3,3,4,5,5,5.0,3.0,2.0,3.0,5,
Company3278,11/05/2009,San Francisco,Tech,Services,3,7.5,4.0,3.0,2,3,5,5,5,8,2,5,6.0,15,8,4,3,0,25,5,2,1,20,10,10,0.0,0.0,12.5,3.0,20,
Company3279,11/05/2011,Boston,Non-Tech,Finance,3,1.0,5.0,4.0,2,4,5,5,4,5,2,3,5.0,0,4,4,0,4,5,2,1,1,2,0,0,2.0,0.0,2.0,3.0,0,
Company3280,08/15/2005,San Francisco,Tech,Services,9,7.5,4.5,7.5,4,4,10,8,8,8,10,6,6.0,3,8,12,3,12,5,15,3,2,5,2,4,5.0,12.5,10.0,5.0,20,
Company3281,03/26/2005,Boulder,Non-Tech,Services,4,5.0,4.0,4.0,2,2,5,4,4,4,3,3,3.0,0,3,2,2,5,5,5,1,2,4,1,4,1.0,2.0,5.0,3.0,0,
Company3282,06/17/2010,San Francisco,Tech,Services,1,1.0,4.0,4.0,1,2,5,4,4,5,3,4,5.0,4,4,4,2,4,2,3,2,1,1,3,2,3.0,4.0,2.0,3.0,4,
Company3283,07/04/2008,Miami,Non-Tech,Finance,6,4.5,4.0,7.5,2,2,5,4,5,5,4,5,5.0,2,3,0,3,4,4,4,3,1,4,0,3,1.0,4.0,2.0,3.0,4,
Company3284,03/18/2007,San Francisco,Tech,Services,3,3.0,4.0,4.0,2,2,5,4,5,5,3,4,5.0,3,5,5,3,4,3,5,2,5,2,3,4,3.0,1.0,2.0,3.0,3,
Company3285,10/04/2013,Boulder,Non-Tech,Finance,3,7.5,4.5,4.0,4,4,5,8,8,5,10,4,5.0,0,0,0,0,0,20,15,15,3,15,0,0,0.0,0.0,5.0,7.5,0,
Company3286,03/31/2011,Chicago,Non-Tech,Finance,5,5.0,4.0,4.0,1,3,5,4,4,4,3,4,4.0,0,0,0,0,4,5,3,1,3,1,0,0,0.0,3.0,4.0,2.0,0,
Company3287,06/01/2010,New York,Tech,Services,3,5.0,4.0,4.0,2,4,5,5,4,4,2,4,4.0,3,2,4,5,4,2,5,2,5,3,5,2,5.0,1.0,5.0,2.0,4,
Company3288,05/18/1998,San Francisco,Tech,Services,4,5.0,4.0,6.0,2,4,3,4,8,5,2,5,6.0,15,4,0,5,12,4,5,6,5,1,4,0,4.0,5.0,1.0,2.0,0,
Company3289,11/08/2013,New York,Tech,Services,3,5.0,3.0,4.0,3,2,5,4,5,4,4,4,4.0,0,0,0,0,0,5,4,1,1,3,0,0,0.0,0.0,1.0,3.0,0,
Company3290,08/13/2011,San Jose,Tech,Finance,3,5.0,4.0,4.0,2,2,5,5,4,5,5,5,5.0,3,4,3,2,0,4,5,3,5,5,5,0,0.0,2.0,1.0,1.0,3,
Company3291,12/12/2011,San Francisco,Tech,Finance,3,3.0,4.0,7.5,6,4,5,8,5,10,4,5,5.0,0,0,0,0,0,3,5,2,2,15,0,0,0.0,0.0,2.0,3.0,0,
Company3292,12/11/2012,San Francisco,Tech,Services,2,2.0,6.0,4.0,2,2,5,4,5,8,3,5,5.0,3,4,4,0,0,1,1,1,2,2,2,0,2.0,0.0,2.0,2.0,0,
Company3293,12/29/2012,Boulder,Non-Tech,Services,4,5.0,3.0,5.0,1,2,5,4,4,5,5,4,5.0,0,4,0,0,4,3,5,1,5,5,4,4,4.0,0.0,4.0,1.0,3,
Company3294,07/31/2013,Detroit,Non-Tech,Finance,4,3.0,4.0,4.0,2,2,5,4,5,5,1,5,5.0,0,0,0,0,0,3,5,2,1,3,0,0,0.0,0.0,2.0,3.0,0,
Company3295,08/13/2011,Boulder,Non-Tech,Finance,2,2.0,4.0,4.0,1,4,1,4,4,5,4,4,5.0,0,0,0,0,0,1,1,1,1,1,0,0,0.0,0.0,1.0,3.0,0,
Company3296,04/08/2010,San Jose,Tech,Services,3,5.0,4.0,5.0,1,3,5,4,5,5,3,4,5.0,3,3,4,3,0,3,5,3,4,5,5,5,0.0,3.0,3.0,3.0,3,
Company3297,04/22/2010,San Francisco,Tech,Finance,3,5.0,5.0,3.0,1,5,5,5,5,5,2,5,5.0,0,0,0,0,0,2,5,3,2,2,3,3,0.0,0.0,3.0,3.0,5,
Company3298,12/04/1999,New York,Tech,Finance,2,4.0,4.0,4.0,1,3,5,5,5,5,2,5,5.0,0,0,0,0,0,1,1,1,1,1,0,0,0.0,0.0,2.0,3.0,0,
Company3299,05/06/2013,Cleveland,Non-Tech,Finance,2,5.0,4.0,4.0,1,3,5,4,5,4,1,4,5.0,0,0,0,0,0,5,1,2,2,2,0,0,0.0,0.0,2.0,3.0,0,
Company3300,05/07/2010,El Paso,Non-Tech,Finance,2,4.0,5.0,4.0,2,2,3,3,4,4,5,2,3.0,0,4,3,1,5,2,5,3,3,1,3,0,3.0,4.0,2.0,3.0,0,
Company3301,07/01/2006,Riverside,Non-Tech,Finance,9,6.0,6.0,6.0,4,6,10,10,10,10,2,10,7.5,0,0,0,0,0,15,12,3,3,10,0,0,0.0,0.0,7.5,7.5,0,39561000.0
Company3302,06/24/2012,San Francisco,Tech,Finance,4,4.0,5.0,3.0,1,2,5,4,5,5,4,5,5.0,0,0,5,1,0,4,5,1,3,5,0,2,0.0,0.0,3.0,1.0,0,
Company3303,12/17/2013,Phoenix,Non-Tech,Finance,3,3.0,2.0,4.0,2,1,5,5,5,5,2,5,5.0,0,0,0,0,0,4,2,1,1,2,0,0,0.0,0.0,2.0,2.0,0,
Company3304,03/24/2008,Boston,Non-Tech,Finance,3,3.0,5.0,3.0,2,2,5,4,5,5,3,5,5.0,0,0,0,0,0,5,1,1,1,2,0,0,0.0,0.0,1.0,3.0,0,
Company3305,05/02/2008,San Francisco,Tech,Finance,3,7.5,6.0,6.0,1,4,10,8,5,5,1,5,7.5,0,0,0,0,0,3,3,1,4,15,0,0,0.0,0.0,3.0,3.0,0,
Company3306,11/02/2000,San Francisco,Tech,Finance,2,4.0,4.0,4.0,2,3,5,4,5,5,3,5,5.0,0,0,0,1,0,1,1,3,1,1,0,0,0.0,0.0,2.0,3.0,1,
Company3307,01/03/2013,San Francisco,Tech,Finance,2,4.0,4.0,4.0,1,1,5,4,4,4,2,5,4.0,0,0,0,0,0,2,1,1,1,1,0,0,0.0,0.0,1.0,3.0,0,
Company3308,03/05/1996,San Jose,Tech,Services,3,2.0,4.0,4.0,1,2,5,4,5,5,4,5,5.0,1,2,4,1,0,2,3,1,2,1,1,0,1.0,2.0,1.0,3.0,0,
Company3309,12/18/1998,San Francisco,Tech,Services,4,5.0,4.0,4.0,2,2,5,4,4,4,3,4,3.0,2,3,2,2,5,5,5,3,5,4,1,4,1.0,2.0,2.0,1.0,4,
Company3310,12/20/2003,Milwaukee,Non-Tech,Services,3,3.0,4.0,4.0,1,3,5,4,4,5,5,5,5.0,3,5,5,3,4,3,5,2,1,5,3,4,3.0,5.0,1.0,2.0,5,
Company3311,11/25/2009,El Paso,Non-Tech,Finance,2,7.5,4.0,4.0,2,6,10,5,8,5,6,5,6.0,0,0,5,1,4,2,1,2,1,1,3,4,2.0,1.0,2.0,5.0,20,
Company3312,09/26/2012,Cambridge,Non-Tech,Services,6,3.0,6.0,6.0,4,4,10,8,10,10,6,10,7.5,9,8,12,3,12,10,12,6,1,10,2,2,2.5,2.5,5.0,7.5,15,29541000.0
Company3313,08/11/2010,San Francisco,Tech,Finance,2,4.0,4.0,5.0,2,2,5,4,4,5,3,4,5.0,0,0,0,0,3,2,1,1,2,1,0,0,0.0,0.0,2.0,3.0,0,
Company3314,05/01/1998,San Francisco,Tech,Finance,4,5.0,4.0,5.0,2,4,5,4,4,5,4,3,4.0,0,0,0,0,0,5,5,4,5,3,3,0,0.0,0.0,5.0,2.0,0,
Company3315,11/16/2012,Baltimore,Non-Tech,Finance,3,5.0,4.0,4.0,2,2,5,5,5,5,4,5,5.0,0,0,0,0,0,3,4,1,2,1,0,0,0.0,0.0,1.0,3.0,0,
Company3316,05/01/2009,San Francisco,Tech,Finance,4,5.0,4.0,5.0,2,2,5,4,4,4,3,5,4.0,1,0,0,0,4,5,5,2,3,1,0,0,0.0,0.0,4.0,1.0,0,
Company3317,10/26/2009,San Francisco,Tech,Services,4,5.0,0.0,5.0,1,3,5,5,5,5,2,5,5.0,1,4,4,2,4,2,5,2,4,3,2,1,2.0,0.0,5.0,1.0,5,
Company3318,10/06/2007,San Francisco,Tech,Services,5,4.0,5.0,3.0,1,2,10,5,4,5,6,10,4.0,0,8,4,15,4,5,1,6,4,1,0,0,0.0,7.5,5.0,3.0,0,
Company3319,06/01/2010,San Francisco,Tech,Finance,5,5.0,3.0,5.0,2,2,5,4,4,5,2,4,5.0,0,2,4,0,4,5,5,2,4,2,0,0,5.0,0.0,5.0,2.0,4,
Company3320,07/16/2012,San Francisco,Tech,Services,3,5.0,4.0,4.0,1,2,5,4,5,5,3,5,7.5,3,0,3,0,4,1,5,1,2,1,0,4,4.0,3.0,1.0,2.0,0,
Company3321,01/01/2000,New York,Tech,Services,3,5.0,4.0,4.0,2,5,5,5,5,5,2,5,5.0,2,2,2,1,3,2,1,1,1,1,4,1,1.0,5.0,1.0,3.0,2,
Company3322,03/15/2011,San Francisco,Tech,Finance,4,5.0,4.0,4.0,2,2,5,5,4,4,1,3,5.0,0,2,0,0,0,4,1,1,2,1,3,0,3.0,5.0,4.0,3.0,0,
Company3323,12/02/2007,Los Angeles,Non-Tech,Finance,2,6.0,4.0,4.0,1,4,5,10,5,5,1,4,5.0,0,0,0,0,0,2,1,3,1,1,0,0,0.0,0.0,2.0,3.0,0,
Company3324,12/02/2007,San Diego,Non-Tech,Services,5,5.0,4.0,4.0,2,2,5,3,5,4,5,3,5.0,0,0,0,0,0,3,5,1,5,1,0,0,0.0,0.0,4.0,2.0,0,
Company3325,05/06/2013,Kansas City,Non-Tech,Services,2,3.0,4.0,4.0,1,3,5,5,4,5,1,5,5.0,0,0,0,0,0,1,1,1,2,1,0,0,0.0,0.0,2.0,3.0,0,
Company3326,08/25/2006,Boston,Non-Tech,Finance,1,3.0,4.0,2.0,1,1,5,5,5,5,3,5,5.0,0,0,0,0,0,3,4,1,2,1,0,0,0.0,0.0,2.0,3.0,0,
Company3327,01/07/2011,San Francisco,Tech,Services,2,5.0,4.0,4.0,2,3,5,5,5,5,2,3,5.0,0,0,0,0,0,1,4,1,1,1,0,0,0.0,0.0,3.0,2.0,3,
Company3328,12/17/2006,San Francisco,Tech,Finance,2,4.0,4.0,4.0,2,5,5,5,4,4,2,4,5.0,0,0,0,0,0,1,1,3,1,1,0,0,0.0,0.0,2.0,1.0,0,
Company3329,12/23/2012,Bellevue,Non-Tech,Services,2,5.0,3.0,5.0,2,1,4,4,4,4,4,4,4.0,0,0,0,0,0,3,4,1,1,2,0,0,0.0,0.0,2.0,3.0,0,
Company3330,05/01/2010,San Francisco,Tech,Finance,2,5.0,4.0,5.0,1,2,5,5,4,5,4,4,5.0,0,0,0,0,0,3,1,1,2,1,0,0,0.0,0.0,2.0,3.0,0,
Company3331,07/12/2013,Nashville,Non-Tech,Finance,4,4.0,4.0,3.0,1,2,5,4,5,5,5,5,4.0,0,0,0,0,0,3,5,2,4,5,0,0,0.0,0.0,3.0,2.0,0,
Company3332,08/14/2009,New York,Tech,Services,4,6.0,6.0,5.0,2,3,5,10,5,10,2,5,7.5,2,4,12,3,12,15,15,1,4,1,1,2,1.0,0.0,7.5,3.0,0,
Company3333,03/18/2011,Pittsburgh,Non-Tech,Services,12,7.5,6.0,4.0,2,3,5,10,10,10,2,10,7.5,0,0,0,0,12,5,15,3,2,4,0,2,0.0,2.5,2.0,7.5,0,
Company3334,08/13/2011,"Washington, D.C.",Non-Tech,Finance,3,4.0,3.0,4.0,2,1,1,4,4,5,2,5,5.0,0,0,0,3,0,1,1,1,1,1,1,0,0.0,3.0,2.0,3.0,0,
Company3335,03/05/1996,San Francisco,Tech,Services,5,5.0,4.0,4.0,2,2,5,4,4,4,4,3,4.0,2,0,4,1,4,4,5,1,3,1,1,4,1.0,3.0,1.0,3.0,5,
Company3336,06/16/2012,Los Angeles,Non-Tech,Services,1,2.0,4.0,5.0,3,1,1,4,4,5,3,4,5.0,3,0,0,0,0,1,1,1,1,1,0,0,0.0,0.0,1.0,3.0,0,
Company3337,12/06/2013,Atlanta,Non-Tech,Services,2,3.0,4.0,4.0,1,2,5,5,5,5,1,5,5.0,0,0,0,0,0,2,4,2,2,2,0,0,0.0,4.0,1.0,3.0,0,
Company3338,12/17/2013,San Jose,Tech,Finance,3,4.0,2.0,4.0,2,1,5,5,5,5,2,3,5.0,0,0,0,2,0,4,2,1,1,2,0,0,0.0,2.0,2.0,2.0,0,
Company3339,03/03/2012,San Francisco,Tech,Services,9,7.5,6.0,6.0,2,10,10,8,8,8,8,8,7.5,0,0,0,0,0,10,15,6,4,10,0,0,0.0,0.0,12.5,5.0,0,
Company3340,01/14/2011,San Jose,Tech,Services,2,7.5,6.0,6.0,4,4,10,4,10,10,3,4,7.5,9,8,12,0,0,25,15,3,2,25,0,8,7.5,2.5,10.0,7.5,20,
Company3341,10/11/2010,San Francisco,Tech,Services,3,4.0,4.0,4.0,2,2,5,4,5,5,4,5,5.0,3,4,4,2,4,3,5,1,5,4,3,3,3.0,3.0,5.0,3.0,5,
Company3342,04/08/2010,San Francisco,Tech,Other,3,5.0,3.0,5.0,2,1,1,4,5,5,4,5,5.0,0,0,3,3,4,4,3,1,3,1,0,0,0.0,0.0,1.0,3.0,5,
Company3343,11/22/2009,New York,Tech,Finance,2,5.0,5.0,4.0,1,5,5,5,4,4,2,4,4.0,0,0,0,0,0,3,5,1,1,2,0,0,0.0,0.0,2.0,3.0,0,
Company3344,08/25/2006,San Jose,Tech,Finance,2,3.0,4.0,4.0,1,3,5,4,5,5,5,5,5.0,0,0,0,0,0,3,4,1,2,1,0,0,0.0,0.0,2.0,3.0,0,
Company3345,09/10/1998,San Francisco,Tech,Finance,5,4.0,4.0,4.0,2,2,5,4,4,4,4,5,5.0,0,0,0,0,0,4,5,9,3,1,0,0,0.0,0.0,2.0,7.5,0,
Company3346,06/14/2013,Palo Alto,Non-Tech,Finance,2,3.0,4.0,5.0,1,2,5,4,5,5,2,5,5.0,0,0,0,0,0,1,1,1,2,1,0,0,0.0,0.0,3.0,2.0,0,
Company3347,02/19/2010,Chicago,Non-Tech,Finance,5,4.0,4.0,4.0,2,5,5,4,5,5,5,3,5.0,1,0,0,0,0,2,5,3,1,5,0,0,0.0,0.0,2.0,1.0,0,
Company3348,10/18/2012,Los Angeles,Non-Tech,Finance,1,4.0,4.0,5.0,2,3,5,5,5,5,1,5,5.0,0,0,0,0,4,1,5,1,1,1,2,0,2.0,4.0,2.0,3.0,1,
Company3349,06/29/1997,San Francisco,Tech,Services,3,5.0,4.0,4.0,1,5,5,3,4,5,3,3,5.0,3,5,5,1,4,5,5,5,2,5,2,2,2.0,2.0,2.0,1.0,5,
Company3350,04/12/2012,San Francisco,Tech,Finance,2,5.0,4.0,4.0,1,2,5,5,4,5,2,4,4.0,0,5,0,0,0,2,5,1,1,1,0,0,5.0,0.0,3.0,3.0,5,
Company3351,12/23/2005,New York,Tech,Services,5,5.0,4.0,4.0,1,6,5,5,4,4,2,5,7.5,3,4,4,4,4,5,5,2,4,3,3,3,1.0,4.0,5.0,2.0,0,
Company3352,05/01/2009,San Francisco,Tech,Finance,4,5.0,4.0,5.0,2,4,5,5,5,5,2,4,5.0,0,0,0,0,0,5,2,1,4,5,0,0,0.0,0.0,3.0,3.0,0,
Company3353,03/03/2012,San Francisco,Tech,Finance,12,7.5,6.0,6.0,2,6,10,5,5,5,1,8,5.0,0,0,0,0,0,1,4,1,1,1,0,0,0.0,0.0,7.5,5.0,0,
Company3354,08/02/1995,San Jose,Tech,Services,3,5.0,4.0,4.0,2,2,5,4,4,4,5,5,4.0,2,4,5,3,4,3,5,5,1,1,3,4,4.0,4.0,3.0,2.0,5,
Company3355,04/17/2009,Long Beach,Non-Tech,Finance,4,5.0,3.0,4.0,2,2,5,5,4,5,2,4,5.0,0,0,0,0,0,5,5,2,2,4,0,0,0.0,0.0,2.0,2.0,0,
Company3356,07/14/2007,San Francisco,Tech,Services,1,2.0,4.0,4.0,2,3,5,5,5,5,1,5,5.0,0,0,0,0,0,3,1,1,1,3,0,0,0.0,0.0,5.0,3.0,0,
Company3357,07/16/2012,San Jose,Tech,Finance,9,5.0,4.5,4.0,1,4,1,10,4,5,4,5,7.5,0,4,3,0,4,10,5,2,2,3,3,0,0.0,0.0,3.0,2.0,0,
Company3358,08/19/2006,San Francisco,Tech,Services,4,4.0,4.0,5.0,2,2,5,5,4,5,5,3,5.0,3,0,0,0,4,3,5,1,3,3,5,5,0.0,3.0,3.0,2.0,0,
Company3359,05/01/2012,Boston,Non-Tech,Finance,5,5.0,4.0,5.0,2,4,5,4,4,4,5,3,4.0,0,0,0,0,0,5,5,3,5,3,0,0,0.0,0.0,5.0,0.0,0,
Company3360,12/11/2012,San Francisco,Tech,Services,3,2.0,4.0,4.0,2,5,4,4,5,5,3,5,5.0,3,5,4,3,4,4,5,1,1,2,3,4,3.0,5.0,2.0,3.0,5,
Company3361,08/05/2009,San Jose,Tech,Services,3,5.0,4.0,4.0,2,2,5,3,4,5,5,4,5.0,3,2,3,1,4,4,5,5,3,5,5,2,5.0,3.0,5.0,1.0,4,25254000.0
Company3362,03/09/1998,San Jose,Tech,Services,3,5.0,4.0,5.0,4,3,5,5,4,5,2,3,4.0,0,0,0,2,4,4,4,3,2,2,0,0,2.0,1.0,3.0,1.0,3,
Company3363,07/04/2008,San Francisco,Tech,Finance,4,7.5,6.0,3.0,2,1,10,8,8,8,6,8,4.0,0,0,0,0,0,20,15,3,2,15,0,0,0.0,0.0,10.0,5.0,0,
Company3364,12/23/2011,Buffalo,Non-Tech,Finance,2,2.0,4.0,4.0,2,2,5,4,5,5,3,4,5.0,0,0,0,0,0,1,1,1,1,1,0,0,0.0,0.0,2.0,3.0,0,
Company3365,05/12/2013,Denver,Non-Tech,Finance,4,3.0,4.0,4.0,2,2,5,4,4,4,3,4,4.0,0,0,0,0,0,4,1,1,1,1,0,0,0.0,0.0,1.0,3.0,0,
Company3366,10/06/2010,San Francisco,Tech,Services,4,5.0,4.0,3.0,2,4,5,4,4,4,1,3,5.0,2,2,4,3,4,2,4,2,3,1,5,2,5.0,3.0,3.0,1.0,3,
Company3367,10/30/2013,Boulder,Non-Tech,Finance,3,4.0,4.0,4.0,4,1,10,4,10,5,3,5,5.0,0,0,0,0,0,5,5,1,3,5,0,0,0.0,0.0,1.0,5.0,0,
Company3368,09/20/2013,El Paso,Non-Tech,Services,1,2.0,4.0,5.0,2,2,5,4,4,5,1,5,5.0,0,0,0,0,0,2,1,1,3,2,3,0,0.0,0.0,3.0,3.0,0,
Company3369,12/20/2003,San Jose,Tech,Services,4,5.0,4.0,4.0,2,2,5,5,4,5,5,4,4.0,3,2,0,5,4,4,5,5,2,1,3,4,3.0,5.0,3.0,2.0,3,
Company3370,12/03/2012,New York,Tech,Services,9,7.5,6.0,7.5,4,2,5,2,6,8,10,5,6.0,5,8,15,15,15,5,5,2,1,5,10,10,12.5,2.5,7.5,2.5,5,
Company3371,01/16/2009,San Francisco,Tech,Services,4,5.0,4.0,4.0,1,2,5,5,5,5,2,5,5.0,3,4,5,3,4,4,5,5,2,5,3,3,0.0,0.0,2.0,2.0,5,
Company3372,11/17/1995,San Francisco,Tech,Finance,4,5.0,5.0,4.0,1,5,5,4,4,4,3,4,4.0,0,0,0,0,0,3,5,3,2,2,0,0,0.0,0.0,4.0,2.0,0,
Company3373,12/02/2007,Dallas,Non-Tech,Finance,3,4.0,4.0,4.0,1,3,5,5,4,5,1,4,5.0,0,0,0,0,0,2,1,1,1,1,5,0,0.0,0.0,2.0,3.0,0,
Company3374,11/22/2007,San Francisco,Tech,Finance,6,5.0,6.0,6.0,4,6,10,10,10,10,2,10,6.0,0,0,0,0,0,5,6,3,1,1,0,0,0.0,0.0,5.0,3.0,0,
Company3375,04/19/2013,San Francisco,Tech,Finance,4,2.0,4.0,5.0,3,3,4,4,4,5,3,3,5.0,0,0,0,0,0,1,1,5,5,1,0,0,0.0,0.0,1.0,3.0,0,
Company3376,06/27/2007,San Francisco,Tech,Finance,4,4.0,4.0,4.0,2,5,5,3,5,5,5,4,5.0,0,0,0,0,0,5,5,3,3,1,0,0,0.0,0.0,4.0,1.0,0,
Company3377,08/12/1998,San Francisco,Tech,Services,2,4.0,4.0,4.0,2,5,5,4,5,4,3,5,4.0,4,4,5,5,5,2,4,1,2,1,5,5,5.0,1.0,2.0,3.0,5,59662000.0
Company3378,05/02/2008,San Francisco,Tech,Services,3,3.0,4.0,3.0,2,2,5,4,5,10,3,4,5.0,0,0,3,1,3,5,5,3,2,5,1,1,0.0,1.0,2.0,3.0,5,
Company3379,11/25/2011,"Washington, D.C.",Non-Tech,Services,3,3.0,3.0,4.0,2,2,5,5,5,5,1,5,5.0,3,0,0,0,4,3,1,1,1,1,1,0,3.0,0.0,1.0,3.0,0,
Company3380,08/20/2011,Charlotte,Non-Tech,Finance,3,4.0,4.0,4.0,1,3,5,5,5,5,1,5,5.0,0,0,0,0,0,1,3,2,3,3,0,0,0.0,0.0,2.0,3.0,0,
Company3381,02/11/1998,Detroit,Non-Tech,Services,4,2.0,4.0,4.0,1,4,5,5,5,5,2,5,5.0,0,5,5,4,5,5,5,1,2,2,0,0,5.0,1.0,2.0,2.0,0,
Company3382,12/20/1997,San Jose,Tech,Services,4,5.0,4.0,4.0,2,2,5,4,5,5,3,10,5.0,4,4,5,5,5,5,5,2,4,4,5,5,5.0,1.0,3.0,2.0,4,
Company3383,05/24/2007,San Francisco,Tech,Services,4,5.0,3.0,5.0,2,2,5,5,5,5,1,4,5.0,0,4,0,5,0,1,1,1,1,2,0,2,0.0,0.0,3.0,3.0,0,
Company3384,11/04/2011,New York,Tech,Finance,4,5.0,4.0,4.0,2,2,5,5,4,10,2,4,4.0,0,0,0,0,0,3,4,1,2,1,0,0,0.0,0.0,2.0,3.0,0,
Company3385,07/15/2011,San Francisco,Tech,Services,3,4.0,5.0,5.0,2,1,5,4,4,5,3,3,5.0,4,0,0,0,0,2,5,2,5,2,0,0,0.0,0.0,3.0,2.0,0,
Company3386,12/17/2013,Seattle,Non-Tech,Finance,3,7.5,4.0,6.0,2,1,10,5,8,10,2,5,7.5,0,0,0,0,0,4,15,9,4,2,0,0,0.0,0.0,2.0,7.5,0,
Company3387,11/25/2009,Seattle,Non-Tech,Finance,2,2.0,4.0,4.0,2,2,1,5,4,5,1,4,5.0,1,0,0,0,4,1,1,1,1,1,3,4,0.0,1.0,2.0,1.0,0,
Company3388,12/08/2012,St. Louis,Non-Tech,Services,2,3.0,4.0,4.0,2,2,5,5,5,5,1,5,5.0,0,0,0,3,0,3,2,1,1,1,0,0,0.0,0.0,2.0,3.0,0,
Company3389,11/27/2011,Atlanta,Non-Tech,Finance,12,4.0,4.5,7.5,4,4,5,8,5,5,2,8,5.0,0,0,0,0,0,2,12,3,2,10,0,0,0.0,0.0,5.0,7.5,0,
Company3390,08/28/2009,Dallas,Non-Tech,Other,1,5.0,4.0,5.0,1,3,5,5,4,4,1,5,4.0,0,3,0,2,0,5,2,2,2,2,2,0,2.0,0.0,1.0,1.0,0,
Company3391,09/28/2010,New York,Tech,Finance,2,3.0,3.0,4.0,2,2,1,5,4,5,2,4,5.0,0,0,0,0,0,2,3,1,1,1,0,0,0.0,0.0,1.0,3.0,0,
Company3392,05/12/2013,Boise,Non-Tech,Finance,3,3.0,4.0,4.0,2,2,5,3,4,5,3,4,5.0,0,4,0,0,0,4,1,1,1,1,0,0,1.0,0.0,1.0,3.0,0,
Company3393,06/07/2013,San Francisco,Tech,Services,4,5.0,4.0,4.0,1,2,5,3,4,4,5,4,3.0,3,0,0,0,4,3,5,4,4,5,2,0,0.0,0.0,4.0,1.0,0,
Company3394,01/22/2011,San Jose,Tech,Finance,3,4.0,3.0,5.0,3,2,5,4,5,5,4,5,5.0,0,4,0,4,0,5,5,1,5,4,0,0,0.0,0.0,2.0,3.0,5,
Company3395,05/03/2013,Boise,Non-Tech,Finance,4,5.0,4.0,4.0,2,2,5,5,5,5,1,5,4.0,0,0,0,0,1,1,1,2,1,1,0,0,0.0,0.0,3.0,3.0,0,
Company3396,02/01/2011,San Francisco,Tech,Finance,2,3.0,3.0,4.0,1,4,5,10,4,5,1,4,5.0,0,0,0,0,0,5,2,1,1,5,0,0,0.0,0.0,2.5,3.0,0,
Company3397,05/18/1998,Boulder,Non-Tech,Finance,2,3.0,6.0,4.0,2,2,5,5,5,4,1,6,6.0,0,0,0,0,0,3,2,1,3,20,8,10,0.0,0.0,2.0,3.0,20,
Company3398,10/14/2013,Riverside,Non-Tech,Finance,2,3.0,4.0,3.0,2,2,5,5,5,5,4,5,5.0,0,0,0,0,0,3,2,1,2,1,0,0,0.0,2.0,2.0,3.0,0,
Company3399,03/02/1998,San Francisco,Tech,Services,3,4.0,4.0,3.0,1,3,5,5,5,5,1,5,5.0,0,0,3,5,0,3,1,1,2,1,0,2,0.0,0.0,2.5,3.0,0,
Company3400,02/09/2010,San Francisco,Tech,Finance,4,5.0,4.0,4.0,1,3,5,5,5,5,2,5,5.0,0,2,4,0,4,5,3,1,3,5,3,3,3.0,4.0,2.0,2.0,5,
Company3401,04/14/2009,San Francisco,Tech,Services,6,6.0,6.0,4.0,4,2,10,5,8,5,10,8,7.5,1,2,12,3,3,1,12,1,2,10,6,4,10.0,5.0,2.0,3.0,5,
Company3402,05/15/2012,Phoenix,Non-Tech,Finance,4,5.0,4.0,5.0,2,3,5,5,4,5,2,5,5.0,1,0,4,2,1,3,4,1,3,1,1,2,1.0,3.0,1.0,3.0,1,
Company3403,06/06/2013,Indianapolis,Non-Tech,Finance,4,5.0,4.0,5.0,2,2,5,4,4,4,3,3,4.0,0,1,0,0,0,4,3,2,1,2,0,1,0.0,0.0,3.0,3.0,0,
Company3404,12/23/2012,Austin,Non-Tech,Services,4,2.0,3.0,5.0,2,1,4,4,5,5,3,5,5.0,0,0,0,0,0,3,5,1,2,2,0,0,0.0,0.0,3.0,3.0,0,
Company3405,06/16/2012,Austin,Non-Tech,Finance,2,2.0,4.0,5.0,3,3,4,4,4,5,3,4,5.0,0,0,0,0,0,4,1,1,1,1,0,2,0.0,0.0,1.0,3.0,0,
Company3406,01/03/2013,Seattle,Non-Tech,Services,4,4.0,4.0,4.0,1,4,5,5,5,5,2,5,5.0,0,0,0,0,0,3,3,1,3,2,0,0,0.0,0.0,3.0,3.0,0,
Company3407,09/20/2013,Phoenix,Non-Tech,Finance,12,7.5,3.0,4.0,4,3,5,2,8,8,5,8,6.0,0,0,0,0,0,3,4,1,3,10,0,0,0.0,0.0,2.0,3.0,0,
Company3408,03/05/2012,San Francisco,Tech,Finance,6,4.0,6.0,7.5,6,10,10,4,10,10,4,5,5.0,0,0,0,0,0,25,6,1,1,2,0,0,0.0,0.0,2.5,3.0,0,
Company3409,10/28/2012,New York,Tech,Finance,4,5.0,4.0,4.0,2,3,5,4,4,4,3,4,4.0,1,2,2,1,4,4,5,2,3,3,5,5,5.0,4.0,4.0,2.0,1,
Company3410,08/28/2009,Kansas City,Non-Tech,Finance,1,2.0,4.0,7.5,1,4,5,5,5,8,1,5,6.0,0,0,0,0,12,1,2,1,2,1,0,0,5.0,0.0,10.0,0.0,0,
Company3411,07/18/2011,Palo Alto,Non-Tech,Services,2,3.0,4.0,3.0,2,2,5,4,5,5,2,5,5.0,5,4,3,1,4,3,1,3,2,3,2,5,5.0,2.0,3.0,3.0,2,
Company3412,03/24/2009,Tucson,Non-Tech,Finance,2,3.0,4.0,3.0,2,3,5,4,5,5,4,5,5.0,2,3,4,3,4,4,1,2,1,1,1,3,1.0,4.0,2.0,3.0,0,
Company3413,04/17/2009,Albuquerque,Non-Tech,Finance,4,5.0,3.0,4.0,2,2,5,5,5,5,2,4,5.0,0,0,0,0,0,5,5,2,2,4,0,0,0.0,0.0,2.0,2.0,0,
Company3414,08/02/2010,Pittsburgh,Non-Tech,Services,4,4.0,4.0,3.0,1,2,5,4,5,4,3,5,4.0,3,2,4,2,3,4,4,1,4,5,4,4,0.0,2.0,4.0,2.0,0,
Company3415,09/06/1997,Sacramento,Non-Tech,Services,3,6.0,4.0,4.0,2,2,5,10,10,10,2,5,5.0,6,4,3,3,12,5,5,3,1,5,4,1,5.0,12.5,2.5,7.5,15,
Company3416,04/18/2006,San Francisco,Tech,Services,1,2.0,4.0,4.0,2,2,5,4,5,5,3,5,5.0,0,0,0,0,0,5,5,2,2,4,0,0,0.0,0.0,2.0,3.0,0,
Company3417,11/17/2009,Chicago,Non-Tech,Finance,3,5.0,4.0,4.0,2,4,5,5,4,4,5,5,4.0,0,2,0,0,0,4,5,3,1,1,0,0,0.0,0.0,3.0,3.0,5,
Company3418,10/18/2012,San Francisco,Tech,Services,4,5.0,4.0,4.0,2,2,5,5,5,5,4,5,5.0,0,0,4,5,5,4,5,1,5,4,4,0,4.0,5.0,5.0,2.0,0,
Company3419,05/18/2011,Los Angeles,Non-Tech,Finance,2,3.0,4.0,4.0,2,2,5,4,5,5,1,5,5.0,0,0,0,0,0,5,4,2,3,1,0,0,0.0,0.0,2.0,3.0,0,
Company3420,11/27/2008,San Francisco,Tech,Finance,4,5.0,4.0,4.0,1,5,5,4,5,5,3,4,5.0,0,0,0,0,0,3,2,2,5,1,0,0,0.0,0.0,4.0,2.0,0,
Company3421,08/01/2000,San Francisco,Tech,Services,4,5.0,4.0,5.0,3,2,5,4,5,5,1,5,5.0,0,0,0,0,0,5,3,1,4,4,0,0,3.0,0.0,2.0,2.0,0,
Company3422,11/17/2009,San Francisco,Tech,Finance,5,5.0,4.0,4.0,1,3,5,3,5,4,1,5,4.0,0,0,0,0,0,4,5,1,1,4,0,0,0.0,0.0,2.0,2.0,0,
Company3423,01/01/2000,Omaha,Non-Tech,Services,3,5.0,4.0,4.0,2,5,5,5,5,5,2,5,5.0,2,2,2,1,3,5,1,1,1,1,4,1,1.0,5.0,1.0,3.0,2,
Company3424,07/28/2000,Sacramento,Non-Tech,Services,5,2.0,0.0,4.0,2,2,5,4,5,4,3,5,5.0,5,0,3,2,5,5,5,3,2,1,3,3,0.0,3.0,2.0,3.0,3,
Company3425,04/13/2007,Jacksonville,Non-Tech,Finance,5,5.0,4.0,6.0,1,6,5,4,4,4,4,10,5.0,0,0,0,0,0,3,5,6,5,2,0,3,3.0,0.0,5.0,1.0,0,
Company3426,11/21/1999,San Francisco,Tech,Finance,3,4.0,5.0,3.0,2,4,5,5,5,5,2,4,5.0,0,0,0,0,0,1,2,1,1,1,0,0,0.0,0.0,1.0,3.0,0,
Company3427,07/07/2010,Nashville,Non-Tech,Services,2,4.0,4.0,4.0,1,4,10,4,5,5,4,5,5.0,3,4,4,3,0,3,5,1,1,3,3,0,3.0,0.0,3.0,3.0,1,
Company3428,06/21/2011,San Francisco,Tech,Services,4,5.0,4.0,5.0,2,3,5,4,4,4,4,3,4.0,0,0,0,0,0,3,5,2,4,2,0,0,0.0,0.0,3.0,2.0,0,44916000.0
Company3429,10/04/2011,New York,Tech,Finance,4,5.0,4.0,5.0,2,2,5,3,4,5,5,4,5.0,0,0,0,0,0,5,5,5,5,5,0,0,0.0,0.0,5.0,0.0,0,33478000.0
Company3430,08/02/2011,Miami,Non-Tech,Finance,3,4.0,4.0,5.0,2,2,5,5,4,5,1,4,5.0,0,0,0,0,0,5,5,1,3,4,0,0,0.0,0.0,2.0,3.0,0,
Company3431,06/13/2009,Chicago,Non-Tech,Services,3,5.0,5.0,4.0,2,5,5,3,4,4,5,3,4.0,4,5,2,0,0,5,5,5,4,5,0,5,5.0,3.0,4.0,1.0,5,
Company3432,01/01/2000,San Francisco,Tech,Services,3,5.0,4.0,4.0,2,5,5,5,5,5,5,5,5.0,2,2,2,1,3,2,5,1,1,1,0,1,0.0,5.0,3.0,3.0,0,
Company3433,08/05/2011,New York,Tech,Finance,3,4.0,4.0,4.0,2,2,5,5,5,5,1,5,5.0,0,0,0,0,0,4,1,1,2,1,0,0,0.0,0.0,1.0,3.0,0,
Company3434,12/18/1998,San Francisco,Tech,Finance,4,5.0,4.0,4.0,2,2,5,5,4,4,1,4,5.0,0,3,2,2,5,5,5,3,5,3,1,4,1.0,2.0,5.0,1.0,0,
Company3435,07/12/2013,Boulder,Non-Tech,Services,4,5.0,4.0,4.0,1,3,5,3,4,4,4,4,5.0,0,0,0,0,0,4,5,4,4,2,0,0,0.0,0.0,4.0,1.0,0,
Company3436,06/06/2003,Chicago,Non-Tech,Finance,5,5.0,5.0,3.0,1,5,5,5,4,4,4,5,5.0,0,0,0,0,3,4,5,3,4,2,0,0,0.0,0.0,4.0,2.0,0,
Company3437,06/01/2010,San Francisco,Tech,Services,1,2.0,4.0,4.0,2,2,5,4,5,5,3,5,5.0,3,1,2,1,1,5,3,1,2,1,2,1,5.0,3.0,3.0,3.0,3,
Company3438,05/06/2013,Sacramento,Non-Tech,Services,4,2.0,4.0,4.0,2,3,5,4,5,5,3,5,5.0,0,0,0,0,0,2,4,3,2,2,0,2,0.0,0.0,2.0,3.0,0,
Company3439,08/14/2009,Seattle,Non-Tech,Finance,4,5.0,4.0,4.0,2,2,5,5,5,5,2,5,5.0,0,0,0,0,0,3,5,1,4,1,0,0,0.0,0.0,1.0,3.0,0,
Company3440,05/02/2008,Denver,Non-Tech,Finance,12,7.5,6.0,6.0,4,4,10,8,10,10,6,10,7.5,0,0,0,0,0,20,15,3,3,15,0,0,0.0,0.0,7.5,5.0,0,
Company3441,11/26/2009,Los Angeles,Non-Tech,Services,4,5.0,4.0,4.0,1,2,5,5,5,4,1,5,4.0,3,5,5,4,2,4,5,2,2,2,5,4,3.0,2.0,3.0,1.0,2,
Company3442,12/31/2011,Philadelphia,Non-Tech,Services,4,7.5,4.0,6.0,4,4,10,6,8,5,2,8,7.5,12,10,4,15,12,25,15,9,3,25,3,3,10.0,4.0,2.0,7.5,4,
Company3443,10/28/2012,Indianapolis,Non-Tech,Finance,4,5.0,4.0,4.0,2,1,5,4,4,4,3,4,4.0,1,2,2,1,4,4,5,2,3,3,5,5,5.0,4.0,4.0,2.0,1,
Company3444,06/09/2007,San Antonio,Non-Tech,Finance,4,5.0,4.0,3.0,1,2,5,4,4,4,2,3,5.0,3,0,0,3,0,5,5,2,5,3,0,0,0.0,0.0,5.0,2.0,0,
Company3445,11/25/2008,San Francisco,Tech,Services,4,7.5,4.0,4.0,2,3,10,8,10,10,3,10,5.0,3,0,0,5,5,5,15,1,4,4,4,0,4.0,5.0,3.0,7.5,5,
Company3446,01/22/2013,San Francisco,Tech,Other,12,5.0,6.0,6.0,2,5,10,8,10,10,6,10,7.5,9,5,12,9,12,10,5,3,5,10,10,10,12.5,10.0,12.5,10.0,15,
Company3447,03/07/2010,San Francisco,Tech,Services,3,5.0,3.0,5.0,2,1,5,4,4,4,3,4,5.0,0,1,3,1,3,3,4,1,5,1,0,4,0.0,0.0,3.0,3.0,0,
Company3448,05/03/2013,San Francisco,Tech,Finance,4,5.0,4.0,4.0,2,2,5,4,5,5,1,5,5.0,0,0,0,0,0,3,1,2,1,1,0,0,0.0,0.0,3.0,3.0,0,
Company3449,12/17/2006,San Francisco,Tech,Finance,3,5.0,4.0,4.0,2,5,5,4,4,4,3,4,4.0,0,0,0,0,0,3,2,1,2,1,0,0,0.0,0.0,2.0,3.0,0,
Company3450,03/09/1998,Los Angeles,Non-Tech,Finance,3,5.0,4.0,4.0,2,3,5,5,4,4,2,5,5.0,3,3,0,0,4,5,4,1,2,1,2,0,2.0,0.0,1.0,1.0,0,
Company3451,12/17/2006,Palo Alto,Non-Tech,Finance,4,5.0,4.0,3.0,2,2,5,4,5,5,3,5,4.0,0,0,0,0,0,3,5,2,2,1,2,0,0.0,0.0,3.0,3.0,2,
Company3452,10/06/2006,San Francisco,Tech,Services,4,5.0,4.0,4.0,1,2,5,4,4,5,4,4,5.0,0,0,3,0,0,2,5,1,1,1,0,0,0.0,0.0,3.0,3.0,5,
Company3453,04/26/2013,Phoenix,Non-Tech,Finance,3,4.0,4.0,4.0,2,2,5,4,4,5,4,5,4.0,0,0,0,0,0,3,5,1,3,1,0,0,0.0,0.0,3.0,1.0,0,
Company3454,10/10/2011,San Francisco,Tech,Other,5,5.0,4.0,5.0,2,3,5,4,4,4,5,3,5.0,0,4,0,2,0,5,1,3,1,1,3,0,0.0,0.0,5.0,1.0,0,
Company3455,07/14/2007,Boston,Non-Tech,Finance,1,2.0,4.0,4.0,4,3,1,5,5,5,1,6,5.0,0,0,0,0,0,3,1,15,1,1,0,0,0.0,0.0,1.0,3.0,0,
Company3456,12/16/2009,Tucson,Non-Tech,Services,3,5.0,4.0,4.0,2,2,5,4,4,5,5,3,5.0,3,4,5,3,3,4,5,5,1,5,5,5,3.0,2.0,5.0,0.0,3,
Company3457,09/13/1999,New York,Tech,Other,3,4.0,4.0,4.0,2,2,5,5,5,5,1,5,5.0,0,0,0,0,0,2,2,2,2,4,0,0,0.0,0.0,2.0,3.0,0,
Company3458,12/17/2010,San Francisco,Tech,Finance,4,5.0,4.0,5.0,2,3,5,4,4,5,3,5,5.0,0,2,0,0,0,2,5,2,2,1,0,3,0.0,0.0,3.0,3.0,0,
Company3459,11/14/2012,Chicago,Non-Tech,Finance,4,5.0,4.0,4.0,2,2,5,5,5,5,3,5,5.0,0,2,4,2,0,4,1,1,3,3,2,2,2.0,3.0,1.0,2.0,5,
Company3460,04/17/2009,San Antonio,Non-Tech,Finance,4,5.0,4.0,4.0,2,2,5,5,5,5,2,5,5.0,0,0,0,0,0,5,5,3,2,4,0,0,0.0,0.0,2.0,2.0,0,
Company3461,10/15/2012,San Francisco,Tech,Finance,3,5.0,4.0,4.0,2,2,5,5,5,4,5,5,5.0,0,0,0,0,1,3,5,2,4,3,0,0,0.0,0.0,2.0,3.0,0,
Company3462,10/04/2012,New York,Tech,Finance,2,6.0,4.0,3.0,4,5,5,5,5,5,2,5,5.0,0,0,0,0,0,1,1,1,5,1,0,0,0.0,0.0,3.0,3.0,0,
Company3463,11/22/2012,Seattle,Non-Tech,Finance,2,3.0,3.0,4.0,2,2,5,5,5,5,1,4,5.0,0,0,0,0,0,3,3,3,1,1,0,3,3.0,0.0,1.0,3.0,1,
Company3464,03/02/1998,San Francisco,Tech,Services,3,3.0,3.0,4.0,2,3,2,5,10,5,4,5,5.0,0,0,0,0,0,5,1,1,2,1,0,0,0.0,0.0,2.5,7.5,0,
Company3465,01/23/2009,Milwaukee,Non-Tech,Finance,2,5.0,4.0,4.0,2,2,5,4,5,5,3,5,5.0,0,0,4,0,4,4,5,1,1,1,0,2,0.0,3.0,3.0,2.0,0,
Company3466,04/17/2009,San Francisco,Tech,Finance,4,5.0,4.0,7.5,2,4,5,5,4,5,2,4,5.0,0,0,0,0,0,5,12,1,1,1,0,0,0.0,0.0,4.0,2.0,0,
Company3467,05/03/2013,Boston,Non-Tech,Finance,4,5.0,4.0,4.0,2,5,5,4,4,4,1,5,4.0,0,0,0,0,0,3,1,2,2,1,0,0,0.0,0.0,3.0,2.0,0,
Company3468,05/05/2007,San Francisco,Tech,Finance,2,3.0,4.0,4.0,1,1,3,5,5,5,3,5,5.0,0,0,0,0,0,2,2,1,1,1,0,0,0.0,0.0,1.0,3.0,0,
Company3469,06/06/2003,Louisville,Non-Tech,Finance,2,5.0,4.0,4.0,2,5,5,5,5,5,4,4,4.0,0,0,0,0,0,5,5,3,4,2,0,0,0.0,0.0,5.0,3.0,0,
Company3470,06/13/2006,San Francisco,Tech,Finance,2,2.0,4.0,5.0,3,2,2,4,4,5,1,5,5.0,0,0,0,0,0,2,1,1,1,1,0,0,0.0,0.0,1.0,3.0,0,
Company3471,03/07/2010,Chicago,Non-Tech,Services,3,4.0,4.0,3.0,1,3,5,4,4,4,3,5,4.0,0,0,0,0,0,3,2,1,3,10,0,0,4.0,0.0,2.0,3.0,0,
Company3472,06/17/2010,San Jose,Tech,Finance,3,5.0,5.0,4.0,2,4,5,5,5,5,5,4,5.0,3,0,3,0,3,4,2,5,1,2,0,2,0.0,0.0,5.0,1.0,4,
Company3473,12/28/2011,New York,Tech,Services,5,5.0,4.0,4.0,2,2,5,3,4,4,5,3,4.0,0,0,0,0,0,3,5,1,1,1,0,0,0.0,0.0,4.0,2.0,0,
Company3474,05/30/2006,San Francisco,Tech,Services,2,3.0,5.0,4.0,1,5,5,5,5,5,1,4,4.0,3,0,5,0,0,1,3,1,3,4,3,0,0.0,0.0,2.0,1.0,0,
Company3475,09/28/2010,Seattle,Non-Tech,Finance,2,3.0,6.0,4.0,2,2,1,5,4,5,2,4,5.0,0,0,0,0,0,2,3,1,1,1,0,0,0.0,0.0,1.0,3.0,0,
Company3476,06/08/2000,Philadelphia,Non-Tech,Finance,3,4.0,4.0,4.0,2,2,5,4,4,5,3,4,5.0,0,0,0,0,0,3,5,2,2,2,0,0,0.0,0.0,2.0,3.0,0,
Company3477,04/21/2007,San Jose,Tech,Finance,5,7.5,6.0,6.0,4,4,5,4,4,10,4,8,7.5,0,0,0,0,0,20,5,2,3,5,0,0,0.0,0.0,2.5,7.5,0,
Company3478,11/27/2011,San Francisco,Tech,Services,5,5.0,4.0,4.0,1,2,5,4,4,5,6,3,4.0,0,0,0,0,0,3,12,1,1,1,0,0,0.0,0.0,4.0,2.0,0,
Company3479,08/14/2009,Seattle,Non-Tech,Finance,4,5.0,4.0,4.0,1,2,5,5,5,5,2,5,5.0,0,0,0,0,0,3,5,1,4,1,0,0,0.0,0.0,2.0,2.0,0,
Company3480,06/07/2013,Boston,Non-Tech,Services,4,5.0,4.0,4.0,2,2,5,4,4,4,4,4,3.0,0,0,0,0,0,5,3,3,4,4,0,0,0.0,0.0,5.0,1.0,0,
Company3481,08/18/2012,San Francisco,Tech,Services,2,5.0,4.0,4.0,2,2,5,4,5,5,3,4,5.0,0,3,0,0,0,4,4,2,2,4,0,3,1.0,4.0,2.0,3.0,4,
Company3482,10/22/2006,Los Angeles,Non-Tech,Finance,9,6.0,6.0,6.0,4,6,10,10,4,10,2,10,5.0,4,0,0,2,0,5,3,2,2,1,0,0,0.0,0.0,5.0,3.0,0,
Company3483,06/01/2010,New York,Tech,Finance,5,4.0,4.0,4.0,1,2,5,5,4,4,2,5,5.0,3,2,0,5,4,1,5,2,5,1,5,0,5.0,0.0,5.0,3.0,0,
Company3484,07/10/2013,Seattle,Non-Tech,Services,4,3.0,6.0,4.0,2,4,5,5,10,5,2,5,5.0,0,0,0,0,0,1,1,1,1,2,0,0,0.0,0.0,1.0,3.0,0,
Company3485,10/30/2013,"Washington, D.C.",Non-Tech,Services,2,4.0,4.0,4.0,2,1,5,2,5,5,5,3,5.0,4,2,3,0,4,1,3,3,1,5,0,0,2.0,2.0,1.0,3.0,0,
Company3486,02/16/2010,Chicago,Non-Tech,Services,2,3.0,4.0,4.0,2,4,5,5,5,5,1,5,5.0,1,0,4,0,3,5,3,1,1,1,0,4,4.0,5.0,2.0,3.0,5,
Company3487,12/20/1997,San Jose,Tech,Services,4,5.0,4.0,4.0,2,2,5,4,5,5,3,5,5.0,4,4,5,5,5,5,5,2,4,4,5,5,5.0,1.0,3.0,2.0,4,
Company3488,06/01/2010,Dallas,Non-Tech,Services,2,5.0,4.0,4.0,2,5,5,5,5,5,3,4,5.0,3,4,4,3,3,3,1,2,2,5,0,0,5.0,3.0,3.0,3.0,0,
Company3489,05/18/1998,Boulder,Non-Tech,Finance,2,2.0,4.0,4.0,2,2,5,4,5,5,3,6,5.0,0,3,0,2,4,25,3,1,1,20,1,0,0.0,0.0,2.0,3.0,3,
Company3490,04/12/2013,San Jose,Tech,Services,3,4.0,4.0,5.0,1,1,1,5,5,5,2,5,5.0,0,2,0,1,0,2,2,1,2,1,1,1,0.0,0.0,2.0,3.0,0,
Company3491,07/12/2013,San Jose,Tech,Finance,4,5.0,4.0,4.0,1,3,5,4,4,5,4,4,3.0,0,0,0,0,0,5,5,3,4,4,0,0,0.0,0.0,5.0,3.0,0,
Company3492,11/02/2000,San Francisco,Tech,Finance,2,4.0,3.0,4.0,2,3,5,4,5,5,3,5,5.0,0,0,0,0,0,1,1,1,1,1,0,0,0.0,0.0,2.0,3.0,0,
Company3493,08/27/1999,San Francisco,Tech,Finance,4,5.0,4.0,4.0,2,2,5,2,4,5,5,3,5.0,0,0,0,0,0,2,4,1,3,1,0,0,0.0,0.0,2.0,3.0,0,
Company3494,12/23/2012,Austin,Non-Tech,Services,2,2.0,3.0,5.0,2,1,4,4,4,4,3,4,4.0,0,0,0,0,0,3,4,1,1,2,0,0,0.0,0.0,2.0,3.0,0,
Company3495,12/28/2011,San Francisco,Tech,Services,5,5.0,4.0,4.0,2,3,5,5,5,4,3,3,5.0,0,0,0,0,0,4,5,2,2,1,0,0,0.0,5.0,3.0,2.0,5,
Company3496,04/22/2008,Detroit,Non-Tech,Finance,6,4.5,4.0,3.0,1,2,10,1,4,10,2,4,7.5,0,0,0,0,0,20,3,3,1,5,0,0,0.0,0.0,5.0,2.0,0,
Company3497,06/09/2007,San Antonio,Non-Tech,Services,2,3.0,6.0,3.0,2,2,5,5,5,5,2,5,5.0,0,0,4,15,3,4,4,1,1,3,3,0,0.0,5.0,2.0,3.0,0,
Company3498,01/16/1999,Dallas,Non-Tech,Finance,3,5.0,4.0,4.0,2,1,5,4,5,4,3,5,5.0,0,4,0,5,0,3,5,3,4,1,0,0,5.0,1.0,1.0,3.0,4,
Company3499,04/04/2008,San Diego,Non-Tech,Other,5,6.0,6.0,6.0,2,2,5,8,10,5,6,10,7.5,0,8,12,0,0,4,4,1,3,1,0,6,0.0,7.5,3.0,2.0,20,
Company3500,03/14/2012,Boulder,Non-Tech,Services,4,5.0,4.0,4.0,1,3,5,3,4,5,5,4,5.0,6,0,6,1,0,4,5,4,2,5,0,0,1.0,2.0,4.0,3.0,0,
Company3501,08/06/2009,San Francisco,Tech,Finance,2,5.0,4.0,4.0,1,3,5,5,4,5,1,5,5.0,0,2,5,1,0,3,1,1,4,1,0,0,2.0,0.0,2.0,3.0,0,
Company3502,07/31/2013,San Jose,Tech,Services,2,5.0,4.0,4.0,1,5,5,4,4,5,5,3,5.0,3,5,4,1,4,5,5,5,3,5,0,0,2.0,2.0,5.0,3.0,5,
Company3503,05/01/2010,San Francisco,Tech,Finance,4,5.0,4.0,5.0,2,2,5,4,4,5,4,5,5.0,0,0,0,0,0,3,4,3,2,1,0,0,0.0,0.0,4.0,2.0,0,
Company3504,05/01/2009,San Francisco,Tech,Finance,2,4.0,4.0,5.0,1,2,5,1,5,5,5,4,4.0,0,0,0,0,2,3,2,1,2,1,0,0,0.0,0.0,3.0,2.0,0,
Company3505,08/30/2013,Boulder,Non-Tech,Finance,4,5.0,2.0,4.0,2,2,5,3,4,4,5,4,4.0,0,0,0,0,0,3,5,2,5,5,0,0,0.0,0.0,4.0,3.0,0,
Company3506,08/22/2004,Phoenix,Non-Tech,Finance,4,5.0,3.0,4.0,2,2,5,4,4,5,5,4,4.0,0,0,0,0,0,3,1,1,2,1,0,0,0.0,0.0,3.0,3.0,0,
Company3507,10/12/2013,San Jose,Tech,Finance,4,7.5,6.0,6.0,2,2,5,4,4,5,4,10,7.5,0,0,0,0,0,20,5,2,4,2,0,0,0.0,0.0,3.0,7.5,0,
Company3508,09/15/2011,New York,Tech,Services,4,5.0,4.0,5.0,3,2,5,5,4,5,5,5,5.0,3,0,0,2,4,5,5,2,5,5,1,1,0.0,1.0,5.0,3.0,5,
Company3509,01/17/2012,San Francisco,Tech,Services,3,4.0,4.0,6.0,4,2,5,5,5,10,4,10,5.0,9,4,12,0,12,20,15,3,2,25,0,0,2.5,0.0,5.0,7.5,0,
Company3510,10/17/2008,Los Angeles,Non-Tech,Finance,2,5.0,4.0,4.0,2,2,5,4,5,5,5,5,5.0,0,0,0,0,0,1,1,1,1,1,0,0,0.0,0.0,2.0,3.0,0,
Company3511,08/01/2010,San Francisco,Tech,Finance,4,3.0,4.0,4.0,2,2,5,4,5,5,4,5,5.0,0,0,0,0,0,1,5,2,4,2,0,0,0.0,0.0,5.0,3.0,0,
Company3512,12/06/2008,Houston,Non-Tech,Services,4,5.0,5.0,4.0,2,2,5,4,5,5,3,5,5.0,3,4,3,1,3,5,5,4,5,5,3,3,3.0,2.0,4.0,1.0,5,41554000.0
Company3513,03/26/2005,Las Vegas,Non-Tech,Finance,4,5.0,4.0,3.0,2,2,5,5,4,4,2,4,4.0,0,0,0,0,0,2,1,1,2,1,0,0,0.0,0.0,1.0,3.0,0,
Company3514,07/04/2011,Chicago,Non-Tech,Finance,3,4.0,4.0,4.0,2,3,5,5,5,5,2,5,5.0,0,0,0,0,0,2,1,1,2,2,0,0,0.0,0.0,2.0,3.0,0,
Company3515,10/24/2006,Boulder,Non-Tech,Finance,12,7.5,6.0,5.0,1,2,10,4,5,10,3,5,5.0,3,0,0,3,4,3,5,3,3,4,0,0,0.0,5.0,2.0,7.5,0,
Company3516,05/18/2011,Detroit,Non-Tech,Services,3,5.0,5.0,4.0,1,2,5,4,5,5,3,5,5.0,0,4,0,0,4,2,5,1,3,4,0,0,0.0,0.0,2.0,2.0,5,
Company3517,11/25/2009,San Jose,Tech,Finance,2,2.0,4.0,4.0,2,2,4,5,5,5,2,5,5.0,0,2,5,1,4,2,1,2,1,1,3,0,2.0,1.0,2.0,3.0,1,
Company3518,08/08/2013,Los Angeles,Non-Tech,Finance,2,6.0,5.0,4.0,1,5,5,5,10,10,2,3,7.5,0,0,0,0,0,1,5,3,1,2,0,0,0.0,0.0,5.0,3.0,0,
Company3519,05/30/2006,Philadelphia,Non-Tech,Finance,2,4.0,4.0,4.0,1,3,5,4,5,8,10,4,6.0,0,0,0,0,0,1,1,3,2,1,0,0,0.0,0.0,2.0,3.0,0,
Company3520,07/30/2010,San Francisco,Tech,Finance,5,4.5,4.0,7.5,4,4,10,10,4,8,2,4,7.5,4,0,0,5,0,20,4,3,1,2,0,2,0.0,0.0,5.0,5.0,0,
Company3521,04/22/2008,New York,Tech,Finance,2,4.0,5.0,3.0,1,2,3,1,4,5,5,4,5.0,0,0,0,0,0,1,5,1,1,1,0,0,0.0,0.0,2.0,2.0,0,
Company3522,04/13/2007,Chicago,Non-Tech,Finance,2,2.0,4.0,5.0,3,2,1,5,5,5,2,4,5.0,0,0,0,0,0,2,3,2,2,5,0,0,0.0,0.0,1.0,3.0,0,
Company3523,08/02/2010,San Jose,Tech,Services,3,7.5,6.0,4.0,1,3,5,4,5,4,3,5,4.0,3,2,4,3,3,5,4,1,2,2,2,3,3.0,2.0,2.0,3.0,5,
Company3524,04/03/2010,Mountain View,Non-Tech,Finance,1,2.0,4.0,4.0,2,1,1,5,5,5,1,4,5.0,0,0,0,0,0,1,1,1,1,1,0,4,0.0,0.0,1.0,3.0,0,
Company3525,08/20/2004,San Francisco,Tech,Services,4,5.0,5.0,3.0,1,2,5,5,5,5,2,5,5.0,5,2,4,1,4,4,2,1,2,2,5,1,5.0,2.0,2.0,3.0,3,
Company3526,03/05/1996,San Francisco,Tech,Finance,4,5.0,4.0,5.0,2,2,5,8,4,5,6,4,5.0,0,0,0,0,0,5,5,5,5,5,0,0,0.0,0.0,5.0,7.5,0,
Company3527,03/29/2013,San Francisco,Tech,Finance,4,5.0,4.0,5.0,1,4,5,5,5,5,2,5,5.0,0,0,0,0,0,3,3,1,4,1,0,0,0.0,0.0,5.0,3.0,0,
Company3528,03/07/2011,San Francisco,Tech,Services,9,5.0,5.0,3.0,1,2,5,5,5,5,1,5,5.0,3,2,3,2,3,5,5,1,3,5,3,3,0.0,4.0,2.0,5.0,20,
Company3529,08/19/2006,San Francisco,Tech,Finance,4,5.0,5.0,4.0,1,5,5,4,4,4,3,4,5.0,0,0,0,0,0,3,5,3,2,2,0,0,0.0,0.0,4.0,2.0,0,
Company3530,04/09/2000,Chicago,Non-Tech,Finance,5,5.0,4.0,4.0,1,3,5,5,4,4,2,4,4.0,0,0,0,0,0,5,5,2,5,3,0,0,0.0,0.0,5.0,1.0,0,
Company3531,05/24/2007,San Francisco,Tech,Services,2,5.0,4.0,4.0,2,4,1,4,4,4,1,3,4.0,0,4,2,2,4,1,1,2,2,1,2,5,0.0,1.0,1.0,2.0,1,
Company3532,11/17/2009,San Antonio,Non-Tech,Finance,6,5.0,4.0,4.0,2,2,5,4,5,4,5,3,4.0,0,0,3,0,0,5,5,1,1,5,0,1,0.0,0.0,5.0,2.0,0,
Company3533,11/21/1999,New York,Tech,Finance,3,4.0,4.0,5.0,1,4,5,4,5,5,3,4,5.0,0,0,0,0,0,1,3,1,1,1,0,0,0.0,0.0,2.0,3.0,0,
Company3534,07/23/2011,Boise,Non-Tech,Finance,3,1.0,5.0,3.0,5,2,1,5,5,5,1,5,5.0,0,4,0,4,0,5,1,1,1,1,0,1,0.0,0.0,1.0,3.0,0,
Company3535,12/03/2013,Chicago,Non-Tech,Finance,4,5.0,4.0,5.0,2,2,5,4,4,5,4,4,5.0,0,0,0,0,0,3,4,1,1,1,0,0,0.0,0.0,3.0,2.0,0,
Company3536,06/06/2013,San Francisco,Tech,Finance,4,5.0,4.0,5.0,2,4,5,4,5,4,3,3,4.0,0,0,0,0,4,4,3,5,2,4,0,0,5.0,4.0,4.0,2.0,0,
Company3537,03/16/2006,New York,Tech,Services,3,5.0,5.0,3.0,1,2,5,4,5,5,3,5,5.0,1,2,2,1,4,2,5,2,3,3,3,2,2.0,1.0,3.0,3.0,4,
Company3538,12/23/2005,San Francisco,Tech,Services,5,5.0,4.0,4.0,1,4,5,5,4,4,2,4,4.0,5,5,4,4,4,5,5,3,4,2,5,3,0.0,4.0,5.0,2.0,5,
Company3539,12/24/2010,Austin,Non-Tech,Services,4,5.0,4.0,4.0,2,2,5,5,5,5,2,5,5.0,4,4,3,5,4,4,4,1,3,2,3,2,2.0,5.0,2.0,2.0,5,
Company3540,10/18/2012,Tucson,Non-Tech,Services,2,3.0,4.0,6.0,2,10,10,4,10,10,2,10,5.0,6,4,12,3,12,5,3,3,1,5,4,4,5.0,12.5,2.5,7.5,15,
Company3541,01/16/1999,San Francisco,Tech,Services,4,5.0,2.0,4.0,2,1,5,4,4,5,4,4,4.0,0,0,0,0,0,4,5,3,1,4,0,0,0.0,0.0,1.0,3.0,0,
Company3542,08/07/2013,Milwaukee,Non-Tech,Finance,2,5.0,4.0,4.0,2,2,5,6,8,8,5,6,5.0,0,0,0,0,0,2,4,6,2,1,0,0,0.0,0.0,2.0,3.0,0,
Company3543,03/19/2009,Charlotte,Non-Tech,Finance,4,5.0,4.0,4.0,2,2,5,4,4,4,3,4,3.0,0,0,0,0,0,5,5,4,4,1,0,0,0.0,0.0,5.0,1.0,0,
Company3544,03/02/1998,Philadelphia,Non-Tech,Services,15,7.5,4.0,4.0,2,3,5,5,5,4,5,5,5.0,15,0,0,9,0,3,1,4,4,1,0,0,0.0,0.0,1.0,2.5,0,
Company3545,11/03/2012,San Antonio,Non-Tech,Finance,5,3.0,4.0,4.0,2,2,5,5,4,4,4,5,4.0,0,2,3,0,0,5,3,1,1,2,5,3,5.0,0.0,5.0,2.0,5,
Company3546,11/08/2009,San Francisco,Tech,Finance,2,4.0,4.0,5.0,1,3,5,4,5,5,3,5,5.0,0,0,0,0,0,1,1,1,1,1,0,0,0.0,0.0,1.0,1.0,0,82135000.0
Company3547,08/08/2013,Minneapolis,Non-Tech,Finance,9,6.0,4.5,7.5,4,4,10,10,10,10,4,10,7.5,0,0,0,0,0,10,3,3,1,5,0,0,0.0,0.0,5.0,7.5,0,
Company3548,10/18/2012,Los Angeles,Non-Tech,Services,2,2.0,4.0,5.0,2,3,5,5,5,5,2,5,5.0,2,2,4,1,4,5,3,1,1,2,1,3,1.0,1.0,2.0,3.0,3,
Company3549,07/18/2011,Boston,Non-Tech,Services,4,5.0,4.0,3.0,1,3,5,5,5,5,1,4,5.0,2,2,3,1,4,3,2,1,4,1,0,0,1.0,0.0,1.0,3.0,4,
Company3550,04/03/2010,Boulder,Non-Tech,Services,1,2.0,4.0,7.5,2,3,1,6,4,5,1,4,5.0,15,0,0,9,9,5,15,1,1,1,10,0,10.0,0.0,12.5,3.0,0,
Company3551,05/29/2013,Atlanta,Non-Tech,Finance,5,5.0,4.0,4.0,1,3,5,5,5,5,1,5,4.0,0,0,0,0,0,3,1,1,4,1,0,0,0.0,0.0,3.0,3.0,0,
Company3552,04/26/2013,San Francisco,Tech,Finance,3,4.0,3.0,4.0,2,2,5,4,4,5,5,4,5.0,0,0,0,0,0,3,5,1,1,4,0,0,0.0,0.0,3.0,3.0,0,
Company3553,12/11/2012,Boulder,Non-Tech,Finance,2,2.0,4.0,4.0,1,2,5,3,5,5,5,5,5.0,0,0,4,3,0,4,5,4,1,2,2,4,0.0,0.0,2.0,3.0,0,
Company3554,04/03/2010,Houston,Non-Tech,Finance,4,4.0,4.0,4.0,2,2,5,5,4,5,4,5,5.0,0,0,0,0,0,5,5,4,3,1,0,0,0.0,0.0,1.0,1.0,0,
Company3555,03/31/2011,San Francisco,Tech,Services,15,5.0,4.5,5.0,4,4,5,4,4,5,6,4,6.0,3,4,12,3,3,25,15,3,3,10,2,4,7.5,12.5,4.0,3.0,15,
Company3556,12/11/2012,Omaha,Non-Tech,Services,2,2.0,4.0,4.0,2,2,4,4,5,5,3,5,5.0,0,4,4,0,4,5,4,2,1,4,0,0,0.0,5.0,2.0,3.0,0,
Company3557,10/06/2010,San Francisco,Tech,Services,2,5.0,4.0,5.0,2,2,5,5,5,5,1,3,5.0,2,2,3,3,4,2,5,2,1,1,4,2,5.0,2.0,3.0,3.0,3,
Company3558,07/10/2013,New York,Tech,Other,1,5.0,5.0,5.0,1,2,1,5,5,5,2,5,5.0,3,0,2,4,0,2,5,3,1,1,5,0,0.0,0.0,4.0,3.0,0,
Company3559,11/05/2009,Miami,Non-Tech,Services,3,5.0,4.0,4.0,2,3,5,5,5,5,2,5,5.0,3,4,4,3,4,5,5,2,2,3,5,4,3.0,4.0,4.0,3.0,5,
Company3560,10/23/1999,Boston,Non-Tech,Finance,4,2.0,5.0,3.0,2,5,1,5,5,4,3,5,4.0,3,5,3,1,4,2,5,3,2,1,5,1,1.0,4.0,4.0,3.0,5,
Company3561,02/26/1998,San Francisco,Tech,Finance,9,5.0,3.0,7.5,4,2,5,10,10,10,4,10,7.5,0,0,0,0,0,5,12,2,1,5,0,0,0.0,0.0,7.5,2.0,0,
Company3562,02/01/2012,San Francisco,Tech,Services,15,7.5,4.5,6.0,4,4,10,10,10,10,4,10,7.5,6,2,6,3,12,20,3,3,2,5,6,6,7.5,12.5,5.0,7.5,0,
Company3563,06/29/1997,Cincinnati,Non-Tech,Services,3,5.0,5.0,4.0,1,3,5,4,4,5,5,3,5.0,3,0,5,0,4,5,5,5,4,3,2,2,2.0,0.0,5.0,2.0,5,
Company3564,12/18/1998,Boston,Non-Tech,Services,4,5.0,4.0,4.0,2,1,5,4,4,5,2,4,3.0,0,3,2,2,0,5,5,3,5,1,1,0,1.0,2.0,5.0,2.0,0,
Company3565,03/01/2008,Seattle,Non-Tech,Finance,12,7.5,6.0,6.0,2,4,10,8,8,10,8,8,7.5,0,0,0,0,0,25,15,9,4,25,0,0,0.0,0.0,10.0,7.5,0,
Company3566,09/09/2010,Milwaukee,Non-Tech,Finance,2,4.0,4.0,5.0,2,2,4,5,5,10,3,5,5.0,0,0,0,0,0,3,2,1,1,1,0,0,0.0,0.0,1.0,3.0,0,
Company3567,04/06/1998,Pittsburgh,Non-Tech,Finance,3,3.0,3.0,4.0,4,4,2,10,10,10,4,10,7.5,0,0,5,0,4,5,3,3,1,5,0,4,4.0,0.0,3.0,7.5,0,
Company3568,10/18/2012,Boulder,Non-Tech,Services,2,5.0,3.0,5.0,3,1,5,4,5,5,2,5,5.0,5,5,3,0,4,3,3,1,4,1,4,4,1.0,0.0,1.0,3.0,5,
Company3569,02/16/2010,San Jose,Tech,Finance,2,3.0,4.0,4.0,2,2,5,5,5,5,2,5,5.0,0,0,0,0,0,1,2,4,1,1,0,0,0.0,0.0,3.0,2.0,0,
Company3570,06/16/2012,Austin,Non-Tech,Finance,1,7.5,4.0,5.0,1,4,5,5,4,5,3,4,5.0,0,0,0,0,0,5,1,2,5,3,0,0,0.0,0.0,10.0,3.0,0,
Company3571,08/20/2004,San Jose,Tech,Services,4,5.0,5.0,3.0,1,3,5,5,5,5,2,5,5.0,0,0,0,0,0,2,2,1,1,1,0,2,0.0,0.0,4.0,3.0,0,
Company3572,06/27/2007,Los Angeles,Non-Tech,Finance,3,4.0,4.0,4.0,2,2,5,3,4,5,5,4,5.0,0,0,0,0,0,5,5,4,2,4,0,0,0.0,5.0,3.0,1.0,0,
Company3573,12/18/2010,San Francisco,Tech,Finance,3,5.0,4.0,5.0,2,2,5,4,4,5,3,4,4.0,0,0,0,0,0,5,2,1,2,3,0,0,0.0,0.0,2.0,2.0,0,
Company3574,11/16/2012,Los Angeles,Non-Tech,Services,4,4.0,4.0,4.0,2,2,5,5,5,5,2,5,5.0,1,2,0,0,1,3,4,3,3,1,0,0,0.0,0.0,2.0,3.0,0,
Company3575,03/16/2013,San Francisco,Tech,Services,4,5.0,4.0,4.0,2,2,5,4,4,4,5,3,4.0,0,0,0,0,0,4,5,2,2,2,0,0,0.0,0.0,3.0,3.0,0,23905000.0
Company3576,06/18/2007,San Francisco,Tech,Finance,3,5.0,4.0,4.0,2,4,5,4,4,4,5,3,4.0,0,0,0,2,5,3,3,2,5,3,3,0,0.0,3.0,5.0,0.0,0,
Company3577,09/20/2013,Phoenix,Non-Tech,Services,2,5.0,3.0,5.0,2,3,5,4,4,5,4,4,5.0,0,4,0,4,0,5,5,1,3,2,0,0,0.0,0.0,4.0,3.0,0,
Company3578,05/16/2008,San Francisco,Tech,Finance,2,2.0,4.0,5.0,1,3,4,4,5,5,3,4,5.0,0,0,0,0,0,1,1,1,1,1,5,0,0.0,0.0,1.0,3.0,0,
Company3579,05/01/1998,Milwaukee,Non-Tech,Finance,4,5.0,4.0,5.0,2,4,10,4,4,4,4,3,4.0,0,0,0,0,0,5,5,4,5,3,0,0,0.0,0.0,5.0,2.0,0,
Company3580,04/14/2009,San Francisco,Tech,Services,4,6.0,4.0,4.0,2,2,10,5,5,10,10,5,5.0,6,4,12,5,12,5,12,3,3,2,3,6,10.0,5.0,2.0,2.0,15,
Company3581,08/25/2006,Boulder,Non-Tech,Finance,1,3.0,4.0,4.0,2,1,5,4,4,5,3,4,5.0,0,0,0,0,0,3,1,1,1,1,0,0,0.0,0.0,1.0,3.0,0,
Company3582,04/13/2007,San Francisco,Tech,Finance,4,5.0,4.0,6.0,2,6,10,5,10,10,2,10,7.5,0,0,3,1,4,10,3,6,5,3,0,1,2.0,3.0,3.0,3.0,5,
Company3583,11/25/2011,San Francisco,Tech,Finance,2,4.0,5.0,4.0,2,2,5,5,5,5,2,5,5.0,0,0,0,0,0,1,1,5,1,1,0,0,0.0,0.0,1.0,3.0,0,
Company3584,11/05/2008,San Francisco,Tech,Services,2,2.0,6.0,4.0,1,3,4,4,5,5,3,5,5.0,5,2,3,1,3,5,3,2,2,3,2,5,4.0,3.0,1.0,1.0,3,
Company3585,04/01/2000,San Francisco,Tech,Services,4,5.0,4.0,5.0,2,1,5,4,4,4,4,4,4.0,0,0,0,0,0,3,5,2,3,1,4,0,1.0,0.0,3.0,3.0,0,
Company3586,12/28/2011,Denver,Non-Tech,Services,6,5.0,6.0,6.0,4,2,10,8,8,4,5,8,7.5,6,0,12,3,12,5,12,1,2,1,6,6,0.0,0.0,4.0,7.5,10,
Company3587,08/24/1996,San Jose,Tech,Services,4,5.0,4.0,4.0,2,2,5,4,4,4,4,2,5.0,3,0,0,0,0,3,5,2,4,5,5,0,5.0,2.0,3.0,1.0,5,
Company3588,10/15/2011,Dallas,Non-Tech,Finance,4,5.0,4.0,5.0,2,4,5,5,5,5,1,5,5.0,0,0,0,0,0,1,4,1,1,2,0,0,0.0,0.0,3.0,3.0,0,
Company3589,03/18/2007,Miami,Non-Tech,Services,3,3.0,4.0,4.0,1,2,5,4,5,5,3,5,5.0,3,5,5,3,4,3,5,2,1,4,3,4,3.0,5.0,2.0,3.0,5,
Company3590,06/17/2010,Atlanta,Non-Tech,Services,1,1.0,5.0,4.0,2,4,1,4,5,5,3,5,5.0,0,0,0,0,0,1,3,1,1,1,3,2,0.0,0.0,1.0,2.0,0,
Company3591,03/19/2012,San Francisco,Tech,Services,9,3.0,6.0,4.0,4,4,10,2,6,8,10,5,6.0,9,8,15,2,15,25,15,3,5,3,1,10,12.5,2.5,2.0,3.0,5,
Company3592,12/12/2011,St. Louis,Non-Tech,Services,6,4.5,6.0,7.5,6,4,5,8,5,5,8,10,7.5,6,2,12,3,4,25,15,6,1,15,2,0,2.5,1.0,5.0,7.5,15,
Company3593,04/12/2012,New York,Tech,Finance,2,2.0,4.0,3.0,1,2,1,5,4,5,1,5,5.0,0,0,0,0,0,2,1,1,1,1,3,0,0.0,0.0,1.0,3.0,0,
Company3594,06/23/2009,San Francisco,Tech,Services,4,5.0,4.0,3.0,2,2,5,4,5,5,4,5,5.0,5,4,3,0,0,3,5,3,2,3,2,5,5.0,2.0,3.0,3.0,2,
Company3595,05/01/2012,San Francisco,Tech,Services,1,5.0,4.0,5.0,1,4,5,4,4,4,5,3,4.0,2,4,4,2,4,1,2,2,1,1,2,2,2.0,1.0,1.0,3.0,1,
Company3596,11/21/1999,San Francisco,Tech,Services,3,4.0,5.0,3.0,2,4,5,5,5,5,1,5,5.0,0,0,0,0,0,2,1,1,1,1,0,0,0.0,0.0,3.0,3.0,0,
Company3597,06/15/2010,San Francisco,Tech,Services,12,5.0,6.0,4.0,4,4,5,4,4,4,10,6,6.0,0,10,15,15,12,4,15,12,3,25,6,0,7.5,2.5,5.0,5.0,20,
Company3598,03/27/2013,Omaha,Non-Tech,Finance,2,2.0,4.0,4.0,2,1,5,4,4,4,2,4,4.0,0,0,0,0,0,1,1,1,1,1,0,0,0.0,0.0,3.0,2.0,0,
Company3599,04/18/2008,Los Angeles,Non-Tech,Finance,3,4.0,4.0,4.0,1,2,5,5,10,10,1,10,5.0,0,0,0,0,0,4,2,1,2,1,0,0,0.0,0.0,1.0,3.0,0,
Company3600,12/29/2012,Mountain View,Non-Tech,Finance,3,3.0,4.0,5.0,2,3,5,5,4,5,2,5,5.0,0,1,4,3,1,3,3,2,1,2,4,2,1.0,3.0,2.0,1.0,0,
Company3601,03/30/2002,Seattle,Non-Tech,Finance,4,5.0,4.0,4.0,2,2,5,4,5,4,2,4,5.0,0,0,0,0,0,5,5,3,3,3,0,0,0.0,0.0,4.0,1.0,0,
Company3602,09/08/2010,New York,Tech,Finance,4,5.0,4.0,5.0,2,2,5,3,4,5,1,4,5.0,0,0,0,0,0,5,5,5,5,5,0,0,10.0,0.0,5.0,0.0,0,
Company3603,06/06/2003,San Francisco,Tech,Services,12,6.0,6.0,4.0,1,5,10,4,4,10,4,4,4.0,3,0,12,3,0,15,5,3,1,20,4,2,0.0,0.0,7.5,1.0,0,
Company3604,01/16/1999,San Francisco,Tech,Services,4,5.0,2.0,4.0,2,1,5,4,4,4,4,4,4.0,0,0,0,0,0,4,5,3,1,1,0,0,0.0,0.0,1.0,2.0,0,
Company3605,12/23/2012,San Francisco,Tech,Services,2,2.0,3.0,5.0,2,4,5,4,4,4,3,5,4.0,0,0,3,3,4,3,4,2,3,2,4,4,0.0,3.0,2.0,3.0,5,
Company3606,09/09/2005,San Francisco,Tech,Services,2,5.0,4.0,5.0,2,5,5,4,4,4,5,5,4.0,3,0,5,0,0,5,5,1,5,1,0,0,0.0,4.0,3.0,3.0,3,
Company3607,10/06/2006,New York,Tech,Services,4,5.0,5.0,4.0,1,2,5,4,4,5,4,5,5.0,0,0,2,0,0,2,5,2,4,2,0,0,0.0,0.0,3.0,2.0,0,
Company3608,11/27/2008,Louisville,Non-Tech,Finance,4,4.0,6.0,6.0,4,1,5,8,5,5,3,4,5.0,0,0,0,0,0,3,2,2,5,1,0,0,0.0,0.0,4.0,2.0,0,
Company3609,04/09/2011,Philadelphia,Non-Tech,Finance,3,4.0,4.0,4.0,2,2,5,5,4,5,10,4,5.0,1,4,4,2,4,3,5,1,2,1,0,0,2.0,4.0,2.0,7.5,1,
Company3610,07/22/2010,Columbus,Non-Tech,Other,2,3.0,4.0,4.0,1,2,5,5,5,5,2,5,5.0,0,0,0,0,0,1,1,1,2,1,0,0,0.0,0.0,1.0,3.0,0,
Company3611,03/17/2007,Charlotte,Non-Tech,Services,2,3.0,4.0,5.0,3,2,5,5,5,5,1,5,5.0,1,2,2,2,3,5,1,1,1,2,3,3,3.0,1.0,2.0,1.0,2,
Company3612,03/18/2011,Pittsburgh,Non-Tech,Finance,3,4.0,4.0,4.0,1,2,5,5,4,4,1,5,5.0,0,0,0,0,0,2,4,2,2,3,0,0,0.0,0.0,3.0,3.0,0,
Company3613,03/18/2011,San Francisco,Tech,Services,3,4.0,4.0,4.0,2,2,5,5,4,5,1,5,4.0,1,2,0,2,3,5,5,1,3,3,0,0,3.0,4.0,5.0,3.0,4,
Company3614,09/13/2006,Dallas,Non-Tech,Finance,2,3.0,4.0,4.0,2,2,3,5,5,5,2,5,5.0,0,0,0,0,0,1,1,1,1,1,0,0,0.0,0.0,1.0,2.0,0,
Company3615,07/08/2006,Riverside,Non-Tech,Finance,3,4.0,4.0,4.0,2,3,5,5,5,5,1,5,5.0,0,0,0,0,0,2,3,1,2,2,0,0,0.0,0.0,2.0,3.0,0,25449000.0
Company3616,04/12/2013,Oakland,Non-Tech,Finance,4,5.0,4.0,5.0,1,3,5,3,4,5,5,4,5.0,0,0,0,0,0,3,5,4,4,5,0,0,0.0,0.0,5.0,1.0,0,
Company3617,03/05/1996,Portland,Non-Tech,Finance,12,4.0,4.0,5.0,2,4,10,8,10,5,2,3,5.0,0,0,0,0,0,4,5,9,2,10,0,0,0.0,0.0,2.0,7.5,0,
Company3618,08/02/1995,San Francisco,Tech,Services,5,5.0,4.0,4.0,2,2,5,5,4,5,5,4,4.0,2,4,5,3,4,5,5,2,4,1,3,3,4.0,4.0,3.0,2.0,5,
Company3619,08/30/2013,San Francisco,Tech,Services,5,5.0,4.0,3.0,2,2,5,4,4,5,5,3,5.0,0,2,4,0,0,4,5,4,5,3,0,0,0.0,0.0,4.0,1.0,0,
Company3620,01/15/2013,Boston,Non-Tech,Finance,1,5.0,5.0,2.0,1,1,1,5,5,5,1,5,5.0,4,0,0,0,0,1,2,2,1,1,0,0,0.0,0.0,2.0,3.0,5,
Company3621,03/07/2010,Boston,Non-Tech,Finance,4,7.5,6.0,4.0,1,3,10,4,4,5,6,4,7.5,3,4,12,1,4,4,4,1,2,1,2,4,4.0,5.0,3.0,3.0,5,
Company3622,08/24/1996,San Francisco,Tech,Services,2,3.0,4.0,4.0,2,2,5,4,4,5,5,5,5.0,3,4,4,1,4,4,5,5,1,5,5,5,5.0,0.0,5.0,1.0,5,
Company3623,09/13/2006,New York,Tech,Finance,2,3.0,4.0,4.0,2,2,3,5,5,5,2,5,5.0,3,5,0,0,0,1,1,1,1,2,0,0,0.0,0.0,1.0,3.0,0,
Company3624,03/05/1996,San Francisco,Tech,Finance,1,1.0,4.0,5.0,1,4,1,4,4,4,5,10,4.0,2,4,4,2,4,1,15,2,1,1,2,0,2.0,0.0,1.0,3.0,1,
Company3625,08/02/2011,Phoenix,Non-Tech,Finance,3,4.0,3.0,4.0,2,3,5,4,5,5,2,4,5.0,0,0,0,0,0,3,1,3,1,1,0,0,0.0,0.0,2.0,3.0,0,
Company3626,11/12/2010,New York,Tech,Services,3,5.0,3.0,5.0,1,3,5,5,5,5,2,5,5.0,3,4,4,3,5,5,4,1,3,2,2,3,2.0,5.0,2.0,3.0,5,
Company3627,02/01/2011,San Francisco,Tech,Finance,2,4.0,4.0,4.0,1,5,5,5,5,5,2,5,5.0,3,0,0,0,0,1,4,1,2,1,0,0,0.0,0.0,3.0,2.0,0,
Company3628,03/24/2008,San Francisco,Tech,Other,2,3.0,4.0,3.0,2,4,5,4,4,4,3,3,5.0,0,0,0,0,0,1,1,3,3,1,0,0,0.0,0.0,5.0,0.0,0,
Company3629,10/18/2012,San Francisco,Tech,Finance,2,5.0,4.0,4.0,1,3,5,5,5,5,2,5,4.0,0,0,0,0,0,3,5,2,5,3,0,0,0.0,0.0,5.0,3.0,0,
Company3630,06/06/2007,San Francisco,Tech,Services,3,4.0,4.0,4.0,2,2,5,4,5,5,4,5,5.0,3,5,4,4,5,5,5,4,3,4,4,4,4.0,3.0,4.0,1.0,4,
Company3631,03/07/2011,San Jose,Tech,Finance,2,5.0,4.0,4.0,2,2,3,5,5,5,1,5,5.0,0,2,2,2,3,5,5,1,3,1,3,0,0.0,1.0,2.0,3.0,4,
Company3632,06/28/2012,San Francisco,Tech,Services,3,5.0,4.0,5.0,2,2,5,5,5,5,1,5,5.0,2,2,4,0,0,3,4,1,1,1,4,0,0.0,4.0,2.0,3.0,0,
Company3633,11/29/2008,Denver,Non-Tech,Services,4,3.0,4.0,4.0,2,2,5,4,5,4,3,4,4.0,4,0,0,0,3,3,3,2,3,1,3,0,0.0,0.0,2.0,3.0,0,
Company3634,08/15/2005,El Paso,Non-Tech,Services,9,7.5,4.5,7.5,4,4,10,8,8,8,10,6,6.0,3,8,12,3,12,5,15,3,2,5,2,4,5.0,12.5,10.0,5.0,20,
Company3635,01/04/2014,New York,Tech,Finance,1,5.0,4.0,4.0,2,3,1,4,4,4,4,4,5.0,0,0,0,1,0,5,3,1,1,1,0,0,0.0,1.0,2.0,3.0,0,
Company3636,08/01/2000,Omaha,Non-Tech,Services,4,3.0,4.0,4.0,2,2,5,4,5,5,3,5,5.0,0,0,0,0,0,5,5,2,3,3,2,2,2.0,0.0,3.0,3.0,0,
Company3637,04/09/2011,Memphis,Non-Tech,Finance,12,7.5,4.5,6.0,4,4,10,6,8,4,10,6,4.0,0,0,0,0,0,15,12,9,1,5,0,0,0.0,0.0,2.0,7.5,0,
Company3638,09/04/2009,Jacksonville,Non-Tech,Services,4,5.0,4.0,5.0,3,2,1,2,4,5,4,3,5.0,3,3,4,2,4,5,3,3,1,3,1,1,1.0,1.0,5.0,0.0,3,
Company3639,05/24/2007,San Jose,Tech,Services,2,5.0,4.0,5.0,1,4,5,4,4,5,5,5,5.0,2,0,4,0,0,3,1,1,4,1,0,0,2.0,0.0,1.0,3.0,0,
Company3640,12/29/2012,Boulder,Non-Tech,Services,4,5.0,4.0,4.0,1,2,5,3,4,5,5,4,5.0,3,2,5,3,3,3,5,4,5,5,3,3,3.0,3.0,3.0,1.0,5,
Company3641,04/09/2011,Indianapolis,Non-Tech,Services,12,7.5,4.5,6.0,6,4,10,6,8,8,10,6,6.0,0,4,0,0,0,15,12,6,1,10,0,2,0.0,0.0,5.0,7.5,0,
Company3642,08/20/2004,Boulder,Non-Tech,Finance,4,4.0,4.0,4.0,1,5,5,5,5,5,2,5,5.0,0,0,0,0,3,5,1,2,1,1,0,2,0.0,0.0,1.0,3.0,0,
Company3643,11/26/2009,Detroit,Non-Tech,Services,2,5.0,5.0,4.0,1,4,5,5,5,4,3,5,4.0,0,0,0,0,0,5,5,3,3,2,5,4,3.0,0.0,2.0,3.0,2,
Company3644,07/12/2013,Boulder,Non-Tech,Finance,2,3.0,4.0,4.0,2,1,5,3,4,4,2,3,4.0,0,0,0,0,0,3,5,2,4,2,0,0,0.0,0.0,2.0,2.0,0,
Company3645,12/12/2011,Boston,Non-Tech,Finance,6,1.0,5.0,7.5,5,4,10,5,10,10,2,10,5.0,0,0,0,0,1,25,15,12,2,1,0,1,1.0,0.0,5.0,7.5,0,
Company3646,11/01/2007,San Francisco,Tech,Services,5,5.0,4.0,5.0,1,4,5,4,4,5,5,3,4.0,5,5,5,5,0,5,5,4,5,4,5,4,4.0,1.0,5.0,0.0,3,
Company3647,07/10/2013,San Francisco,Tech,Finance,1,2.0,4.0,5.0,2,2,5,5,4,5,1,4,5.0,0,0,0,0,0,3,5,1,2,1,0,0,0.0,0.0,1.0,3.0,0,
Company3648,03/14/2012,New York,Tech,Services,3,4.0,4.0,4.0,1,2,5,5,5,5,2,5,5.0,1,2,12,1,12,3,2,3,2,1,1,1,1.0,2.5,5.0,3.0,4,
Company3649,11/25/2011,"Washington, D.C.",Non-Tech,Finance,3,5.0,3.0,4.0,2,3,5,5,5,5,1,5,5.0,3,0,0,3,0,3,4,2,1,1,4,0,0.0,0.0,3.0,3.0,0,
Company3650,12/20/1997,San Jose,Tech,Services,4,5.0,4.0,4.0,1,2,5,4,5,5,3,5,5.0,0,0,0,0,5,1,5,2,4,1,0,0,5.0,1.0,3.0,3.0,0,
Company3651,06/01/2009,Los Angeles,Non-Tech,Other,3,4.0,4.0,4.0,1,2,5,4,5,5,5,5,5.0,0,0,0,0,0,4,1,1,4,1,0,0,0.0,3.0,1.0,1.0,0,
Company3652,12/08/2012,San Francisco,Tech,Services,1,5.0,4.0,4.0,2,2,5,5,5,5,2,5,5.0,2,4,0,3,1,5,4,2,5,1,2,1,3.0,0.0,3.0,3.0,5,
Company3653,11/01/2006,New York,Tech,Services,6,5.0,6.0,7.5,3,2,10,5,8,5,5,6,5.0,4,4,3,3,4,5,4,3,3,5,1,2,2.5,2.5,2.5,2.0,5,
Company3654,01/23/2009,Los Angeles,Non-Tech,Finance,2,4.0,4.0,6.0,1,2,10,4,5,10,3,5,5.0,0,0,0,0,0,2,1,1,1,1,0,0,0.0,3.0,5.0,3.0,0,
Company3655,12/29/2012,New York,Tech,Services,4,5.0,4.0,4.0,1,2,5,3,4,5,5,4,5.0,5,0,4,3,3,3,5,4,5,5,4,4,4.0,3.0,4.0,1.0,5,
Company3656,09/15/2006,New York,Tech,Finance,4,5.0,4.0,6.0,4,4,10,8,5,10,2,10,5.0,0,0,0,0,0,25,4,1,2,1,0,0,0.0,0.0,2.0,5.0,0,
Company3657,10/21/2011,San Francisco,Tech,Finance,4,5.0,4.0,4.0,2,2,5,4,5,5,3,4,3.0,2,3,2,2,5,3,5,3,5,4,1,4,1.0,0.0,2.0,1.0,0,
Company3658,07/09/2012,Milwaukee,Non-Tech,Finance,1,2.0,5.0,4.0,1,2,1,5,4,4,2,4,3.0,0,0,0,0,0,1,1,1,1,1,0,0,0.0,0.0,2.0,3.0,0,35704000.0
Company3659,08/06/2009,San Jose,Tech,Finance,3,5.0,4.0,4.0,2,2,5,4,4,4,5,3,4.0,0,4,0,0,0,3,5,1,4,1,0,0,0.0,2.0,3.0,1.0,0,
Company3660,05/08/1995,Boston,Non-Tech,Finance,2,2.0,4.0,4.0,1,3,5,5,5,5,2,5,5.0,0,0,0,0,0,1,1,1,1,1,0,0,0.0,0.0,2.0,3.0,0,
Company3661,04/18/2006,San Francisco,Tech,Services,4,5.0,5.0,4.0,1,4,5,4,5,4,1,5,5.0,3,5,2,1,1,5,5,1,3,1,0,4,0.0,2.0,3.0,3.0,2,
Company3662,04/12/2012,Indianapolis,Non-Tech,Finance,6,5.0,4.0,3.0,6,2,5,3,4,10,1,4,5.0,0,0,0,0,0,3,5,4,5,5,0,0,0.0,0.0,4.0,1.0,0,
Company3663,04/12/2013,Oakland,Non-Tech,Finance,2,2.0,4.0,5.0,2,1,5,5,5,5,3,5,5.0,0,0,0,0,0,3,3,2,2,2,0,0,0.0,0.0,2.0,3.0,0,
Company3664,09/15/2007,Indianapolis,Non-Tech,Services,6,2.0,4.0,4.0,6,5,5,2,4,5,2,3,5.0,3,0,2,0,0,20,5,3,1,1,2,0,1.0,0.0,5.0,5.0,5,
Company3665,02/19/2010,San Francisco,Tech,Services,6,6.0,6.0,6.0,2,10,5,10,5,10,2,10,7.5,0,0,12,3,0,5,5,3,1,2,4,0,5.0,12.5,2.0,3.0,5,
Company3666,09/14/2009,San Jose,Tech,Finance,12,2.0,4.0,4.0,1,1,5,4,5,5,3,4,7.5,0,8,0,0,0,10,4,1,2,1,0,0,0.0,0.0,2.0,3.0,0,
Company3667,11/25/2011,Long Beach,Non-Tech,Finance,3,4.0,3.0,4.0,2,1,5,5,5,5,5,5,5.0,0,0,0,0,0,3,1,2,2,2,0,0,0.0,0.0,1.0,3.0,0,
Company3668,01/16/2009,Detroit,Non-Tech,Finance,4,5.0,4.0,4.0,1,2,5,4,5,5,2,4,5.0,0,0,5,3,0,25,5,5,4,5,3,0,3.0,0.0,10.0,2.0,4,
Company3669,12/03/2013,Boulder,Non-Tech,Services,4,5.0,4.0,5.0,1,4,5,4,4,5,3,4,5.0,0,0,0,0,0,3,3,1,1,1,0,0,0.0,0.0,3.0,1.0,0,
Company3670,04/22/2010,Long Beach,Non-Tech,Services,4,5.0,5.0,3.0,1,3,5,5,5,5,2,5,4.0,0,3,0,0,0,5,5,3,5,2,2,0,0.0,0.0,4.0,2.0,0,
Company3671,03/09/1998,New York,Tech,Services,3,5.0,4.0,5.0,1,3,5,4,4,4,2,3,4.0,3,3,5,2,4,5,4,2,2,2,2,2,0.0,4.0,2.0,3.0,3,
Company3672,01/22/2011,Richmond,Non-Tech,Finance,4,5.0,5.0,4.0,2,2,5,4,5,5,3,5,5.0,0,0,0,0,0,5,5,3,5,4,0,0,0.0,0.0,4.0,2.0,0,
Company3673,03/07/2010,Boulder,Non-Tech,Finance,4,5.0,4.0,5.0,1,4,5,4,5,5,1,5,5.0,3,0,0,0,3,5,5,2,2,1,2,0,4.0,5.0,3.0,3.0,3,
Company3674,09/09/2005,New York,Tech,Services,4,5.0,5.0,5.0,1,5,5,4,4,5,3,3,4.0,3,5,5,5,5,4,5,5,3,4,5,4,5.0,4.0,3.0,3.0,3,
Company3675,09/21/2012,Seattle,Non-Tech,Services,4,5.0,4.0,4.0,2,3,5,5,4,5,2,4,5.0,1,2,3,1,4,2,3,1,1,1,2,1,2.0,3.0,3.0,3.0,5,
Company3676,07/04/2008,"Washington, D.C.",Non-Tech,Finance,12,7.5,6.0,4.0,2,6,5,5,5,8,6,8,6.0,0,0,0,0,0,3,15,3,2,1,0,0,0.0,0.0,1.0,3.0,0,
Company3677,10/22/2006,Boulder,Non-Tech,Finance,9,6.0,6.0,6.0,4,6,10,10,10,10,2,10,7.5,0,0,0,0,0,5,6,9,2,5,0,0,0.0,0.0,5.0,7.5,0,
Company3678,10/18/2012,San Francisco,Tech,Finance,4,5.0,4.0,5.0,1,3,5,5,5,5,4,5,5.0,0,0,5,0,0,3,5,3,5,3,3,0,0.0,1.0,5.0,3.0,0,
Company3679,06/13/2006,Milwaukee,Non-Tech,Services,12,2.0,6.0,4.0,3,3,2,5,5,10,3,5,7.5,1,4,3,3,12,20,15,1,2,3,2,5,3.0,2.5,1.0,2.0,25,
Company3680,01/16/2009,Oklahoma City,Non-Tech,Services,9,5.0,4.0,4.0,1,2,5,4,5,5,2,5,5.0,3,3,5,3,4,4,5,3,3,5,3,3,3.0,4.0,3.0,2.0,0,
Company3681,03/14/2012,Los Angeles,Non-Tech,Services,3,4.0,4.0,4.0,1,2,5,5,5,5,2,5,5.0,1,2,2,1,1,3,2,1,2,1,1,1,1.0,2.0,1.0,3.0,4,
Company3682,12/03/2013,St. Louis,Non-Tech,Finance,6,4.5,6.0,5.0,2,2,5,8,4,5,10,10,7.5,6,0,0,3,12,25,4,6,1,10,2,0,2.5,0.0,5.0,2.0,0,
Company3683,03/15/2011,Palo Alto,Non-Tech,Services,4,7.5,6.0,3.0,2,2,5,8,10,10,1,4,4.0,0,0,0,0,3,10,5,3,1,1,0,0,3.0,0.0,3.0,7.5,5,
Company3684,03/30/2002,San Francisco,Tech,Finance,4,5.0,4.0,4.0,1,4,5,5,5,5,2,5,5.0,0,0,0,0,0,3,3,1,4,2,0,0,0.0,0.0,3.0,3.0,0,
Company3685,01/31/2012,New York,Tech,Finance,3,3.0,4.0,3.0,2,2,10,5,5,5,10,5,7.5,0,0,0,6,0,4,4,6,1,10,4,4,5.0,0.0,5.0,7.5,0,
Company3686,04/01/2000,San Francisco,Tech,Finance,4,5.0,4.0,4.0,2,8,5,4,5,5,4,6,4.0,0,0,0,0,0,5,5,2,2,2,0,0,0.0,0.0,3.0,3.0,0,
Company3687,12/18/1998,San Francisco,Tech,Other,4,5.0,4.0,4.0,1,2,5,4,4,4,3,4,3.0,2,0,0,0,5,5,5,3,5,4,0,4,1.0,2.0,5.0,1.0,4,
Company3688,02/26/2010,New York,Tech,Services,12,7.5,3.0,4.0,4,4,10,8,10,10,6,8,6.0,0,0,5,3,0,15,12,6,2,15,0,2,0.0,0.0,2.5,7.5,0,
Company3689,02/21/2013,Kansas City,Non-Tech,Services,3,4.0,4.0,4.0,2,2,5,5,5,5,1,5,5.0,0,0,0,0,0,2,1,1,1,1,0,0,0.0,0.0,1.0,2.0,0,
Company3690,08/24/1996,San Francisco,Tech,Services,2,5.0,4.0,4.0,2,2,5,3,4,5,5,2,5.0,3,4,4,1,4,4,5,5,3,5,5,5,5.0,2.0,5.0,1.0,5,
Company3691,07/14/2007,San Francisco,Tech,Services,1,7.5,4.0,6.0,4,3,1,10,4,10,4,10,4.0,0,0,12,15,15,10,15,3,2,2,10,0,12.5,0.0,1.0,7.5,15,
Company3692,10/10/2013,Sacramento,Non-Tech,Services,2,3.0,4.0,4.0,2,2,5,4,5,5,2,5,5.0,0,0,0,0,0,4,4,3,2,2,0,0,0.0,0.0,1.0,3.0,0,
Company3693,03/05/2012,New York,Tech,Finance,6,6.0,6.0,7.5,6,10,10,4,10,10,4,10,7.5,0,0,0,0,0,2,3,1,1,5,0,0,0.0,0.0,2.5,7.5,0,
Company3694,10/18/2012,Phoenix,Non-Tech,Services,2,2.0,4.0,4.0,2,3,5,5,5,5,2,5,5.0,2,2,4,1,4,5,3,1,1,2,1,1,1.0,1.0,2.0,3.0,0,
Company3695,11/27/2008,Philadelphia,Non-Tech,Finance,4,4.0,4.0,4.0,1,5,5,4,5,5,3,5,5.0,0,0,0,0,0,4,5,2,5,1,0,0,0.0,0.0,2.0,2.0,0,
Company3696,10/26/2009,Los Angeles,Non-Tech,Finance,4,5.0,4.0,5.0,1,4,5,4,4,4,5,3,4.0,0,0,0,0,0,5,5,5,2,4,0,0,0.0,0.0,5.0,2.0,0,
Company3697,09/29/2012,New York,Tech,Services,9,7.5,6.0,7.5,8,6,10,10,8,8,4,6,6.0,3,2,9,3,12,25,12,6,2,10,4,4,5.0,2.5,7.5,2.5,20,38713000.0
Company3698,11/01/2006,Boston,Non-Tech,Finance,2,2.0,6.0,3.0,6,8,1,5,5,10,4,5,5.0,0,0,0,0,0,5,6,3,2,1,0,0,2.5,2.5,2.0,3.0,0,
Company3699,12/31/1997,Oklahoma City,Non-Tech,Services,2,4.5,6.0,4.0,4,2,5,4,4,5,2,10,4.0,3,0,0,3,4,5,4,1,1,2,0,0,3.0,0.0,5.0,3.0,0,
Company3700,12/06/2013,San Francisco,Tech,Services,2,3.0,4.0,4.0,1,5,5,5,5,5,2,5,5.0,0,0,12,0,0,2,3,1,2,10,0,0,0.0,0.0,1.0,3.0,0,
Company3701,03/19/2012,San Francisco,Tech,Services,2,7.5,6.0,7.5,4,4,10,4,6,5,3,2,6.0,5,8,15,1,15,25,15,15,1,5,10,10,12.5,2.5,2.0,2.5,5,
Company3702,11/25/2011,"Washington, D.C.",Non-Tech,Services,2,4.0,4.0,4.0,2,2,5,2,4,5,5,3,5.0,4,2,3,2,0,1,3,1,1,1,3,0,2.0,2.0,2.0,3.0,3,
Company3703,03/02/1998,San Jose,Tech,Finance,3,4.0,4.0,4.0,2,3,5,5,5,5,1,5,5.0,0,0,0,0,0,3,1,1,2,1,0,0,0.0,0.0,1.0,3.0,0,
Company3704,04/18/2008,Philadelphia,Non-Tech,Finance,3,4.0,4.0,4.0,2,2,5,5,5,5,1,5,5.0,0,0,0,0,0,2,2,1,2,1,0,0,0.0,0.0,3.0,3.0,0,
Company3705,07/12/2013,San Francisco,Tech,Services,4,5.0,4.0,4.0,1,3,5,3,4,5,5,4,5.0,0,0,0,0,0,4,5,2,4,3,0,0,0.0,0.0,4.0,1.0,0,
Company3706,03/21/2012,San Francisco,Tech,Finance,4,5.0,4.0,4.0,1,3,5,4,4,5,4,4,5.0,0,0,0,0,0,1,4,1,2,1,0,0,0.0,0.0,4.0,3.0,0,41009000.0
Company3707,02/19/2010,Philadelphia,Non-Tech,Services,4,5.0,4.0,4.0,1,2,5,5,5,5,2,5,5.0,3,4,0,0,0,5,5,1,3,2,2,3,2.0,0.0,2.0,3.0,0,
Company3708,08/01/2010,New York,Tech,Finance,4,5.0,4.0,4.0,1,5,5,4,5,5,3,5,5.0,0,0,0,0,0,1,5,2,4,1,0,0,0.0,0.0,2.0,3.0,0,
Company3709,12/04/2012,San Francisco,Tech,Services,2,3.0,4.0,4.0,1,4,5,4,5,5,2,5,5.0,0,0,3,0,4,1,3,1,2,1,0,1,2.0,0.0,3.0,3.0,5,
Company3710,07/12/2013,New York,Tech,Services,4,5.0,4.0,4.0,1,2,5,3,4,5,5,4,5.0,0,5,0,3,0,4,5,5,4,5,2,2,0.0,1.0,5.0,0.0,15,
Company3711,12/17/2006,San Francisco,Tech,Finance,4,4.0,4.0,4.0,2,2,5,5,5,4,4,5,5.0,0,0,0,0,0,5,1,3,3,1,0,0,0.0,0.0,2.0,3.0,0,
Company3712,03/02/1998,San Francisco,Tech,Finance,3,4.0,4.0,4.0,2,3,5,5,5,5,1,5,5.0,0,0,0,0,0,3,1,1,5,1,0,0,0.0,0.0,1.0,3.0,0,
Company3713,01/04/2014,Baltimore,Non-Tech,Services,4,5.0,4.0,4.0,1,3,5,5,5,5,2,5,5.0,0,0,0,0,0,5,4,1,3,4,0,0,0.0,0.0,2.0,2.0,0,
Company3714,04/14/2010,San Jose,Tech,Finance,4,5.0,4.0,4.0,1,2,5,5,4,4,1,4,4.0,0,0,0,3,0,3,5,1,1,1,0,0,0.0,0.0,2.0,3.0,0,
Company3715,07/20/2007,San Francisco,Tech,Finance,2,5.0,4.0,4.0,2,2,5,5,5,5,2,5,5.0,0,0,0,1,0,2,4,2,3,3,3,2,3.0,0.0,2.0,3.0,0,
Company3716,03/29/2013,San Francisco,Tech,Finance,4,4.0,4.0,3.0,1,4,5,5,5,5,4,5,5.0,1,0,0,0,0,3,4,1,4,2,0,0,0.0,0.0,3.0,3.0,0,
Company3717,07/18/2011,Denver,Non-Tech,Finance,4,5.0,4.0,3.0,1,2,1,5,5,5,3,5,5.0,0,0,0,0,0,1,1,1,1,1,0,0,0.0,0.0,2.0,7.5,0,
Company3718,07/23/2011,Chicago,Non-Tech,Services,2,1.0,5.0,3.0,5,1,1,5,5,5,1,5,5.0,0,0,0,0,0,1,1,1,1,1,0,0,0.0,0.0,1.0,3.0,0,
Company3719,07/10/2004,Boulder,Non-Tech,Services,2,4.0,3.0,5.0,1,2,5,4,4,5,2,4,5.0,2,2,4,0,4,2,5,1,2,1,5,3,2.0,1.0,2.0,2.0,0,
Company3720,12/23/2011,San Francisco,Tech,Services,4,5.0,4.0,4.0,2,3,5,4,5,5,2,3,5.0,0,4,5,0,0,4,3,2,4,2,5,0,0.0,0.0,3.0,2.0,0,
Company3721,04/12/2013,San Francisco,Tech,Other,2,4.0,4.0,4.0,2,3,5,5,5,5,1,5,5.0,0,0,0,0,0,1,1,1,2,2,0,0,0.0,0.0,3.0,3.0,0,
Company3722,10/15/2012,Boston,Non-Tech,Finance,3,3.0,4.0,4.0,2,2,5,4,5,5,4,5,5.0,0,0,0,0,0,3,4,2,1,2,0,4,0.0,0.0,2.0,3.0,0,
Company3723,02/27/2013,Dallas,Non-Tech,Services,3,3.0,4.0,4.0,2,2,5,4,8,5,10,4,7.5,0,0,0,0,0,4,1,1,1,1,0,0,0.0,0.0,2.0,3.0,0,
Company3724,08/07/2013,Milwaukee,Non-Tech,Services,5,4.5,4.0,6.0,2,4,2,6,4,4,10,6,6.0,0,0,0,0,0,5,5,6,2,4,5,0,0.0,1.0,5.0,0.0,0,
Company3725,10/10/2013,Atlanta,Non-Tech,Finance,2,3.0,4.0,4.0,2,3,5,5,5,5,2,5,4.0,0,0,0,0,0,1,3,1,2,1,0,0,0.0,0.0,1.0,3.0,0,
Company3726,04/04/2012,San Francisco,Tech,Finance,5,5.0,4.0,5.0,2,2,5,4,4,4,5,3,5.0,0,0,0,1,0,5,5,3,5,3,0,0,0.0,2.0,5.0,0.0,0,
Company3727,06/01/2012,San Francisco,Tech,Finance,2,2.0,4.0,4.0,2,2,4,4,5,5,3,5,5.0,0,0,0,0,0,4,3,1,1,2,0,0,0.0,0.0,2.0,3.0,0,
Company3728,10/29/2007,Denver,Non-Tech,Finance,3,5.0,4.0,4.0,1,2,5,4,4,4,3,4,4.0,0,0,0,0,0,4,3,1,3,1,0,0,0.0,0.0,4.0,2.0,0,
Company3729,10/04/2013,Louisville,Non-Tech,Finance,12,4.5,2.0,6.0,4,1,10,4,8,5,3,10,7.5,0,0,0,0,0,4,2,15,1,15,0,0,0.0,0.0,2.0,7.5,0,
Company3730,07/04/2011,Detroit,Non-Tech,Services,12,7.5,6.0,6.0,2,4,10,6,8,10,2,8,7.5,0,0,0,0,0,15,15,12,5,25,0,0,0.0,0.0,10.0,2.5,0,
Company3731,07/10/2013,San Francisco,Tech,Services,12,3.0,6.0,6.0,2,4,10,5,10,10,3,10,7.5,0,8,12,0,9,1,15,1,3,25,10,6,0.0,0.0,5.0,7.5,20,
Company3732,03/05/2012,New York,Tech,Other,4,6.0,6.0,4.0,2,10,5,4,5,5,3,5,7.5,0,0,0,0,0,5,1,9,2,1,0,0,0.0,0.0,2.5,2.0,0,
Company3733,04/12/2013,Chicago,Non-Tech,Finance,2,4.0,4.0,5.0,2,1,5,5,5,5,2,5,5.0,0,0,0,0,0,3,3,2,2,2,0,0,0.0,0.0,1.0,3.0,0,
Company3734,03/06/2013,Riverside,Non-Tech,Other,2,3.0,4.0,3.0,1,5,5,5,5,5,2,5,4.0,0,0,2,0,0,3,2,1,1,1,0,0,5.0,0.0,4.0,3.0,3,
Company3735,11/25/2008,San Francisco,Tech,Finance,2,2.0,4.0,4.0,2,2,5,5,5,5,2,5,5.0,0,0,0,0,0,3,4,1,2,1,0,0,0.0,0.0,2.0,3.0,0,45904000.0
Company3736,12/27/2005,New York,Tech,Services,3,5.0,4.0,5.0,3,3,5,4,4,5,4,2,5.0,1,3,3,1,4,5,5,4,2,2,1,1,1.0,1.0,3.0,1.0,3,20188000.0
Company3737,07/22/2010,New York,Tech,Services,2,3.0,4.0,4.0,2,1,5,5,5,5,2,5,5.0,3,4,4,1,3,4,4,2,1,2,3,4,2.0,5.0,2.0,3.0,5,
Company3738,08/25/2007,Oakland,Non-Tech,Finance,4,5.0,4.0,5.0,1,3,5,4,4,5,3,4,5.0,0,0,12,0,0,2,5,1,3,10,0,0,0.0,0.0,4.0,3.0,0,
Company3739,11/17/2009,Omaha,Non-Tech,Other,5,5.0,4.0,4.0,2,2,5,4,4,4,5,3,4.0,0,4,0,2,0,5,5,1,1,3,3,3,3.0,3.0,3.0,2.0,3,
Company3740,12/04/1999,San Jose,Tech,Services,2,4.0,4.0,4.0,1,3,5,5,5,5,2,5,5.0,0,0,0,0,0,1,1,1,1,1,0,0,0.0,0.0,2.0,3.0,0,
Company3741,02/19/2010,Indianapolis,Non-Tech,Finance,3,5.0,4.0,4.0,3,2,5,4,5,5,3,5,5.0,0,0,0,0,0,5,5,3,3,2,0,0,0.0,0.0,2.0,3.0,0,
Company3742,10/06/2007,Boulder,Non-Tech,Finance,3,4.0,5.0,3.0,2,2,5,4,4,5,2,4,5.0,0,0,0,0,0,2,1,1,1,1,0,0,0.0,0.0,2.0,3.0,0,
Company3743,11/05/2009,Boston,Non-Tech,Finance,3,5.0,4.0,4.0,2,3,5,5,5,5,2,5,5.0,0,4,4,3,4,5,1,2,2,3,5,4,3.0,0.0,4.0,3.0,5,
Company3744,09/09/2010,Bellevue,Non-Tech,Finance,1,2.0,3.0,4.0,2,2,5,4,4,5,2,4,5.0,0,0,0,2,0,3,1,1,1,1,0,0,0.0,0.0,2.0,3.0,0,
Company3745,01/14/2011,San Francisco,Tech,Finance,3,5.0,4.0,4.0,1,4,5,10,5,5,1,5,5.0,9,8,0,0,12,2,4,2,2,15,0,0,0.0,0.0,10.0,3.0,0,
Company3746,05/18/1998,Los Angeles,Non-Tech,Services,6,4.5,6.0,3.0,1,4,10,5,8,5,10,6,6.0,15,10,15,9,12,1,15,1,2,1,0,10,0.0,0.0,7.5,5.0,0,
Company3747,05/24/2007,New York,Tech,Services,2,1.0,4.0,5.0,1,4,1,4,4,4,5,3,5.0,2,0,4,2,0,1,2,2,1,1,0,2,2.0,1.0,1.0,2.0,1,
Company3748,11/01/2007,San Francisco,Tech,Services,5,5.0,4.0,4.0,2,4,5,4,4,4,3,3,5.0,0,2,5,0,0,5,5,3,3,4,5,4,0.0,1.0,2.0,3.0,0,
Company3749,08/07/2013,Milwaukee,Non-Tech,Finance,4,5.0,4.0,5.0,3,2,5,3,4,8,10,4,5.0,0,0,0,0,0,5,5,5,5,10,0,0,0.0,0.0,5.0,7.5,0,
Company3750,04/18/2006,Boulder,Non-Tech,Services,4,5.0,4.0,4.0,1,5,5,4,5,5,1,5,5.0,2,1,0,1,0,1,3,1,2,1,2,1,0.0,5.0,3.0,3.0,5,
Company3751,08/13/2009,San Francisco,Tech,Finance,6,6.0,6.0,7.5,1,10,5,10,10,10,4,10,7.5,0,0,0,0,0,20,6,5,1,5,0,0,0.0,0.0,10.0,5.0,0,
Company3752,10/06/2010,San Francisco,Tech,Finance,5,5.0,4.0,5.0,2,4,1,3,4,4,5,5,5.0,2,2,0,0,0,4,4,1,1,1,0,2,0.0,4.0,3.0,3.0,0,
Company3753,07/15/2011,Seattle,Non-Tech,Services,4,3.0,3.0,5.0,2,1,3,4,4,5,3,4,5.0,4,2,4,4,3,2,5,1,5,2,0,4,2.0,2.0,2.0,2.0,3,
Company3754,02/09/2010,Portland,Non-Tech,Services,3,4.0,4.0,4.0,2,2,5,4,4,4,5,5,4.0,1,2,4,1,3,5,5,3,2,5,3,3,3.0,3.0,1.0,3.0,5,
Company3755,05/03/2013,San Jose,Tech,Finance,2,5.0,4.0,4.0,1,3,5,5,5,5,2,5,5.0,0,0,0,0,0,1,1,1,1,1,0,0,0.0,0.0,3.0,3.0,0,
Company3756,06/24/2011,San Francisco,Tech,Services,4,3.0,4.0,5.0,2,2,5,4,5,4,2,3,5.0,2,4,0,5,4,4,4,2,3,2,0,2,0.0,5.0,1.0,2.0,5,
Company3757,10/14/2013,"Washington, D.C.",Non-Tech,Finance,2,5.0,4.0,4.0,2,2,5,4,5,5,5,5,5.0,0,4,4,0,0,1,5,1,2,4,0,0,0.0,0.0,5.0,3.0,0,
Company3758,04/06/1998,San Francisco,Tech,Services,6,3.0,4.0,4.0,4,8,3,10,10,10,4,5,5.0,0,0,0,3,12,1,1,3,2,1,0,0,0.0,0.0,2.5,7.5,0,
Company3759,05/05/2007,Tucson,Non-Tech,Services,2,5.0,4.0,4.0,1,4,5,5,5,5,2,4,5.0,3,5,3,4,3,3,5,1,3,2,5,5,0.0,4.0,3.0,3.0,0,
Company3760,09/13/2006,San Francisco,Tech,Finance,2,5.0,4.0,4.0,2,2,5,5,5,5,4,4,5.0,1,2,3,1,4,1,1,1,1,1,0,1,0.0,3.0,1.0,3.0,5,
Company3761,05/06/2013,Riverside,Non-Tech,Finance,6,3.0,4.0,4.0,1,10,5,5,5,5,1,5,5.0,0,0,12,0,0,1,2,1,2,1,4,0,5.0,0.0,2.5,3.0,0,
Company3762,07/12/2012,Nashville,Non-Tech,Finance,2,3.0,4.0,3.0,1,4,5,5,5,5,2,5,5.0,0,0,0,0,0,1,2,1,1,5,0,0,0.0,0.0,3.0,2.0,0,
Company3763,08/02/2010,New York,Tech,Services,4,5.0,3.0,4.0,2,3,5,4,5,5,3,5,4.0,0,2,0,0,0,5,5,1,2,5,4,0,0.0,0.0,2.0,2.0,5,
Company3764,06/13/2006,Raleigh,Non-Tech,Services,3,4.0,4.0,3.0,3,2,2,5,5,5,4,5,5.0,0,2,4,3,4,5,1,1,1,5,4,4,3.0,5.0,1.0,2.0,5,
Company3765,09/01/2010,Bellevue,Non-Tech,Services,9,6.0,6.0,6.0,4,6,10,6,8,10,10,8,7.5,9,10,15,3,12,15,15,9,2,25,6,4,7.5,2.5,5.0,7.5,20,47806000.0
Company3766,01/07/2011,San Francisco,Tech,Finance,3,4.0,4.0,4.0,2,2,5,5,5,5,2,5,5.0,0,0,0,0,0,3,1,1,3,1,0,0,0.0,0.0,2.0,3.0,0,
Company3767,11/21/2009,Los Angeles,Non-Tech,Finance,12,4.0,3.0,4.0,4,2,10,8,5,10,1,8,6.0,1,4,4,0,4,15,1,1,2,15,0,2,2.0,0.0,2.5,3.0,0,
Company3768,06/08/2000,San Francisco,Tech,Finance,3,5.0,4.0,4.0,2,2,5,5,4,5,4,4,5.0,0,5,0,4,0,2,5,3,2,1,0,4,1.0,0.0,2.0,3.0,0,
Company3769,09/26/2009,San Francisco,Tech,Services,3,5.0,4.0,4.0,2,5,5,5,4,4,1,5,5.0,4,5,4,5,4,2,5,2,3,1,0,5,5.0,3.0,3.0,1.0,3,
Company3770,08/30/2013,Boulder,Non-Tech,Services,4,4.0,4.0,4.0,1,3,5,3,4,5,5,4,5.0,0,0,0,0,0,4,1,4,4,5,0,0,0.0,0.0,4.0,3.0,0,
Company3771,08/02/1995,Chicago,Non-Tech,Services,4,4.0,4.0,5.0,2,4,5,1,5,5,2,2,5.0,5,5,5,4,5,3,5,1,1,2,5,5,4.0,4.0,3.0,2.0,5,
Company3772,12/07/2004,Memphis,Non-Tech,Finance,1,5.0,3.0,4.0,2,1,5,4,4,4,3,4,4.0,0,0,0,0,0,5,5,2,2,5,0,0,0.0,0.0,2.0,3.0,0,
Company3773,10/28/2008,San Francisco,Tech,Services,3,5.0,4.0,4.0,2,3,5,4,5,5,4,5,5.0,3,4,5,4,5,5,5,3,3,3,5,5,3.0,4.0,4.0,3.0,5,
Company3774,11/12/2010,Pittsburgh,Non-Tech,Services,4,5.0,4.0,4.5,1,3,5,5,5,5,2,5,5.0,3,4,4,3,5,1,4,1,3,2,2,3,0.0,5.0,2.0,3.0,5,
Company3775,04/12/2012,San Francisco,Tech,Finance,2,7.5,4.0,4.0,1,3,10,5,5,5,1,4,6.0,0,0,0,0,0,3,1,1,1,5,0,0,0.0,0.0,1.0,2.5,0,
Company3776,12/07/2004,Tucson,Non-Tech,Other,4,5.0,3.0,4.0,2,2,5,4,5,5,3,5,5.0,0,0,0,0,0,5,5,2,2,5,0,0,0.0,0.0,2.0,2.0,0,
Company3777,01/07/2011,Boulder,Non-Tech,Services,2,4.0,4.0,4.0,2,3,5,5,5,5,1,5,5.0,0,0,0,0,0,1,3,1,2,1,0,0,0.0,0.0,3.0,2.0,0,
Company3778,07/12/2013,Boulder,Non-Tech,Services,4,5.0,4.0,4.0,1,3,5,3,4,5,4,4,5.0,0,0,0,0,0,4,5,4,4,2,0,0,0.0,0.0,5.0,1.0,0,
Company3779,05/03/2013,San Francisco,Tech,Finance,4,5.0,4.0,4.0,2,2,5,5,5,4,1,5,4.0,0,0,3,1,0,3,1,2,3,1,4,0,0.0,0.0,3.0,3.0,0,
Company3780,05/08/1996,Philadelphia,Non-Tech,Services,4,5.0,4.0,3.0,1,2,5,4,4,5,5,4,5.0,2,2,4,2,4,5,5,4,3,5,3,3,3.0,4.0,3.0,2.0,4,39039000.0
Company3781,09/26/2006,San Francisco,Tech,Finance,12,6.0,4.0,6.0,2,8,10,10,5,10,4,10,7.5,3,4,0,3,12,5,15,3,5,20,4,4,3.0,2.5,7.5,5.0,25,
Company3782,12/18/1998,New York,Tech,Services,2,5.0,4.0,4.0,1,2,1,5,5,5,2,5,5.0,3,5,3,3,3,2,5,3,2,1,1,5,5.0,2.0,2.0,1.0,3,
Company3783,05/18/1998,Durham,Non-Tech,Finance,2,3.0,6.0,4.0,2,4,3,5,5,5,2,6,6.0,15,0,0,9,0,5,1,6,1,20,0,0,0.0,0.0,1.0,5.0,0,
Company3784,10/14/2013,"Washington, D.C.",Non-Tech,Finance,3,4.0,4.0,4.0,2,2,5,5,5,5,1,5,5.0,0,0,0,0,0,5,2,1,1,4,0,0,0.0,0.0,3.0,3.0,0,
Company3785,09/15/2006,San Francisco,Tech,Finance,9,6.0,3.0,4.0,4,1,10,3,10,10,6,3,4.0,0,0,5,5,0,25,5,5,4,20,0,5,5.0,0.0,4.0,5.0,5,
Company3786,01/16/2009,San Francisco,Tech,Services,4,5.0,4.0,4.0,1,2,5,5,5,5,2,5,5.0,3,3,5,3,4,4,5,5,3,5,3,3,3.0,4.0,3.0,2.0,0,
Company3787,12/17/2006,Pittsburgh,Non-Tech,Services,3,5.0,4.0,4.0,2,2,5,5,4,4,2,4,4.0,0,0,0,0,0,5,5,2,2,1,0,0,0.0,0.0,5.0,3.0,0,
Company3788,12/28/2010,Chicago,Non-Tech,Services,4,5.0,4.0,5.0,1,2,5,5,5,5,2,3,5.0,1,2,4,2,4,4,5,3,4,1,5,2,3.0,3.0,5.0,2.0,4,
Company3789,09/15/2007,Houston,Non-Tech,Finance,6,4.0,6.0,7.5,6,4,10,10,10,10,2,8,7.5,0,0,0,0,0,20,3,3,1,3,0,0,0.0,0.0,5.0,5.0,0,
Company3790,01/03/2013,Tucson,Non-Tech,Finance,3,3.0,5.0,3.0,2,2,5,5,5,5,3,5,5.0,0,0,0,0,0,4,1,1,3,1,0,0,0.0,0.0,1.0,3.0,0,
Company3791,01/04/2014,San Francisco,Tech,Finance,4,5.0,4.0,4.0,2,5,5,5,4,5,2,5,4.0,0,0,0,0,0,5,4,1,3,4,0,0,0.0,0.0,2.0,3.0,0,
Company3792,11/22/2007,San Jose,Tech,Finance,6,4.0,5.0,3.0,1,3,5,5,5,5,2,10,5.0,0,0,0,0,0,2,3,3,1,5,0,0,0.0,0.0,5.0,3.0,0,
Company3793,03/07/2011,San Jose,Tech,Finance,4,5.0,4.0,3.0,1,2,5,4,5,5,1,5,5.0,3,2,0,2,3,2,2,1,3,2,0,3,0.0,4.0,2.0,3.0,0,
Company3794,10/28/2008,San Francisco,Tech,Services,5,5.0,4.0,4.0,2,4,5,4,4,5,5,3,4.0,0,0,0,4,0,5,5,3,5,3,5,0,0.0,0.0,5.0,0.0,5,
Company3795,08/27/1999,Dallas,Non-Tech,Services,4,5.0,3.0,4.0,2,2,5,2,4,5,5,5,5.0,3,2,4,3,4,5,4,1,1,1,0,0,0.0,3.0,2.0,3.0,5,
Company3796,12/08/2012,Boulder,Non-Tech,Services,2,4.0,4.0,4.0,1,2,5,5,5,5,3,5,5.0,3,4,0,4,1,5,4,2,4,3,2,1,3.0,0.0,3.0,3.0,1,
Company3797,05/03/2013,Los Angeles,Non-Tech,Finance,2,5.0,4.0,4.0,1,2,5,5,8,4,1,5,5.0,0,0,0,0,0,3,1,2,3,1,0,0,0.0,0.0,1.0,3.0,0,
Company3798,12/03/2012,New York,Tech,Finance,3,3.0,4.0,4.0,2,2,5,5,5,5,1,5,5.0,5,4,4,0,0,1,3,2,3,4,3,0,4.0,0.0,2.0,2.0,0,
Company3799,03/05/2012,New York,Tech,Finance,6,5.0,6.0,4.0,6,10,10,10,10,10,3,4,7.5,0,0,0,0,0,4,6,9,4,5,0,2,0.0,0.0,2.5,7.5,0,
Company3800,04/12/2012,Boulder,Non-Tech,Finance,2,2.0,4.0,4.0,1,2,1,5,4,5,1,4,5.0,0,0,0,3,0,2,1,1,1,1,0,0,0.0,0.0,1.0,7.5,0,
Company3801,02/26/2010,New York,Tech,Finance,12,7.5,2.0,5.0,4,4,5,8,4,8,3,8,6.0,0,0,0,0,0,15,2,1,2,15,0,0,0.0,0.0,3.0,7.5,0,
Company3802,11/22/2009,Milwaukee,Non-Tech,Finance,2,4.0,5.0,4.0,2,2,5,3,4,5,5,2,5.0,3,0,0,1,0,4,2,1,2,1,0,0,0.0,0.0,2.0,3.0,0,
Company3803,07/12/2013,Detroit,Non-Tech,Finance,2,3.0,4.0,4.0,2,1,5,3,4,4,5,3,4.0,0,0,0,0,0,3,5,2,4,2,0,0,0.0,0.0,3.0,2.0,0,
Company3804,03/07/2010,San Francisco,Tech,Services,4,3.0,4.0,4.0,1,3,5,4,5,5,3,5,4.0,3,1,3,1,3,3,2,1,2,1,4,4,4.0,2.0,1.0,3.0,3,
Company3805,05/01/1998,Seattle,Non-Tech,Finance,12,7.5,6.0,5.0,2,4,10,4,4,10,8,3,7.5,0,0,0,0,0,5,1,9,1,3,0,0,0.0,0.0,10.0,7.5,0,
Company3806,03/18/2007,New York,Tech,Services,4,6.0,4.0,5.0,6,4,10,5,10,10,2,10,5.0,3,0,0,0,0,25,6,1,3,2,0,4,3.0,0.0,3.0,3.0,5,
Company3807,08/20/2011,New York,Tech,Services,2,6.0,4.0,6.0,2,1,5,5,5,5,2,5,7.5,3,4,4,1,3,5,6,2,1,2,3,4,0.0,5.0,2.0,7.5,5,
Company3808,01/07/2011,San Jose,Tech,Services,4,4.0,4.0,4.0,2,2,5,5,5,5,1,5,5.0,0,0,0,0,0,1,4,1,3,1,3,0,0.0,0.0,3.0,2.0,0,
Company3809,02/01/2012,Milwaukee,Non-Tech,Finance,3,7.5,4.5,6.0,3,3,10,10,4,5,3,10,5.0,6,2,6,0,0,20,1,3,2,5,6,0,0.0,0.0,1.0,3.0,10,
Company3810,10/06/2006,Los Angeles,Non-Tech,Services,4,3.0,4.0,4.0,2,2,5,4,4,5,2,5,5.0,0,3,4,3,4,3,5,2,1,2,1,3,1.0,0.0,1.0,3.0,4,
Company3811,12/04/1999,San Francisco,Tech,Finance,2,4.0,6.0,4.0,1,3,5,5,5,4,2,5,5.0,0,0,0,0,0,1,1,3,1,1,0,0,0.0,0.0,2.0,3.0,0,
Company3812,07/30/2010,San Francisco,Tech,Finance,12,5.0,4.0,5.0,4,6,5,5,4,8,2,4,4.0,4,0,0,0,0,20,4,1,2,4,2,2,0.0,0.0,5.0,5.0,0,
Company3813,01/23/2009,Cleveland,Non-Tech,Finance,2,4.0,4.0,4.0,1,2,5,4,5,5,3,5,5.0,0,0,0,0,0,2,1,1,1,1,0,0,0.0,0.0,1.0,3.0,0,
Company3814,09/17/2009,New York,Tech,Finance,3,6.0,4.0,4.0,1,5,5,5,10,10,2,5,7.5,2,2,0,0,3,1,1,1,2,4,0,0,1.0,0.0,5.0,3.0,0,
Company3815,02/06/2007,Dallas,Non-Tech,Finance,4,3.0,4.0,4.0,1,1,3,4,5,5,3,5,4.0,0,0,0,0,0,3,2,1,2,1,0,0,3.0,0.0,1.0,3.0,0,
Company3816,08/22/2004,San Francisco,Tech,Finance,3,3.0,4.0,4.0,2,2,2,4,4,5,4,4,7.5,0,0,0,0,0,5,3,2,4,1,0,0,0.0,0.0,2.5,3.0,0,
Company3817,08/07/2013,Boulder,Non-Tech,Finance,4,5.0,4.0,6.0,2,2,5,6,8,8,3,4,6.0,0,0,0,0,0,10,5,6,4,2,0,0,0.0,0.0,5.0,7.5,0,
Company3818,06/05/2012,San Francisco,Tech,Finance,2,4.0,4.0,3.0,2,1,5,5,5,5,5,5,5.0,0,0,0,0,0,3,1,1,1,1,0,0,0.0,0.0,1.0,2.0,0,
Company3819,05/06/2013,Sacramento,Non-Tech,Finance,2,5.0,4.0,4.0,2,2,5,4,4,5,4,3,5.0,0,0,0,0,0,3,5,3,3,1,0,0,0.0,0.0,2.0,3.0,0,
Company3820,06/24/2012,San Jose,Tech,Finance,4,7.5,4.0,3.0,1,2,5,4,5,5,4,5,5.0,0,0,0,15,0,5,5,4,4,5,0,0,0.0,0.0,3.0,7.5,5,
Company3821,03/18/2007,Boston,Non-Tech,Finance,2,4.0,5.0,3.0,1,2,5,5,5,5,1,5,5.0,0,5,0,0,0,3,1,2,1,4,0,0,0.0,0.0,1.0,3.0,5,
Company3822,08/01/2008,San Antonio,Non-Tech,Services,3,3.0,4.0,3.0,2,2,5,4,5,4,3,5,5.0,3,2,3,2,0,5,5,4,2,5,0,4,0.0,2.0,5.0,2.0,5,
Company3823,12/30/2011,Philadelphia,Non-Tech,Services,4,5.0,4.0,4.0,2,2,5,3,4,4,1,4,4.0,3,0,2,0,0,1,3,1,2,5,0,0,0.0,0.0,3.0,1.0,5,
Company3824,07/12/2012,Chicago,Non-Tech,Services,2,3.0,3.0,4.0,1,4,5,5,5,5,1,5,5.0,0,0,0,0,0,5,5,1,2,2,0,0,0.0,0.0,2.0,2.0,0,
Company3825,02/27/2013,Los Angeles,Non-Tech,Finance,3,2.0,4.0,4.0,2,1,2,3,4,5,5,5,5.0,0,0,0,0,0,3,3,1,1,2,0,0,0.0,0.0,2.0,2.0,0,
Company3826,10/25/2013,Philadelphia,Non-Tech,Finance,12,7.5,6.0,6.0,4,6,10,6,8,8,10,6,6.0,0,2,0,0,0,2,12,9,1,5,0,0,0.0,0.0,12.5,2.5,0,
Company3827,07/12/2012,San Francisco,Tech,Finance,3,3.0,4.0,3.0,1,3,5,5,5,5,1,5,5.0,0,0,0,0,0,1,2,1,1,1,0,0,0.0,0.0,3.0,2.0,0,
Company3828,06/24/2012,San Jose,Tech,Finance,4,4.0,4.0,4.0,1,3,5,4,5,5,2,5,5.0,0,0,0,3,0,5,5,4,2,5,0,0,3.0,4.0,3.0,1.0,0,
Company3829,07/18/2011,Boston,Non-Tech,Finance,1,2.0,4.0,3.0,1,1,1,5,5,4,3,5,5.0,0,0,0,0,0,1,1,1,1,2,0,0,0.0,0.0,1.0,1.0,2,
Company3830,01/05/2000,Oklahoma City,Non-Tech,Finance,5,5.0,4.0,4.0,1,1,5,4,5,5,4,3,5.0,0,0,0,0,0,3,5,3,4,2,0,0,0.0,0.0,2.0,3.0,0,
Company3831,07/05/1997,Boulder,Non-Tech,Finance,1,2.0,4.0,4.0,2,1,1,4,5,5,3,5,5.0,0,0,0,0,0,1,1,1,1,1,0,0,0.0,0.0,1.0,3.0,0,
Company3832,03/28/2009,Dallas,Non-Tech,Services,12,3.0,6.0,3.0,2,1,1,3,4,5,6,10,5.0,9,4,3,2,3,10,4,2,2,1,5,5,5.0,3.0,2.0,3.0,3,
Company3833,05/06/2013,Austin,Non-Tech,Services,1,5.0,4.0,4.0,1,3,5,5,5,5,1,5,5.0,0,0,0,0,0,5,1,1,2,1,0,0,0.0,0.0,2.0,3.0,0,
Company3834,08/01/2008,San Francisco,Tech,Services,4,3.0,4.0,4.0,2,4,5,4,5,5,2,4,5.0,0,4,0,0,3,4,4,2,4,2,3,4,0.0,5.0,2.0,3.0,5,
Company3835,04/01/2000,Phoenix,Non-Tech,Finance,4,5.0,4.0,4.0,2,2,5,4,4,4,2,4,4.0,0,0,0,0,0,3,6,2,1,5,4,4,0.0,0.0,2.5,3.0,0,
Company3836,06/01/2012,Boulder,Non-Tech,Other,4,3.0,4.0,4.0,2,4,5,4,5,5,3,5,5.0,1,2,4,0,0,5,3,1,2,5,0,4,0.0,5.0,2.0,2.0,0,
Company3837,09/03/2010,Boston,Non-Tech,Finance,4,4.0,4.0,4.0,2,2,5,3,4,5,5,5,5.0,0,0,4,0,4,2,5,5,2,5,0,0,0.0,0.0,4.0,2.0,0,
Company3838,11/04/2011,San Francisco,Tech,Finance,4,5.0,4.0,4.0,2,2,5,4,5,5,2,5,5.0,0,0,0,0,0,3,4,5,5,3,0,0,0.0,0.0,2.0,3.0,0,
Company3839,05/18/2011,Philadelphia,Non-Tech,Services,3,3.0,5.0,4.0,2,2,5,4,4,5,3,5,5.0,0,0,0,4,0,5,1,1,3,4,0,0,4.0,0.0,2.0,3.0,0,
Company3840,07/10/2013,San Francisco,Tech,Finance,5,5.0,3.0,4.0,2,2,5,4,4,5,4,4,5.0,0,0,0,0,0,4,5,1,1,2,0,0,0.0,0.0,3.0,2.0,0,
Company3841,09/28/2008,Atlanta,Non-Tech,Other,3,4.0,4.0,3.0,2,2,5,4,5,5,1,5,5.0,0,0,0,0,0,3,4,1,1,1,0,0,0.0,0.0,1.0,3.0,0,
Company3842,04/22/2008,Milwaukee,Non-Tech,Finance,3,4.0,5.0,3.0,1,4,3,5,4,5,1,4,5.0,0,0,0,0,0,1,2,1,1,1,0,0,0.0,0.0,2.0,3.0,0,
Company3843,12/07/2004,Tucson,Non-Tech,Finance,2,4.0,4.0,4.0,1,3,5,4,5,5,3,5,5.0,0,0,0,0,0,2,1,2,2,1,0,0,0.0,0.0,2.0,2.0,0,
Company3844,08/01/2008,San Francisco,Tech,Finance,5,5.0,4.0,4.0,2,2,5,4,4,5,4,4,4.0,0,0,0,0,0,5,5,1,3,1,0,0,0.0,0.0,4.0,2.0,0,
Company3845,11/05/2011,Omaha,Non-Tech,Finance,1,1.0,4.0,3.0,1,1,1,4,5,5,3,5,5.0,0,0,0,0,0,1,1,1,1,1,0,0,0.0,0.0,2.0,3.0,0,42636000.0
Company3846,08/02/2011,Bellevue,Non-Tech,Finance,3,4.0,4.0,5.0,2,2,5,4,4,4,4,2,4.0,0,4,0,2,3,3,5,5,4,4,5,0,4.0,0.0,3.0,2.0,3,
Company3847,07/10/2004,San Francisco,Tech,Services,2,4.0,5.0,7.5,1,2,2,5,5,5,1,6,5.0,2,0,0,2,4,5,5,3,1,1,0,0,5.0,1.0,1.0,5.0,3,
Company3848,09/19/2009,San Francisco,Tech,Services,3,5.0,4.0,4.0,1,3,5,4,4,4,4,4,5.0,2,4,4,4,5,3,5,2,3,3,1,4,4.0,5.0,3.0,1.0,4,
Company3849,05/01/2013,Milwaukee,Non-Tech,Finance,3,4.0,4.0,3.0,1,3,5,4,5,5,4,5,5.0,0,0,0,0,0,1,1,3,1,1,0,0,0.0,0.0,3.0,3.0,0,
Company3850,04/18/2006,"Washington, D.C.",Non-Tech,Services,5,5.0,4.0,4.0,1,3,5,5,4,5,2,5,5.0,2,0,2,1,1,5,3,2,5,3,2,0,4.0,0.0,3.0,3.0,5,
Company3851,08/11/2010,Denver,Non-Tech,Services,4,5.0,4.0,4.0,2,2,5,4,4,4,5,4,5.0,3,5,5,0,0,3,5,4,2,1,0,4,4.0,0.0,5.0,3.0,0,
Company3852,12/31/1997,San Francisco,Tech,Services,3,5.0,3.0,3.0,4,3,5,5,4,4,2,4,4.0,3,5,4,0,4,4,5,1,4,2,5,2,5.0,3.0,3.0,2.0,4,
Company3853,07/04/2011,San Francisco,Tech,Finance,3,4.0,5.0,4.0,2,5,5,4,5,4,2,5,5.0,0,0,0,0,0,2,1,1,5,2,0,0,0.0,0.0,2.0,3.0,0,
Company3854,10/06/2010,San Francisco,Tech,Services,4,5.0,5.0,4.0,2,2,5,3,5,5,2,5,5.0,3,2,4,0,0,5,5,4,2,4,5,5,5.0,0.0,5.0,2.0,3,
Company3855,05/06/2013,Sacramento,Non-Tech,Services,2,3.0,5.0,4.0,1,2,5,5,5,5,2,5,4.0,0,0,3,0,0,2,4,4,2,1,0,5,0.0,0.0,2.0,3.0,4,
Company3856,10/22/2006,Tucson,Non-Tech,Finance,9,2.0,6.0,4.0,1,6,10,10,10,10,2,10,7.5,0,0,0,0,0,2,6,3,2,5,0,0,0.0,0.0,5.0,7.5,0,
Company3857,08/23/2013,Atlanta,Non-Tech,Finance,3,5.0,4.0,4.0,1,2,5,5,5,5,1,5,7.5,0,0,0,0,5,2,2,1,4,2,0,0,0.0,0.0,2.0,3.0,0,
Company3858,08/25/2006,Chicago,Non-Tech,Finance,4,3.0,4.0,5.0,1,1,5,4,5,5,1,5,5.0,4,2,0,4,3,2,4,1,5,2,3,4,2.0,2.0,1.0,2.0,0,
Company3859,11/29/2007,Houston,Non-Tech,Finance,4,4.5,5.0,4.0,2,6,5,5,10,10,2,5,7.5,0,0,0,0,0,2,5,3,2,3,0,0,0.0,0.0,2.0,3.0,0,
Company3860,09/19/2009,Milwaukee,Non-Tech,Services,3,5.0,4.0,4.0,2,3,5,4,4,5,4,4,5.0,3,4,4,4,4,5,5,2,2,3,5,4,4.0,5.0,3.0,3.0,5,
Company3861,03/07/2010,San Francisco,Tech,Finance,4,5.0,4.0,3.0,5,1,5,4,4,4,1,5,4.0,3,1,0,1,3,3,2,1,2,1,4,0,4.0,2.0,1.0,3.0,3,
Company3862,08/11/2007,San Francisco,Tech,Services,12,7.5,6.0,6.0,2,2,10,8,8,4,3,8,7.5,0,10,5,0,12,25,15,9,3,25,0,4,0.0,0.0,3.0,7.5,0,
Company3863,03/03/2012,San Francisco,Tech,Finance,12,7.5,6.0,4.0,2,2,5,5,8,5,1,8,5.0,0,0,0,0,0,25,15,9,4,10,0,0,0.0,0.0,3.0,3.0,0,
Company3864,07/12/2013,Boulder,Non-Tech,Finance,2,3.0,4.0,4.0,1,1,5,4,5,4,3,5,5.0,0,0,0,0,0,3,4,2,2,1,0,0,0.0,0.0,2.0,2.0,0,
Company3865,10/15/2011,Milwaukee,Non-Tech,Finance,3,4.0,4.0,5.0,2,4,5,5,5,5,2,5,5.0,0,0,0,0,0,4,4,1,1,2,0,0,0.0,0.0,2.0,3.0,0,
Company3866,10/06/2010,San Francisco,Tech,Services,4,5.0,4.0,6.0,4,6,5,5,5,5,1,5,5.0,3,2,4,4,4,2,4,3,3,1,4,5,5.0,0.0,3.0,3.0,3,
Company3867,11/08/2013,San Francisco,Tech,Finance,3,5.0,4.0,4.0,3,5,5,5,4,4,2,4,4.0,0,0,0,0,0,3,4,2,2,3,0,0,0.0,0.0,1.0,3.0,0,
Company3868,06/01/2012,San Francisco,Tech,Services,4,5.0,5.0,4.0,1,4,5,5,5,5,2,5,5.0,1,2,4,1,3,1,3,1,5,2,3,4,2.0,5.0,3.0,3.0,5,
Company3869,11/03/2012,New York,Tech,Services,2,2.0,4.0,5.0,2,1,10,10,5,5,4,5,4.0,0,5,0,3,4,5,15,1,3,1,4,2,1.0,5.0,1.0,3.0,5,
Company3870,06/24/2011,Raleigh,Non-Tech,Finance,2,3.0,6.0,7.5,2,10,1,4,5,5,4,10,5.0,2,0,3,3,4,4,4,2,1,2,0,4,2.0,1.0,1.0,3.0,5,
Company3871,05/24/2007,Boulder,Non-Tech,Services,1,3.0,4.0,5.0,1,1,1,6,4,8,5,6,4.0,0,4,4,2,0,1,2,2,2,1,2,2,2.0,1.0,12.5,3.0,0,
Company3872,01/07/2011,San Francisco,Tech,Finance,2,4.0,4.0,4.0,2,3,5,5,5,5,1,5,5.0,0,0,0,0,0,1,4,1,3,1,10,0,0.0,0.0,3.0,2.0,0,
Company3873,10/23/1999,San Francisco,Tech,Other,4,5.0,5.0,4.0,1,1,1,5,5,4,2,3,4.0,0,5,2,0,4,2,5,3,2,1,0,0,5.0,4.0,4.0,3.0,5,
Company3874,08/27/1999,San Francisco,Tech,Finance,3,4.0,5.0,4.0,2,4,5,5,5,5,5,5,5.0,0,0,0,0,0,1,2,1,1,1,0,0,0.0,0.0,2.0,3.0,0,
Company3875,02/16/2007,San Francisco,Tech,Finance,3,5.0,4.0,4.0,1,2,5,5,5,5,1,4,3.0,0,0,0,0,0,1,2,1,4,2,0,0,0.0,0.0,5.0,2.0,0,
Company3876,04/09/2011,San Francisco,Tech,Services,12,7.5,4.5,6.0,4,4,10,4,8,8,10,6,6.0,0,0,15,0,0,3,12,9,1,5,0,6,7.5,0.0,5.0,5.0,20,
Company3877,04/01/2000,San Francisco,Tech,Finance,4,4.0,4.0,4.0,2,2,5,5,4,5,1,4,5.0,0,0,0,0,0,3,5,1,3,1,0,0,0.0,0.0,1.0,3.0,0,
Company3878,11/03/2012,San Diego,Non-Tech,Services,2,2.0,3.0,5.0,3,3,1,4,5,5,4,4,5.0,0,8,0,3,4,5,3,1,1,1,0,4,1.0,0.0,4.0,3.0,5,
Company3879,04/18/2008,Seattle,Non-Tech,Finance,3,4.0,4.0,4.0,2,2,5,5,5,5,1,5,5.0,0,0,0,0,0,2,2,1,2,1,0,0,0.0,0.0,7.5,3.0,0,
Company3880,12/12/2011,New York,Tech,Finance,3,4.0,5.0,3.0,1,2,5,5,10,10,8,5,5.0,0,0,0,0,0,2,2,12,1,1,0,0,0.0,0.0,3.0,3.0,0,
Company3881,04/26/2013,San Francisco,Tech,Finance,3,2.0,4.0,3.0,1,2,5,4,5,5,2,4,5.0,0,0,0,0,0,2,4,1,1,1,0,0,0.0,0.0,2.0,3.0,0,
Company3882,01/14/2011,Pittsburgh,Non-Tech,Services,4,7.5,6.0,6.0,2,4,10,10,10,10,3,10,7.5,9,1,12,12,12,25,15,3,1,25,6,8,7.5,2.0,10.0,7.5,20,
Company3883,04/28/2012,New York,Tech,Services,15,7.5,4.5,6.0,2,2,10,4,4,8,6,8,6.0,3,4,12,3,3,25,15,3,3,10,2,4,7.5,12.5,4.0,2.0,15,
Company3884,04/21/2007,Philadelphia,Non-Tech,Finance,3,5.0,4.0,4.0,2,2,5,4,4,4,5,5,4.0,0,0,0,0,0,4,5,2,3,1,0,0,0.0,0.0,3.0,2.0,0,
Company3885,12/12/2011,Boulder,Non-Tech,Finance,9,4.5,6.0,7.5,6,4,10,2,10,10,8,10,7.5,0,0,0,0,0,25,15,12,2,15,10,0,0.0,0.0,5.0,7.5,5,
Company3886,05/01/2012,Louisville,Non-Tech,Finance,5,4.0,4.0,5.0,2,2,5,5,4,5,3,3,5.0,0,0,0,0,0,5,5,2,5,3,0,0,0.0,0.0,5.0,0.0,0,
Company3887,09/01/2009,San Francisco,Tech,Finance,4,5.0,3.0,5.0,2,2,5,4,4,5,4,4,5.0,0,0,0,0,0,2,1,1,1,1,0,0,0.0,0.0,3.0,3.0,0,63632000.0
Company3888,12/31/1997,New York,Tech,Finance,3,5.0,4.0,5.0,4,3,5,5,4,4,3,4,4.0,0,5,5,3,4,5,5,2,3,2,3,3,3.0,0.0,3.0,3.0,0,
Company3889,05/02/2013,San Francisco,Tech,Finance,2,2.0,4.0,3.0,1,2,5,5,5,5,2,5,5.0,0,0,0,0,0,2,4,1,2,1,0,0,0.0,0.0,2.0,3.0,0,
Company3890,01/17/2012,New York,Tech,Finance,2,3.0,6.0,4.0,2,2,5,10,5,10,4,5,5.0,3,3,4,3,4,20,15,3,3,3,1,3,3.0,2.5,2.0,7.5,3,
Company3891,11/16/2012,Denver,Non-Tech,Services,9,2.0,4.5,6.0,4,6,10,10,5,10,2,10,7.5,0,0,0,0,0,10,4,6,2,15,0,0,0.0,0.0,7.5,5.0,0,
Company3892,10/12/2006,San Jose,Tech,Finance,4,5.0,4.0,4.0,2,3,5,4,4,5,5,4,5.0,0,0,0,0,0,3,2,2,1,1,0,0,0.0,0.0,3.0,3.0,0,92628000.0
Company3893,09/13/1999,Boston,Non-Tech,Finance,3,4.0,4.0,4.0,2,2,5,5,5,5,1,5,5.0,3,0,4,0,4,2,5,1,2,1,0,0,0.0,0.0,5.0,3.0,5,
Company3894,10/28/2012,San Francisco,Tech,Finance,4,5.0,4.0,3.0,1,3,5,5,5,5,4,5,5.0,0,0,0,0,0,3,4,3,5,3,5,0,0.0,0.0,5.0,3.0,0,
Company3895,11/25/2008,San Francisco,Tech,Services,4,5.0,4.0,4.0,2,3,5,4,5,5,3,5,5.0,3,4,4,5,5,4,5,1,5,4,4,4,4.0,5.0,3.0,2.0,5,
Company3896,10/23/2004,San Francisco,Tech,Finance,3,4.0,4.0,4.0,2,2,5,5,5,5,1,5,5.0,0,0,0,0,0,2,1,1,3,1,0,0,0.0,0.0,1.0,3.0,0,
Company3897,03/29/2013,San Francisco,Tech,Finance,4,5.0,4.0,5.0,1,4,5,5,5,5,2,5,5.0,0,0,0,0,0,3,3,1,4,1,0,4,0.0,5.0,3.0,3.0,0,
Company3898,07/14/2000,San Antonio,Non-Tech,Finance,4,2.0,4.0,5.0,2,2,5,4,4,5,4,4,5.0,0,0,0,1,0,3,4,1,1,1,1,0,0.0,5.0,3.0,2.0,0,
Company3899,03/05/2012,San Francisco,Tech,Services,6,6.0,4.0,7.5,6,4,5,5,5,10,4,10,7.5,0,0,0,0,0,25,6,1,3,5,0,0,0.0,0.0,2.5,7.5,0,
Company3900,12/18/1998,San Francisco,Tech,Finance,4,5.0,4.0,4.0,2,2,5,4,5,4,3,5,4.0,2,3,2,0,0,5,5,4,5,2,0,4,0.0,0.0,5.0,1.0,0,
Company3901,09/26/2006,Seattle,Non-Tech,Services,4,5.0,4.0,4.0,1,2,10,10,4,5,4,4,5.0,5,4,4,3,3,3,5,4,5,5,4,4,4.0,2.5,4.0,1.0,0,
Company3902,09/04/2009,Pittsburgh,Non-Tech,Services,4,4.0,4.0,5.0,2,2,5,2,4,5,5,4,5.0,0,0,2,2,0,5,5,3,5,4,0,0,1.0,0.0,5.0,0.0,0,
Company3903,01/03/2013,New York,Tech,Finance,4,3.0,4.0,3.0,1,2,5,5,5,5,2,4,5.0,0,0,0,0,0,1,4,1,1,4,0,0,0.0,0.0,1.0,3.0,0,
Company3904,09/01/2001,San Francisco,Tech,Finance,3,4.0,4.0,4.0,1,5,5,5,5,5,1,5,5.0,1,0,0,0,0,1,3,1,2,1,0,0,0.0,2.0,2.0,3.0,0,
Company3905,03/03/2012,San Francisco,Tech,Services,12,7.5,6.0,5.0,2,3,5,5,5,5,8,5,6.0,0,0,0,0,0,15,1,6,3,10,0,1,2.0,0.0,2.0,3.0,0,
Company3906,04/17/2009,Memphis,Non-Tech,Finance,1,5.0,3.0,4.0,2,2,5,5,4,5,2,4,5.0,0,0,0,0,0,5,3,1,2,1,0,0,0.0,0.0,2.0,2.0,0,
Company3907,04/01/2000,San Jose,Tech,Finance,4,5.0,4.0,4.0,2,2,5,4,10,5,4,10,4.0,0,0,0,0,0,3,5,2,3,2,0,0,0.0,0.0,3.0,3.0,0,
Company3908,11/19/2009,Pittsburgh,Non-Tech,Services,3,4.0,4.5,4.5,4,2,6,5,10,10,1,10,7.5,0,0,0,0,0,5,3,3,1,5,0,0,0.0,0.0,2.5,7.5,0,
Company3909,12/20/2003,Los Angeles,Non-Tech,Finance,3,4.0,4.0,4.0,2,2,5,4,4,5,4,4,5.0,0,0,0,0,0,5,5,4,2,1,0,0,0.0,0.0,4.0,3.0,0,
Company3910,11/27/2008,San Francisco,Tech,Finance,4,5.0,5.0,5.0,1,5,5,4,4,4,3,3,4.0,0,0,0,0,0,5,5,2,5,2,0,0,0.0,0.0,5.0,3.0,0,
Company3911,04/03/2010,Philadelphia,Non-Tech,Finance,1,2.0,4.0,4.0,2,1,1,3,4,5,1,4,5.0,0,0,0,0,0,1,1,4,1,1,0,0,0.0,0.0,1.0,3.0,0,
Company3912,02/01/2012,Boise,Non-Tech,Services,15,3.0,4.5,6.0,4,4,5,8,10,10,4,5,5.0,15,2,12,3,12,20,15,3,4,3,10,6,1.0,7.5,5.0,7.5,20,
Company3913,11/17/2009,New York,Tech,Finance,5,5.0,4.0,4.0,2,2,5,3,5,4,5,3,4.0,0,0,0,0,0,4,5,1,1,1,0,0,0.0,0.0,2.0,2.0,0,
Company3914,05/29/2013,San Francisco,Tech,Finance,5,5.0,4.0,4.0,2,2,5,5,5,4,2,5,4.0,0,0,0,0,0,3,1,1,2,1,0,0,0.0,0.0,3.0,3.0,0,
Company3915,08/23/2013,Seattle,Non-Tech,Services,4,5.0,4.0,4.0,2,2,10,5,8,4,1,4,4.0,3,2,4,0,3,4,5,3,2,15,0,4,3.0,5.0,3.0,3.0,5,
Company3916,11/16/2012,Denver,Non-Tech,Finance,6,6.0,6.0,7.5,2,10,10,10,5,10,4,5,7.5,0,0,0,0,0,3,6,1,1,5,0,0,0.0,0.0,2.0,3.0,0,
Company3917,08/13/2009,Kansas City,Non-Tech,Finance,4,5.0,4.0,5.0,1,5,5,4,5,5,1,3,5.0,0,0,0,0,0,5,5,5,5,1,0,0,0.0,0.0,1.0,0.0,0,
Company3918,07/10/2004,Boulder,Non-Tech,Finance,9,5.0,5.0,7.5,6,2,5,8,4,10,6,10,7.5,1,2,0,2,0,2,5,3,1,10,0,0,3.0,1.0,2.5,7.5,0,
Company3919,06/09/2007,San Diego,Non-Tech,Finance,3,3.0,4.0,3.0,2,2,5,5,5,5,2,5,5.0,0,0,0,0,0,4,4,1,1,3,0,0,0.0,0.0,2.0,2.0,0,
Company3920,03/30/2002,Houston,Non-Tech,Finance,2,5.0,5.0,4.0,1,4,5,5,5,5,2,5,5.0,0,0,0,0,0,3,1,1,4,1,0,0,0.0,0.0,3.0,3.0,0,
Company3921,04/04/2008,San Diego,Non-Tech,Finance,3,3.0,6.0,3.0,2,4,5,8,5,5,6,5,5.0,5,0,2,0,1,20,15,3,2,25,10,0,0.0,7.5,2.0,3.0,3,
Company3922,08/30/2013,San Antonio,Non-Tech,Services,4,5.0,4.0,4.0,2,2,5,3,4,5,3,5,4.0,0,0,5,0,0,3,5,4,5,5,3,4,0.0,1.0,4.0,1.0,0,
Company3923,09/06/1996,New York,Tech,Services,4,5.0,4.0,4.0,2,2,5,4,4,5,4,4,4.0,3,5,5,3,4,3,5,3,5,2,3,3,3.0,1.0,4.0,3.0,3,
Company3924,08/19/2006,Miami,Non-Tech,Finance,6,4.5,6.0,7.5,6,4,10,4,4,10,8,10,7.5,0,0,0,0,0,25,5,6,2,15,0,0,0.0,0.0,5.0,7.5,0,
Company3925,02/02/2012,Boulder,Non-Tech,Finance,6,6.0,6.0,4.5,2,8,10,10,10,8,4,10,6.0,0,0,0,0,0,5,15,3,2,5,0,0,0.0,0.0,5.0,7.5,0,37529000.0
Company3926,03/03/2012,San Francisco,Tech,Services,12,7.5,6.0,6.0,4,6,10,5,8,8,8,8,6.0,1,0,0,0,4,2,15,1,3,1,0,0,0.0,0.0,7.5,5.0,0,
Company3927,06/05/2012,Portland,Non-Tech,Services,3,4.0,5.0,3.0,1,2,2,5,5,5,1,5,5.0,0,0,0,0,0,3,1,1,1,1,0,0,0.0,0.0,1.0,3.0,0,
Company3928,06/05/1999,Milwaukee,Non-Tech,Services,2,4.0,5.0,4.0,1,1,3,4,4,4,4,2,3.0,0,0,0,0,0,1,2,2,1,1,0,0,0.0,0.0,2.0,3.0,0,46519000.0
Company3929,09/15/2006,Detroit,Non-Tech,Services,9,6.0,5.0,6.0,4,2,5,8,10,10,6,5,7.5,9,1,0,1,0,5,5,4,4,5,10,1,12.5,2.0,4.0,5.0,3,
Company3930,01/26/2012,San Francisco,Tech,Services,5,3.0,6.0,7.5,2,2,10,8,4,4,5,3,4.0,6,0,0,3,0,25,12,1,1,10,0,0,2.5,2.5,4.0,7.5,15,
Company3931,12/20/1997,Detroit,Non-Tech,Services,4,5.0,4.0,4.0,2,2,5,4,5,5,3,5,5.0,4,4,5,5,5,5,5,2,4,4,0,5,5.0,1.0,2.0,3.0,4,
Company3932,12/03/2012,Chicago,Non-Tech,Finance,3,3.0,4.0,4.0,2,3,5,4,5,5,4,5,5.0,3,4,4,1,4,4,5,2,3,4,4,4,4.0,0.0,3.0,2.0,5,
Company3933,08/08/2013,New York,Tech,Finance,9,6.0,4.0,3.0,4,2,5,10,5,5,5,10,7.5,0,0,0,0,0,10,3,2,1,5,0,0,0.0,0.0,5.0,7.5,0,
Company3934,06/01/2012,Minneapolis,Non-Tech,Services,3,2.0,4.0,4.0,2,3,5,8,4,5,6,4,5.0,0,0,0,0,0,3,5,1,1,3,0,0,0.0,0.0,2.0,3.0,0,
Company3935,06/30/2001,San Francisco,Tech,Finance,4,4.0,4.0,6.0,4,5,5,8,5,4,6,5,4.0,3,4,0,3,0,3,1,2,1,1,0,0,0.0,0.0,2.0,7.5,0,
Company3936,01/07/2011,Los Angeles,Non-Tech,Services,2,3.0,4.0,4.0,2,3,5,5,5,5,1,5,5.0,0,0,0,0,0,1,4,1,3,1,0,0,0.0,0.0,3.0,2.0,0,
Company3937,01/17/2012,Palo Alto,Non-Tech,Services,12,7.5,6.0,6.0,4,2,10,10,10,10,4,10,7.5,9,4,12,3,12,20,5,3,3,3,2,2,2.5,2.5,5.0,7.5,25,
Company3938,04/14/2010,San Francisco,Tech,Finance,4,5.0,4.0,4.0,1,4,5,5,4,4,1,4,4.0,0,0,0,0,0,2,4,1,1,1,0,0,0.0,0.0,2.0,3.0,0,
Company3939,03/18/2007,San Francisco,Tech,Services,3,5.0,4.0,4.0,1,2,5,5,5,4,2,5,5.0,3,5,5,3,4,3,5,3,1,4,5,4,3.0,5.0,2.0,3.0,5,
Company3940,07/28/2000,Boulder,Non-Tech,Other,5,5.0,4.0,5.0,2,4,5,5,4,4,5,5,4.0,0,0,0,2,0,5,1,3,5,3,0,3,0.0,0.0,5.0,3.0,3,
Company3941,05/05/2007,San Francisco,Tech,Finance,2,3.0,4.0,4.0,1,2,5,4,5,5,3,4,5.0,0,0,0,0,0,2,5,1,5,3,0,0,0.0,0.0,4.0,2.0,0,
Company3942,09/26/2009,Boulder,Non-Tech,Services,3,5.0,4.0,4.0,2,3,1,4,5,5,1,5,5.0,0,0,0,0,0,1,1,1,1,1,0,0,0.0,0.0,2.0,3.0,0,
Company3943,09/15/2011,Boise,Non-Tech,Services,4,5.0,3.0,4.0,2,4,5,5,5,5,1,5,5.0,0,0,0,15,0,1,15,1,3,5,0,0,0.0,0.0,3.0,3.0,0,
Company3944,06/13/2009,San Francisco,Tech,Services,3,5.0,5.0,4.0,1,3,5,5,4,4,2,3,4.0,4,5,0,5,5,5,5,5,5,5,5,5,5.0,3.0,5.0,1.0,5,
Company3945,07/31/2013,San Francisco,Tech,Finance,2,7.5,4.0,4.0,2,2,5,4,10,5,3,5,7.5,0,8,0,0,12,5,15,3,5,4,0,10,12.5,0.0,2.0,10.0,0,
Company3946,12/20/2003,San Francisco,Tech,Services,6,5.0,4.0,4.0,2,4,5,3,4,5,5,4,7.5,4,3,4,5,0,2,5,3,1,5,3,5,5.0,3.0,4.0,2.0,0,
Company3947,07/05/1997,San Francisco,Tech,Finance,1,2.0,4.0,4.0,2,1,1,8,5,5,4,5,5.0,0,0,0,0,0,1,1,1,1,1,0,0,0.0,0.0,1.0,3.0,0,
Company3948,04/22/2010,San Francisco,Tech,Finance,4,5.0,4.0,5.0,2,5,5,4,4,5,2,4,5.0,0,0,0,0,0,5,5,3,3,2,0,0,0.0,0.0,4.0,3.0,0,
Company3949,03/29/2013,New York,Tech,Finance,6,5.0,4.0,7.5,1,4,5,5,5,10,4,6,5.0,0,0,6,0,0,5,3,1,4,5,0,0,0.0,0.0,3.0,7.5,0,
Company3950,12/17/2010,Austin,Non-Tech,Services,3,3.0,4.0,3.0,2,2,5,4,5,4,3,5,5.0,0,2,3,1,3,5,5,1,2,5,1,1,1.0,1.0,2.0,3.0,0,
Company3951,09/14/2009,San Francisco,Tech,Finance,12,4.5,3.0,6.0,4,2,6,10,10,10,6,4,7.5,12,0,0,0,0,25,6,3,1,10,0,0,0.0,0.0,10.0,7.5,0,
Company3952,08/27/1999,New York,Tech,Finance,2,2.0,4.0,4.0,2,1,5,5,5,5,2,3,4.0,1,1,0,1,0,1,4,1,1,1,1,0,1.0,5.0,2.0,3.0,0,
Company3953,11/13/2009,San Jose,Tech,Finance,3,4.0,3.0,5.0,3,1,5,5,5,5,1,5,5.0,0,0,0,0,0,4,1,1,1,1,0,0,0.0,0.0,2.0,3.0,0,
Company3954,11/14/2012,San Francisco,Tech,Finance,4,5.0,4.0,4.0,2,2,5,4,5,4,3,5,5.0,0,0,4,3,4,4,5,1,5,5,2,2,2.0,3.0,5.0,5.0,5,
Company3955,05/18/1998,Los Angeles,Non-Tech,Services,6,4.5,6.0,6.0,2,4,10,2,8,8,10,6,5.0,15,10,15,0,12,1,15,6,3,20,8,10,10.0,2.5,7.5,5.0,20,
Company3956,08/02/2011,Baltimore,Non-Tech,Finance,3,4.0,4.0,4.0,2,1,5,4,5,5,4,4,5.0,0,0,0,0,0,5,5,3,1,4,0,0,0.0,0.0,2.0,3.0,0,
Company3957,06/01/2012,Minneapolis,Non-Tech,Finance,2,3.0,4.0,4.0,2,4,3,5,5,5,1,5,5.0,1,0,0,1,0,4,3,1,1,2,2,4,4.0,0.0,1.0,3.0,0,
Company3958,08/03/2012,San Jose,Tech,Finance,4,5.0,4.0,5.0,2,2,5,4,4,5,3,5,5.0,0,0,4,0,0,4,2,1,2,3,5,4,0.0,0.0,4.0,2.0,5,
Company3959,12/02/2007,Seattle,Non-Tech,Finance,12,7.5,3.0,5.0,4,3,10,8,5,8,3,3,6.0,0,0,0,0,0,1,15,15,1,5,0,0,0.0,0.0,2.0,2.5,0,
Company3960,07/12/2012,Chicago,Non-Tech,Finance,2,3.0,4.0,3.0,1,4,5,5,5,5,2,5,5.0,0,0,0,0,0,5,2,1,1,1,0,0,0.0,0.0,3.0,2.0,0,
Company3961,10/17/1995,Palo Alto,Non-Tech,Services,2,5.0,4.0,5.0,2,2,5,4,4,5,4,3,5.0,3,4,3,1,4,3,5,3,5,3,5,5,5.0,2.0,5.0,2.0,2,
Company3962,04/12/2013,San Jose,Tech,Services,1,1.0,5.0,4.0,1,4,1,4,5,5,3,4,5.0,0,4,0,0,3,2,3,2,1,1,3,0,3.0,5.0,2.0,3.0,4,
Company3963,09/04/2009,San Jose,Tech,Services,4,7.5,4.0,5.0,4,2,5,8,8,5,8,2,5.0,3,0,0,2,4,5,15,5,3,5,1,1,1.0,0.0,7.5,1.0,5,
Company3964,01/05/2000,San Francisco,Tech,Finance,5,5.0,4.0,4.0,2,2,5,5,4,4,1,5,5.0,0,0,0,0,0,3,5,1,3,2,0,0,0.0,0.0,3.0,3.0,0,
Company3965,10/15/2012,San Francisco,Tech,Finance,3,3.0,4.0,4.0,2,2,5,4,5,5,3,3,5.0,0,0,0,0,0,3,5,2,1,2,0,0,0.0,0.0,2.0,3.0,0,
Company3966,11/19/2009,San Francisco,Tech,Services,3,5.0,4.5,4.5,4,2,2,10,5,5,4,5,7.5,0,0,0,0,0,1,5,3,1,1,0,0,0.0,0.0,2.5,7.5,0,
Company3967,03/03/2012,San Jose,Tech,Services,2,7.5,4.0,4.0,2,3,5,5,8,5,2,5,6.0,3,0,4,0,0,5,5,2,2,3,0,4,0.0,0.0,4.0,3.0,5,
Company3968,04/18/2006,San Jose,Tech,Services,1,2.0,4.0,4.0,1,5,5,4,5,5,4,5,5.0,2,0,2,1,1,1,3,1,4,2,2,1,4.0,5.0,3.0,3.0,4,
Company3969,06/09/2007,Boulder,Non-Tech,Finance,1,3.0,4.0,3.0,2,2,5,5,5,5,2,5,5.0,0,0,0,0,0,1,3,1,1,1,0,0,0.0,0.0,2.0,3.0,0,
Company3970,12/18/1998,Mountain View,Non-Tech,Services,3,5.0,4.0,4.0,2,2,5,4,4,5,4,4,3.0,0,0,2,0,5,3,5,2,5,4,1,0,1.0,2.0,5.0,1.0,4,
Company3971,08/11/2007,San Francisco,Tech,Services,5,5.0,4.0,4.0,2,2,5,4,4,4,3,4,4.0,4,2,4,5,4,4,5,1,3,2,5,4,4.0,5.0,3.0,3.0,5,
Company3972,11/05/2008,Boulder,Non-Tech,Finance,2,2.0,4.0,2.0,2,1,4,5,5,5,3,5,5.0,1,0,0,0,3,1,2,2,2,3,0,0,0.0,3.0,1.0,3.0,1,
Company3973,11/19/2009,San Francisco,Tech,Services,3,1.5,4.5,4.5,4,2,5,10,10,10,4,10,7.5,0,0,2,0,1,5,3,3,1,5,0,0,0.0,5.0,2.5,7.5,0,
Company3974,09/09/2010,San Francisco,Tech,Finance,3,4.0,6.0,4.0,2,4,5,5,5,5,2,4,5.0,0,0,0,0,0,25,15,1,1,1,0,0,0.0,0.0,1.0,3.0,0,
Company3975,05/05/2007,Milwaukee,Non-Tech,Finance,2,6.0,4.0,4.0,1,2,5,4,4,5,3,4,5.0,0,0,0,0,0,2,2,6,1,3,0,0,0.0,0.0,5.0,7.5,0,
Company3976,08/11/2010,Atlanta,Non-Tech,Services,2,5.0,4.0,3.0,2,5,10,5,5,4,2,5,5.0,3,5,0,4,4,2,1,3,2,1,0,5,0.0,4.0,2.0,3.0,5,
Company3977,12/31/1997,San Francisco,Tech,Services,5,5.0,4.0,4.0,2,2,5,4,4,4,4,3,4.0,0,4,0,3,0,3,5,1,1,1,0,0,0.0,0.0,3.0,3.0,0,
Company3978,09/09/2005,Detroit,Non-Tech,Services,4,6.0,5.0,5.0,1,5,5,4,4,4,3,3,4.0,3,4,5,5,4,4,5,5,3,4,5,4,5.0,3.0,3.0,3.0,0,
Company3979,06/23/2009,Houston,Non-Tech,Services,2,3.0,4.0,3.0,2,2,5,4,5,5,4,5,5.0,0,0,3,1,4,2,5,3,2,3,2,5,5.0,0.0,3.0,3.0,0,
Company3980,01/07/2000,San Francisco,Tech,Finance,3,5.0,4.0,4.0,2,5,5,4,5,4,3,5,4.0,0,0,0,0,0,1,4,1,1,1,0,0,0.0,0.0,2.0,2.0,0,196969000.0
Company3981,02/28/2013,New York,Tech,Services,2,2.0,4.0,4.0,2,1,5,4,5,5,3,5,5.0,0,0,0,0,0,3,4,1,2,2,0,0,0.0,0.0,1.0,3.0,0,17346000.0
Company3982,06/23/2009,New York,Tech,Finance,12,5.0,4.0,5.0,2,4,5,5,5,5,2,5,7.5,0,0,0,0,0,20,3,6,4,10,0,0,5.0,0.0,5.0,3.0,0,
Company3983,08/08/2013,San Francisco,Tech,Finance,12,7.5,6.0,6.0,2,8,10,10,8,8,4,8,6.0,0,0,0,0,0,15,9,3,3,5,0,0,0.0,0.0,5.0,7.5,0,34262000.0
Company3984,11/05/2008,Durham,Non-Tech,Services,2,4.0,4.0,5.0,2,1,5,4,5,5,3,5,5.0,0,0,3,1,0,5,5,2,2,3,2,5,3.0,0.0,1.0,2.0,3,
Company3985,09/09/2005,Chicago,Non-Tech,Services,4,3.0,5.0,5.0,1,2,5,4,4,5,3,5,5.0,0,0,0,0,0,2,3,1,2,4,0,0,0.0,0.0,1.0,3.0,3,
Company3986,09/10/1998,San Francisco,Tech,Other,5,4.0,4.0,4.0,2,2,5,5,5,4,2,3,4.0,0,0,0,0,0,5,5,1,3,3,0,0,0.0,0.0,4.0,1.0,0,
Company3987,02/21/2013,San Francisco,Tech,Services,3,4.0,4.0,4.0,1,2,5,4,5,5,2,5,5.0,0,0,5,0,0,2,5,1,1,1,0,0,0.0,0.0,1.0,3.0,0,
Company3988,03/16/2007,Chicago,Non-Tech,Finance,4,4.0,2.0,4.0,3,1,5,4,4,5,3,4,5.0,0,0,0,0,0,4,2,2,1,5,0,0,0.0,0.0,2.0,3.0,0,
Company3989,12/02/2008,Chicago,Non-Tech,Finance,3,4.0,5.0,3.0,1,3,5,5,5,5,2,4,5.0,0,0,0,0,0,2,2,2,1,1,0,0,0.0,0.0,3.0,3.0,0,
Company3990,04/26/2013,Phoenix,Non-Tech,Finance,3,4.0,3.0,4.0,2,2,5,5,5,5,5,5,5.0,0,0,0,0,0,3,5,1,1,1,0,0,0.0,0.0,2.0,3.0,5,
Company3991,03/17/2007,San Jose,Tech,Finance,5,5.0,4.0,5.0,2,2,5,5,4,5,4,4,4.0,0,0,0,0,3,5,5,1,3,5,0,3,0.0,1.0,2.0,2.0,2,
Company3992,12/23/2012,Austin,Non-Tech,Services,2,2.0,3.0,5.0,2,1,4,4,4,5,3,4,4.0,0,0,0,0,0,3,4,1,1,2,0,0,0.0,0.0,1.0,3.0,0,
Company3993,11/26/2009,San Francisco,Tech,Finance,3,5.0,4.0,4.0,2,3,5,5,5,4,2,5,5.0,3,4,5,0,4,5,5,1,3,2,0,4,0.0,0.0,2.0,3.0,0,
Company3994,08/26/2000,Los Angeles,Non-Tech,Other,4,5.0,5.0,4.0,2,5,5,4,4,5,3,4,5.0,0,0,0,0,0,5,5,1,4,1,0,2,0.0,0.0,5.0,3.0,0,
Company3995,05/18/2011,San Jose,Tech,Finance,3,3.0,5.0,4.0,2,2,5,4,5,5,3,5,5.0,0,0,0,0,0,5,4,2,3,4,0,0,0.0,0.0,2.0,3.0,0,
Company3996,04/21/2007,Oklahoma City,Non-Tech,Services,12,5.0,4.0,4.0,2,1,5,4,10,5,4,5,4.0,0,0,12,3,0,3,5,3,2,1,4,2,0.0,0.0,3.0,5.0,25,
Company3997,06/29/1997,San Francisco,Tech,Finance,2,5.0,5.0,4.0,1,5,2,3,4,5,5,5,5.0,0,0,5,0,4,2,5,1,1,1,0,0,0.0,0.0,1.0,3.0,0,
Company3998,08/20/2004,San Francisco,Tech,Services,4,5.0,5.0,3.0,1,5,5,5,5,5,2,5,5.0,1,2,4,1,3,4,5,4,5,2,1,2,2.0,2.0,4.0,2.0,5,
Company3999,03/19/2012,New York,Tech,Finance,3,4.0,6.0,7.5,1,4,10,2,5,5,10,2,5.0,9,8,0,15,0,25,4,2,1,3,10,10,0.0,0.0,7.5,2.5,0,
Company4000,09/03/2010,Atlanta,Non-Tech,Finance,3,5.0,4.0,4.0,2,2,5,4,4,4,5,5,5.0,4,0,3,5,4,5,4,1,4,3,0,2,0.0,0.0,5.0,2.0,5,
